#{"env_id": "GopherNoFrameskip-v4", "t_start": 1537907343.0276544}
r,l,t
440.0,922,4.467021
580.0,1137,7.296831
380.0,966,10.301395
320.0,968,13.154823
180.0,752,15.646975
1200.0,1823,21.973354
260.0,741,23.934071
760.0,1409,27.432515
320.0,1017,30.841176
160.0,867,36.1657
380.0,688,40.716599
680.0,1518,51.467028
360.0,1143,59.514408
0.0,614,63.699349
240.0,1280,72.355683
180.0,796,77.718414
240.0,773,82.963854
100.0,709,87.927278
700.0,1158,96.021678
0.0,664,100.566649
420.0,994,107.40346
440.0,1050,114.682348
340.0,1006,121.832987
380.0,744,126.828994
240.0,814,132.318647
420.0,1086,139.748405
580.0,911,145.952998
80.0,715,150.773854
200.0,810,156.293905
700.0,1400,165.82243
400.0,928,172.204725
380.0,833,177.808144
240.0,1028,184.874708
700.0,1065,192.405608
340.0,825,198.241769
500.0,1027,205.59965
440.0,1077,212.865505
60.0,747,217.959721
1220.0,1236,227.276341
240.0,729,233.698503
1380.0,1746,252.596851
160.0,630,257.780579
560.0,1399,269.622415
600.0,1460,285.961169
760.0,1108,300.745243
980.0,1276,317.992192
80.0,499,324.608599
920.0,1085,339.239809
120.0,568,346.640668
520.0,1025,360.015469
340.0,1226,376.797783
80.0,718,386.2621
260.0,905,398.595805
420.0,1101,413.433095
80.0,725,424.042637
180.0,542,431.664673
240.0,681,441.961395
100.0,385,447.435724
80.0,503,454.892388
560.0,1442,476.595154
660.0,1274,495.037116
620.0,1131,511.635157
160.0,841,524.23921
360.0,737,535.177916
260.0,749,544.925845
160.0,545,553.030651
760.0,1295,572.357216
660.0,1048,587.6381
440.0,750,597.362252
700.0,1482,617.3309
180.0,729,624.584947
240.0,662,630.824707
460.0,947,641.887508
520.0,891,654.945322
560.0,955,669.789669
320.0,1019,684.607113
220.0,759,695.70404
200.0,892,707.923963
400.0,1011,722.310392
260.0,728,732.153819
260.0,1065,746.617894
340.0,1136,762.14102
200.0,1133,777.581884
80.0,640,786.785095
140.0,659,795.480593
140.0,750,805.265791
620.0,1143,821.572018
280.0,824,832.735714
180.0,776,843.640795
800.0,1330,862.537146
700.0,1176,878.151029
60.0,492,884.990991
240.0,722,894.75602
360.0,829,905.397959
740.0,1127,921.269898
480.0,886,933.54188
820.0,1287,951.568907
260.0,696,960.152194
700.0,1160,974.570411
160.0,508,983.235287
560.0,1028,999.105669
780.0,1591,1022.386534
940.0,1155,1038.232417
1060.0,1484,1059.497077
700.0,1145,1076.457335
1140.0,1314,1094.936713
860.0,1258,1111.922104
120.0,594,1120.171061
540.0,1145,1136.525655
280.0,774,1147.374635
1420.0,1340,1165.707846
700.0,1418,1185.545353
540.0,998,1199.255722
340.0,644,1207.852998
320.0,920,1221.085041
780.0,1134,1236.539541
1680.0,1656,1260.257682
760.0,1194,1276.778757
340.0,843,1288.940444
120.0,825,1300.237313
560.0,954,1313.393206
340.0,879,1325.225189
880.0,1142,1341.966477
320.0,1267,1359.76839
620.0,1197,1377.365981
440.0,1164,1394.73501
240.0,702,1404.074387
260.0,899,1416.963838
1200.0,1514,1438.019153
300.0,879,1450.30051
240.0,828,1462.130083
580.0,1071,1477.176362
360.0,979,1490.722902
1340.0,1662,1514.222664
600.0,1016,1527.309733
740.0,1360,1546.490772
960.0,1366,1565.288371
280.0,942,1579.402875
180.0,650,1588.410754
780.0,1165,1605.375487
540.0,1034,1619.514811
480.0,923,1632.244451
80.0,670,1641.361253
1340.0,1522,1661.825653
640.0,957,1675.139174
480.0,820,1687.106866
840.0,1250,1703.801415
760.0,1268,1720.895216
640.0,1248,1738.685165
80.0,776,1749.304968
560.0,795,1760.084803
120.0,617,1768.882987
600.0,1073,1783.925547
600.0,929,1797.294305
820.0,1646,1818.616261
840.0,1434,1839.021649
420.0,815,1849.82462
180.0,764,1859.908009
560.0,935,1872.139523
840.0,1039,1886.375351
740.0,1306,1903.011314
700.0,1099,1917.886749
620.0,1285,1936.25453
600.0,889,1948.67023
320.0,789,1959.728711
1000.0,1249,1977.811536
160.0,664,1985.639167
40.0,482,1990.841654
600.0,1031,2001.872757
480.0,603,2008.26419
500.0,1085,2020.034359
760.0,999,2030.73222
460.0,940,2040.985441
0.0,609,2047.571411
320.0,814,2056.349465
500.0,849,2065.564147
240.0,634,2072.453293
540.0,880,2081.987239
660.0,1399,2097.051478
220.0,727,2104.959835
280.0,832,2113.910488
480.0,1261,2127.556165
500.0,1174,2140.324183
1140.0,1344,2157.170321
340.0,823,2167.859201
400.0,859,2179.156319
80.0,573,2185.520263
100.0,554,2192.937723
520.0,1050,2205.959271
540.0,1014,2219.856822
260.0,963,2232.316944
500.0,1269,2248.256953
660.0,973,2260.028234
440.0,887,2270.392526
560.0,1334,2288.002223
160.0,753,2297.244349
760.0,1223,2312.762854
760.0,1311,2328.111101
380.0,893,2336.606902
360.0,1182,2348.064218
320.0,964,2357.228177
560.0,1019,2368.998152
100.0,729,2378.635068
780.0,1503,2397.797218
280.0,519,2404.121355
280.0,720,2412.219518
420.0,897,2422.243261
360.0,848,2431.470669
1080.0,1247,2445.796809
340.0,1001,2457.61715
380.0,1030,2469.083485
500.0,902,2479.15045
1180.0,1293,2494.666263
1500.0,1753,2514.905409
680.0,1160,2530.428993
980.0,1709,2552.838461
240.0,749,2562.521064
720.0,989,2575.698798
240.0,861,2586.990388
480.0,1093,2601.263792
700.0,1222,2617.224165
380.0,1002,2630.700226
280.0,719,2639.931129
680.0,1095,2653.924874
380.0,907,2665.877953
160.0,700,2674.826467
400.0,1189,2690.510938
940.0,1365,2708.281404
220.0,738,2718.047615
140.0,681,2727.06319
460.0,994,2739.646213
440.0,905,2751.210981
260.0,897,2762.961215
540.0,1060,2776.509635
180.0,560,2783.67552
80.0,509,2790.338806
360.0,856,2802.242123
300.0,786,2812.437857
1060.0,1314,2830.012102
220.0,555,2837.186404
40.0,529,2843.964225
440.0,947,2856.259692
380.0,989,2869.1441
520.0,1201,2882.770694
440.0,1026,2893.84533
1000.0,1463,2909.747234
540.0,1022,2920.775891
240.0,639,2927.599825
460.0,879,2937.08114
540.0,998,2948.007197
40.0,778,2956.364165
280.0,849,2965.465543
560.0,1294,2979.340099
220.0,1021,2990.308912
1100.0,1564,3008.573212
1100.0,1398,3027.162585
780.0,1026,3042.170578
240.0,1036,3053.450905
260.0,740,3061.460177
260.0,784,3069.867578
780.0,1018,3080.818301
380.0,855,3090.112261
640.0,805,3098.619189
380.0,710,3106.155595
260.0,802,3114.72259
840.0,1028,3125.757087
540.0,938,3135.736101
0.0,611,3142.425229
60.0,636,3149.369107
140.0,779,3159.275076
1460.0,1739,3181.527034
660.0,817,3191.932336
620.0,1214,3207.807086
820.0,1102,3222.146695
320.0,753,3231.993436
840.0,1202,3247.846574
720.0,926,3259.911747
180.0,917,3272.014236
120.0,540,3279.230642
580.0,1035,3294.047997
940.0,1257,3309.525258
720.0,1028,3323.565657
400.0,995,3335.981724
500.0,948,3348.89451
260.0,689,3359.134628
280.0,840,3369.317731
360.0,724,3377.664027
1040.0,1678,3397.200064
1340.0,1406,3416.327761
440.0,1011,3429.762625
260.0,734,3439.468082
340.0,843,3451.399493
680.0,855,3462.399124
160.0,555,3468.774373
600.0,912,3481.681878
80.0,539,3489.06949
480.0,706,3498.491919
1060.0,1373,3513.023772
280.0,845,3523.846942
1340.0,1319,3541.294434
1760.0,1761,3563.683629
240.0,773,3573.310672
1360.0,1668,3594.712785
440.0,757,3604.406807
1040.0,1359,3624.782423
720.0,1093,3645.060211
1300.0,1182,3666.782113
560.0,962,3684.021559
480.0,845,3699.382797
260.0,747,3712.604718
320.0,785,3726.445554
800.0,1006,3744.13092
840.0,1271,3765.760969
2280.0,1838,3798.152429
1440.0,1589,3827.21079
780.0,1031,3845.056982
680.0,1110,3863.371945
1100.0,1207,3884.806705
240.0,817,3899.383593
240.0,781,3913.514342
1220.0,1240,3935.677491
240.0,705,3946.452373
100.0,645,3956.30945
1020.0,1189,3977.047648
1060.0,1245,3992.821396
940.0,1231,4004.885655
420.0,715,4011.555263
1240.0,1373,4026.98683
1340.0,1500,4049.708232
940.0,973,4060.98869
360.0,611,4067.249648
1040.0,1381,4081.054343
380.0,760,4088.436805
740.0,1213,4101.443866
1340.0,1506,4117.68375
860.0,1180,4129.607249
440.0,1291,4143.034267
440.0,727,4150.739292
580.0,986,4161.437428
500.0,996,4171.830231
240.0,665,4178.640508
60.0,455,4183.159967
420.0,941,4192.470487
1760.0,2117,4213.59031
1320.0,1460,4229.273853
1080.0,1409,4243.66006
1240.0,1246,4256.102832
1540.0,1625,4272.385143
740.0,1032,4282.356746
600.0,874,4291.552935
620.0,880,4300.123832
1560.0,1784,4317.42357
980.0,1379,4330.93762
2080.0,1857,4347.993817
1560.0,1564,4362.212061
80.0,452,4366.213594
2440.0,2180,4386.563102
1100.0,1290,4401.099289
2160.0,1793,4430.128483
1380.0,1363,4451.820567
1040.0,1197,4467.36011
860.0,1114,4476.953377
1300.0,1426,4489.861067
1360.0,1444,4502.194863
400.0,967,4510.262147
720.0,707,4516.437296
600.0,744,4522.565758
340.0,691,4529.254901
400.0,1166,4539.281939
420.0,1004,4547.869787
1400.0,1471,4560.372972
2000.0,1619,4574.028899
580.0,989,4582.265829
1600.0,1613,4595.960239
460.0,741,4602.128496
1200.0,1330,4614.43665
1020.0,1013,4622.911773
1040.0,1112,4632.69726
1520.0,1614,4646.082289
220.0,580,4650.948432
1480.0,1574,4664.230267
1740.0,1920,4681.300243
1060.0,1122,4690.975249
1060.0,920,4699.421703
180.0,538,4704.118316
620.0,962,4712.273301
1540.0,1538,4722.399835
240.0,632,4726.466941
420.0,781,4731.599964
1000.0,1435,4740.992948
260.0,611,4744.982291
400.0,789,4750.30007
2000.0,1868,4764.647353
1240.0,1248,4774.775363
820.0,1074,4783.680089
1240.0,1119,4792.317827
420.0,839,4798.729449
880.0,859,4805.392722
2580.0,1801,4819.246794
1960.0,1563,4831.448626
820.0,852,4837.964302
540.0,875,4844.543687
580.0,953,4851.793957
1560.0,1697,4864.72608
1840.0,1800,4878.434829
1340.0,1548,4890.390383
1180.0,1346,4900.681501
1000.0,1026,4908.636319
980.0,1068,4917.342403
440.0,752,4922.137546
2180.0,2014,4935.218839
580.0,768,4941.237031
500.0,694,4946.339042
1320.0,1353,4956.379333
2140.0,1778,4969.591921
620.0,696,4974.706809
1900.0,1402,4985.199702
960.0,941,4992.076723
560.0,1023,4998.269714
2620.0,1745,5008.814662
1360.0,1627,5018.6032
1920.0,1768,5029.257643
800.0,1037,5035.54483
1440.0,1181,5042.635792
820.0,1153,5049.583712
600.0,977,5055.457243
780.0,996,5061.875168
1600.0,1625,5071.618282
1780.0,1283,5079.321142
1780.0,1819,5090.257719
600.0,716,5094.583942
480.0,870,5099.822548
1460.0,1480,5108.744392
1240.0,1324,5116.70348
2960.0,1973,5132.203482
700.0,870,5139.749386
1220.0,1382,5148.839318
1320.0,1369,5157.419183
2660.0,1729,5168.032773
1660.0,1658,5178.196574
2400.0,1920,5190.499628
1580.0,1489,5199.540869
1540.0,1356,5207.84708
1540.0,1433,5216.680758
540.0,1063,5223.139771
1580.0,1281,5230.926192
1820.0,1505,5240.033573
1980.0,1770,5251.332698
1340.0,1352,5259.526079
1060.0,1135,5266.395003
880.0,1191,5273.58554
1020.0,1275,5281.314905
1440.0,1364,5289.612529
2000.0,2100,5302.360874
780.0,767,5307.005113
760.0,880,5312.340648
2260.0,1909,5324.269583
640.0,802,5331.532254
2180.0,1810,5345.911196
600.0,724,5351.827585
1840.0,1470,5363.480034
1000.0,1200,5372.536207
1260.0,1402,5383.378445
980.0,1301,5393.977924
1760.0,1574,5406.904471
1740.0,1678,5420.216641
960.0,1036,5428.548067
1900.0,1478,5440.46947
1180.0,1370,5451.929816
340.0,729,5457.669746
1780.0,1529,5469.485372
1480.0,1347,5479.797665
860.0,979,5487.362365
940.0,992,5495.000573
1180.0,1372,5505.457152
480.0,603,5510.112574
920.0,1015,5517.837536
3120.0,2171,5534.431799
260.0,596,5539.012055
2300.0,1736,5552.402197
340.0,848,5558.883731
1680.0,1568,5570.93277
1100.0,1348,5581.297637
260.0,700,5586.66667
2180.0,1340,5597.017033
1740.0,1441,5607.931341
1120.0,1064,5616.04886
2460.0,1839,5630.000348
2220.0,1720,5643.266009
740.0,980,5650.790291
2320.0,1948,5665.770318
1820.0,1626,5678.334224
960.0,1138,5687.017401
1140.0,951,5694.397977
1280.0,1419,5705.35182
1220.0,1325,5715.113973
2060.0,1803,5726.12254
1400.0,1318,5734.020661
2000.0,1509,5743.123569
2280.0,1432,5751.732242
1860.0,1317,5759.647282
520.0,753,5764.156098
1740.0,1540,5773.41911
1220.0,1122,5780.200704
1740.0,1645,5790.121284
680.0,893,5795.479081
1100.0,1365,5803.67844
220.0,494,5806.634369
1720.0,1604,5816.316635
1060.0,1286,5824.041822
860.0,1273,5831.673295
1400.0,1769,5842.325578
880.0,1256,5849.879556
1520.0,1254,5857.434297
1740.0,1708,5867.717727
1700.0,1805,5878.579421
1740.0,1521,5887.697299
920.0,985,5893.590127
1040.0,1180,5900.680307
600.0,695,5904.865164
1940.0,1552,5914.193263
1600.0,1443,5923.435515
1860.0,1570,5935.556006
1740.0,1565,5947.580078
2580.0,2163,5964.022561
660.0,728,5968.434984
2140.0,1728,5978.874183
1380.0,1608,5988.537183
920.0,868,5993.751991
360.0,944,5999.405951
1180.0,1336,6008.412963
1040.0,1356,6018.814957
1040.0,1190,6027.977342
2100.0,1838,6041.966811
1220.0,1349,6052.422654
1080.0,1041,6060.44812
1560.0,1364,6070.974772
680.0,882,6078.245062
1840.0,1714,6091.852222
1780.0,1630,6104.072587
1160.0,1196,6113.030455
1020.0,865,6119.525707
1000.0,978,6126.721764
2060.0,2272,6143.319903
1700.0,1477,6154.368444
1400.0,1560,6167.562391
700.0,992,6176.036307
700.0,1060,6183.764371
700.0,922,6189.406561
2800.0,1906,6201.144043
1240.0,1211,6208.552348
2500.0,1938,6220.456198
320.0,698,6224.697317
2080.0,1745,6236.588076
1900.0,1796,6249.981757
980.0,1257,6259.131662
220.0,664,6264.02342
540.0,621,6268.616378
580.0,1452,6279.196293
3420.0,2045,6293.149566
1060.0,836,6298.270154
480.0,711,6302.596419
1040.0,1060,6309.034364
720.0,892,6314.449893
2520.0,2092,6327.227165
660.0,807,6332.119434
1360.0,1365,6340.40898
1280.0,1203,6347.669856
2060.0,1593,6357.356229
660.0,968,6363.22187
1080.0,1028,6369.484164
1860.0,1381,6377.875561
620.0,810,6383.120882
660.0,1007,6390.985723
1940.0,1638,6403.155902
280.0,570,6409.136804
700.0,768,6415.381319
820.0,1109,6424.194134
760.0,938,6431.673244
1280.0,1247,6441.406338
1460.0,1021,6449.07161
1940.0,1657,6461.704511
1060.0,1235,6471.341577
1240.0,1213,6480.930521
1380.0,1623,6493.368779
1900.0,1391,6503.850781
540.0,1126,6510.699753
1480.0,1420,6519.261322
1260.0,1353,6527.381
1740.0,1509,6536.576467
2500.0,2052,6548.929741
1300.0,1234,6556.359428
620.0,936,6561.976067
1300.0,1283,6569.82269
680.0,801,6574.636831
280.0,680,6578.778709
3480.0,1853,6590.138459
1000.0,1249,6597.692269
1600.0,1366,6605.881627
420.0,666,6609.86899
380.0,678,6613.925587
2480.0,1976,6625.828305
1100.0,1112,6632.542115
900.0,1135,6639.364986
680.0,954,6645.12918
1820.0,1449,6653.921445
1300.0,1056,6660.263516
2680.0,1827,6671.278903
2940.0,1998,6683.364774
2080.0,1832,6694.603807
520.0,826,6699.64623
1220.0,1086,6706.291203
880.0,1170,6713.291653
1160.0,1213,6720.721945
1840.0,1543,6729.987705
840.0,923,6735.574757
2220.0,1696,6746.442898
1780.0,1641,6756.34327
1260.0,1245,6763.943089
1060.0,1266,6771.592799
1220.0,1157,6780.383508
940.0,1246,6789.165915
1820.0,1665,6799.372583
2260.0,1853,6810.695636
1200.0,1289,6818.564247
2440.0,1482,6827.612343
1020.0,1139,6834.632339
1620.0,1152,6841.67534
2660.0,2113,6854.571563
2460.0,1756,6865.31068
2000.0,1401,6873.865739
2020.0,1673,6884.090427
1580.0,1429,6893.420541
1180.0,1308,6901.389321
2960.0,2391,6915.92596
2740.0,1855,6927.263889
1660.0,1394,6936.77831
2660.0,1833,6951.661315
3880.0,2316,6967.913246
1600.0,1272,6975.571613
2400.0,1776,6986.249823
3040.0,2021,6998.453431
700.0,1022,7004.593476
3180.0,2069,7017.098086
1560.0,1519,7026.961159
1360.0,1280,7034.70396
1520.0,1485,7045.281402
1480.0,1277,7055.295126
3720.0,2235,7072.099951
820.0,983,7079.385391
2100.0,1709,7092.574506
160.0,535,7096.459024
1600.0,1341,7106.401314
80.0,553,7110.492708
1920.0,1582,7120.391734
1780.0,1639,7130.53268
3160.0,1907,7142.095906
1080.0,1046,7148.3826
2360.0,1658,7158.942239
2240.0,1597,7168.252687
1380.0,1286,7175.736136
520.0,903,7180.991124
1320.0,1361,7188.912117
2240.0,1656,7198.600545
1880.0,1547,7207.601557
2540.0,1807,7218.152509
460.0,751,7223.363704
980.0,843,7229.563152
1580.0,1727,7242.530257
2060.0,1733,7255.585335
2320.0,1492,7266.775815
660.0,734,7272.351016
1280.0,1104,7280.414888
1080.0,1185,7289.067856
1980.0,1826,7302.649055
2620.0,1728,7315.736029
1160.0,928,7323.25527
2420.0,1743,7336.879451
2000.0,1631,7349.385871
1640.0,1370,7359.845238
1680.0,1426,7370.408726
1680.0,1178,7379.41127
2100.0,1458,7390.612908
600.0,750,7396.442661
1320.0,1457,7407.859161
2000.0,1927,7423.488114
1760.0,1550,7434.875206
1380.0,1410,7443.589081
2320.0,1624,7453.739855
920.0,1142,7460.999365
2200.0,1496,7470.544392
640.0,848,7475.940826
1980.0,1653,7486.543316
2560.0,1852,7498.422724
1560.0,1746,7509.57444
1300.0,1328,7518.025908
2320.0,1942,7530.388246
1020.0,1026,7537.064717
2020.0,1408,7546.224014
400.0,691,7550.814097
2160.0,1543,7561.243461
2220.0,1786,7572.894728
3600.0,2141,7587.504822
1620.0,1506,7597.693492
2880.0,2044,7611.480494
2080.0,1840,7623.918751
1580.0,1247,7632.377205
800.0,942,7638.478053
2720.0,2117,7651.879237
1020.0,1228,7659.6289
2140.0,1870,7671.173929
1020.0,1097,7678.278162
3740.0,2282,7692.811414
1300.0,1062,7699.550324
740.0,860,7705.005943
1180.0,1360,7713.65165
1400.0,1343,7722.822173
2860.0,1813,7735.323012
180.0,446,7738.307562
2180.0,1769,7750.133006
1060.0,1242,7758.302917
1120.0,1066,7765.376672
380.0,619,7769.461582
880.0,1084,7776.708032
1440.0,1451,7786.572358
1260.0,1381,7795.409512
2400.0,1657,7805.434432
1640.0,1640,7815.264753
2160.0,1641,7825.172007
1780.0,1685,7835.377533
960.0,1148,7842.332392
1620.0,1426,7851.308779
1000.0,1165,7859.731275
1100.0,1325,7869.108058
1260.0,1349,7878.206912
1860.0,1781,7889.930291
3040.0,1733,7901.334268
1300.0,1248,7909.549642
1040.0,1158,7917.101722
1240.0,1220,7925.136121
260.0,655,7929.393203
1520.0,1666,7940.341362
660.0,997,7946.832182
1600.0,1477,7956.509453
2100.0,1501,7966.385891
460.0,627,7970.451921
800.0,746,7975.456416
2240.0,1784,7987.16458
860.0,1088,7994.234858
2820.0,1852,8006.395995
1980.0,1366,8015.315011
1760.0,1694,8026.341026
220.0,540,8029.885373
1140.0,1180,8037.707545
660.0,1017,8044.384799
1140.0,1122,8051.754409
1180.0,1133,8059.099059
680.0,1039,8065.820863
1720.0,1443,8075.219169
800.0,757,8080.174494
980.0,1460,8089.919074
1700.0,1416,8099.37246
3240.0,2215,8113.68405
920.0,773,8118.646014
800.0,1091,8125.760722
2720.0,1762,8137.218817
3040.0,1851,8149.336456
660.0,694,8153.893996
1520.0,1534,8164.038007
1580.0,1552,8174.323027
620.0,966,8180.776546
1440.0,1479,8190.523665
1260.0,1274,8198.962508
1160.0,1349,8207.88501
1700.0,1662,8219.052426
2620.0,1915,8231.790792
1560.0,1472,8241.474209
740.0,877,8247.208682
1080.0,1033,8253.994009
1760.0,1687,8265.223796
3780.0,2302,8279.458394
880.0,1133,8286.877494
2420.0,1702,8298.066961
460.0,796,8303.322999
2500.0,1704,8315.883988
640.0,902,8322.130857
640.0,681,8327.730063
2120.0,1458,8337.950935
1060.0,1222,8346.561355
4760.0,2606,8364.815455
3060.0,1845,8377.571487
2180.0,1737,8389.813573
1240.0,1455,8399.716126
2520.0,1618,8410.545839
2000.0,1517,8420.720581
400.0,1385,8430.148088
1420.0,1497,8440.691665
940.0,1011,8447.692581
1720.0,1375,8457.051708
2980.0,1795,8469.423472
1240.0,1181,8477.19311
3180.0,2173,8492.520182
1860.0,1491,8502.992846
1220.0,1200,8511.423669
920.0,1114,8518.84071
2800.0,2080,8532.468877
1020.0,1248,8540.857183
1120.0,1321,8549.526763
1340.0,1320,8559.279459
780.0,904,8566.094935
1080.0,1325,8577.076941
2760.0,1732,8589.091747
1700.0,1689,8600.615559
1720.0,1880,8612.975044
2060.0,1435,8622.445579
1140.0,968,8628.81386
840.0,989,8635.445829
1880.0,1488,8645.040137
2760.0,2022,8658.276933
580.0,890,8664.105459
660.0,762,8669.949559
2340.0,1667,8681.932265
1460.0,1128,8689.480846
920.0,1248,8698.058857
460.0,849,8704.183211
620.0,881,8710.127464
1980.0,1505,8720.230352
1780.0,1463,8729.850641
560.0,631,8734.011004
680.0,880,8739.74579
2000.0,1658,8750.553312
460.0,878,8756.34678
2100.0,1761,8767.94166
1640.0,1211,8775.936624
3340.0,1995,8789.104797
5360.0,2434,8805.130919
900.0,902,8811.788043
1560.0,1106,8819.606687
1580.0,1412,8829.58816
1020.0,1186,8837.509492
1620.0,1757,8849.248487
3460.0,2019,8863.097395
1800.0,1656,8874.217451
2100.0,1629,8885.605438
340.0,548,8889.080431
1700.0,1409,8898.171814
1960.0,1518,8907.85748
1640.0,1600,8918.067767
1500.0,1374,8926.711193
2420.0,1737,8937.743153
1440.0,1500,8946.969652
460.0,678,8950.974433
2220.0,1691,8961.688978
740.0,941,8967.632076
3220.0,2119,8981.022416
1860.0,1594,8991.207342
700.0,884,8996.978996
1000.0,1232,9004.763917
1520.0,1431,9013.706371
300.0,543,9017.077429
2120.0,1724,9027.873374
620.0,1230,9035.589885
2660.0,2062,9048.558652
1960.0,1589,9058.642999
1240.0,1221,9066.249292
1440.0,1762,9077.306587
3380.0,2347,9092.006985
500.0,779,9096.875225
1960.0,1745,9107.804037
2140.0,1455,9116.940246
720.0,787,9121.84015
1040.0,1007,9128.122747
400.0,781,9132.967158
2540.0,2206,9146.779831
2680.0,1897,9158.657784
740.0,1066,9165.304725
2000.0,1545,9175.031951
2200.0,1626,9185.176498
2500.0,1574,9195.26071
1520.0,1412,9204.096433
1280.0,1308,9212.232298
800.0,998,9218.454724
1460.0,1377,9227.071115
1500.0,1321,9235.398598
1260.0,1076,9242.21329
1980.0,1639,9252.494172
2860.0,2058,9265.416208
2780.0,1789,9276.646444
940.0,1089,9283.489249
2520.0,2000,9296.176022
1040.0,1291,9304.649004
1500.0,1230,9312.776721
2700.0,1763,9324.83503
1340.0,1121,9332.365683
1960.0,1729,9343.369215
2580.0,1694,9354.042826
2320.0,1633,9364.275237
880.0,954,9370.280005
1500.0,1410,9379.150682
640.0,856,9384.539474
1040.0,996,9390.826004
900.0,1026,9397.213976
2300.0,1805,9408.545489
3120.0,2016,9421.265494
1260.0,1221,9428.89424
3000.0,1936,9441.051818
2700.0,1939,9453.246967
1780.0,1463,9462.402041
660.0,811,9467.494478
2260.0,1800,9479.005559
2120.0,1593,9489.014563
1940.0,1791,9500.313821
420.0,589,9503.985289
2840.0,1784,9515.128208
2700.0,1798,9526.451733
1340.0,1393,9535.297551
2720.0,1795,9546.592152
1580.0,1478,9555.878725
1980.0,1518,9565.393789
1560.0,1320,9573.745818
1000.0,1020,9580.106962
2760.0,2163,9593.63687
840.0,1285,9601.752097
2180.0,1498,9611.148499
820.0,891,9616.872244
1560.0,1238,9624.323766
500.0,828,9629.164469
2020.0,1510,9637.997214
1440.0,1171,9644.818622
2460.0,1959,9657.264531
2200.0,1704,9668.052081
760.0,796,9673.07903
3180.0,1933,9685.194479
2940.0,2056,9698.063242
1500.0,1372,9706.646979
1940.0,1511,9716.826806
2500.0,1902,9729.567919
1220.0,1132,9737.632974
2320.0,1885,9750.524701
1320.0,1202,9758.676808
600.0,903,9764.415985
1460.0,1478,9773.970116
1820.0,1923,9786.343273
2960.0,2435,9802.337329
2620.0,1942,9814.579642
3580.0,2116,9828.39386
140.0,601,9831.974058
2020.0,1579,9841.44562
2240.0,1782,9852.008363
2200.0,1600,9861.397553
1000.0,891,9866.629672
1080.0,1147,9873.773449
2500.0,1828,9884.608094
80.0,521,9887.636128
460.0,541,9890.800555
1940.0,1348,9898.984399
1720.0,1470,9907.984001
2700.0,2410,9923.254512
1480.0,1088,9929.744869
780.0,1018,9935.848606
1380.0,1341,9945.794091
500.0,767,9950.517242
1020.0,1190,9957.464735
160.0,422,9959.893325
1940.0,1469,9968.525838
1660.0,1106,9974.970968
1420.0,1345,9982.823326
2860.0,1783,9993.254281
660.0,1030,9999.247731
4780.0,2426,10013.474568
1380.0,1135,10020.084041
3680.0,1859,10030.933928
2040.0,1349,10038.787005
1160.0,1382,10046.834934
2180.0,1749,10057.020183
3700.0,2055,10069.010547
1960.0,1581,10078.186352
3000.0,1900,10089.277204
2700.0,2003,10101.312083
3060.0,1890,10113.586353
2960.0,1894,10124.752937
2160.0,1458,10133.35894
2920.0,1940,10144.753265
2460.0,1549,10154.863873
2740.0,1845,10166.183442
1340.0,1385,10174.646944
1240.0,1036,10180.677629
1520.0,1255,10187.975044
2020.0,1847,10198.999595
2460.0,1827,10209.823342
640.0,850,10215.041139
1580.0,1484,10223.670597
1880.0,1493,10232.686854
2120.0,1772,10243.49285
3220.0,2075,10255.766048
1280.0,1257,10263.240201
1580.0,1257,10270.778052
1540.0,1431,10279.204726
2660.0,1860,10290.785743
1800.0,1648,10301.162149
500.0,995,10307.538221
2200.0,1903,10319.232603
160.0,596,10323.683732
2320.0,1596,10333.396441
680.0,1193,10340.427529
2340.0,1675,10350.263042
2220.0,1305,10358.495569
860.0,919,10364.219513
2040.0,1955,10376.195337
1220.0,993,10382.793984
2060.0,1809,10394.854406
3340.0,1954,10406.485661
580.0,825,10411.293176
1500.0,1056,10418.143778
1360.0,1078,10425.097322
600.0,877,10430.305735
1320.0,1354,10438.666564
580.0,861,10443.692157
1420.0,1599,10453.058092
1100.0,1268,10460.524323
2200.0,1663,10470.306452
3540.0,2109,10482.590406
2260.0,2028,10494.709462
180.0,538,10497.819865
1060.0,1076,10504.068152
3520.0,2099,10516.630078
1640.0,1602,10525.957005
2460.0,1991,10537.56607
2940.0,1611,10547.098913
2160.0,1596,10556.364993
1520.0,1460,10564.860691
240.0,747,10569.183397
1480.0,1439,10577.547922
1440.0,1660,10587.325499
1660.0,1365,10595.464465
1800.0,1589,10604.738478
1120.0,1115,10611.275927
1600.0,1296,10618.910961
1120.0,1002,10624.744608
2240.0,1230,10632.188318
1780.0,1765,10642.463037
1420.0,1460,10650.95454
920.0,933,10656.378066
1220.0,1190,10663.283711
3280.0,2233,10676.288962
1460.0,1381,10684.433233
1840.0,1767,10694.683232
1320.0,1303,10702.242238
1820.0,1434,10710.594958
3920.0,1983,10722.313796
940.0,1134,10728.889838
1840.0,1375,10736.947963
1140.0,1098,10743.427281
840.0,1032,10749.421272
1280.0,1156,10756.263774
1600.0,1133,10762.868075
2100.0,1871,10773.970401
1480.0,1482,10782.593179
700.0,850,10787.524292
1180.0,1030,10793.510806
1560.0,1455,10802.304414
440.0,646,10806.037874
720.0,822,10810.94764
1560.0,1194,10817.881684
2900.0,2359,10831.827724
1240.0,1171,10838.666601
1740.0,1525,10847.518764
1780.0,1512,10856.358813
2480.0,1873,10867.256567
1720.0,1245,10874.48322
1620.0,1288,10881.985659
3680.0,2029,10893.99034
80.0,567,10897.268525
1620.0,1432,10905.656389
320.0,851,10910.630101
80.0,573,10913.938472
2340.0,1938,10925.246653
580.0,752,10929.651356
2040.0,1345,10937.45519
960.0,1024,10943.390998
1500.0,1331,10951.512928
1960.0,1340,10959.301229
1200.0,951,10965.045502
2680.0,2038,10976.939129
2620.0,2051,10989.236426
2800.0,1771,10999.552551
700.0,714,11003.683769
980.0,1127,11010.446021
2700.0,2038,11022.310777
2200.0,1831,11032.935042
580.0,756,11037.33593
1980.0,1916,11048.415602
2660.0,1725,11058.604863
3300.0,1840,11069.445885
2160.0,2138,11081.895678
2220.0,1473,11090.815396
240.0,840,11095.705952
2020.0,1572,11104.855427
920.0,1075,11111.110664
1700.0,1605,11120.441742
1540.0,1247,11127.664076
1460.0,1426,11136.145503
920.0,1018,11142.023535
1200.0,965,11147.645368
400.0,620,11151.366012
1260.0,1378,11159.379892
2180.0,1785,11169.921598
1460.0,1212,11177.185075
1260.0,1069,11183.381199
1420.0,1157,11190.121337
540.0,870,11195.157698
2920.0,2420,11209.80699
2640.0,1701,11219.735259
1240.0,1221,11226.839121
1520.0,1167,11233.609183
1340.0,1502,11242.363455
240.0,699,11246.650709
2540.0,1847,11257.389522
1000.0,823,11262.162713
2540.0,2297,11275.517297
2800.0,1949,11286.863974
1500.0,1295,11294.596817
1540.0,1315,11302.239419
860.0,858,11307.396771
2720.0,2134,11319.83346
400.0,786,11324.397768
1160.0,1221,11331.511953
2280.0,1458,11340.134088
760.0,816,11344.856653
2000.0,1872,11355.952701
2260.0,1672,11365.796413
1000.0,1300,11373.469727
1060.0,974,11379.106152
680.0,840,11383.966736
2420.0,1689,11393.800823
2880.0,1981,11405.636059
1160.0,1228,11412.769764
760.0,1090,11419.099546
1280.0,1238,11426.291804
1160.0,1270,11433.662682
560.0,895,11439.064478
2180.0,1575,11448.383137
2220.0,1925,11459.663182
1840.0,1439,11468.089471
1320.0,1301,11475.680441
3020.0,1939,11486.934277
3220.0,1917,11498.084563
1720.0,1537,11507.006512
1780.0,1588,11516.322009
1560.0,1472,11524.88976
1140.0,1105,11531.308272
1120.0,1128,11537.887323
1720.0,1618,11547.288307
2340.0,1872,11558.173328
2120.0,1741,11568.30047
3180.0,1928,11579.596872
1040.0,1205,11586.595145
2580.0,1589,11595.854415
1380.0,1100,11602.423327
2720.0,2043,11614.698378
720.0,780,11619.221559
2660.0,1685,11629.018719
1280.0,1127,11635.648059
1560.0,1438,11644.028846
1200.0,1467,11652.595043
940.0,888,11657.934335
2740.0,1985,11669.541514
880.0,986,11675.27275
3180.0,2079,11687.642491
2740.0,1990,11699.271621
1040.0,983,11704.974571
2740.0,1684,11714.791737
860.0,1022,11720.764381
2260.0,1724,11731.076283
680.0,1067,11737.26793
860.0,1009,11743.136003
1360.0,1086,11749.482835
2400.0,1358,11757.496988
2140.0,1695,11767.369981
740.0,630,11771.026473
1460.0,1409,11779.431622
2480.0,1702,11789.346551
1260.0,1398,11797.463573
2080.0,1709,11807.467444
1760.0,1470,11816.226055
1680.0,1594,11825.529813
1400.0,1595,11834.823213
2080.0,1505,11843.5789
1400.0,1211,11850.594383
920.0,1113,11857.075596
2760.0,1745,11867.253676
2860.0,2076,11879.344033
1060.0,939,11884.79254
2700.0,1857,11895.592475
1680.0,1641,11905.566112
1000.0,887,11910.712147
2240.0,1548,11919.719318
1640.0,1420,11927.998789
1740.0,1558,11937.397198
180.0,521,11940.421373
1360.0,1058,11946.560842
1380.0,1208,11953.597888
180.0,511,11956.550634
2580.0,1847,11967.445907
960.0,1014,11973.331526
1140.0,1094,11979.686495
960.0,991,11985.419918
3720.0,1875,11996.319699
1640.0,1407,12005.193629
1320.0,1230,12013.584368
880.0,795,12018.573069
1960.0,1599,12028.152891
1280.0,1135,12034.75736
2700.0,1820,12045.397469
2700.0,1883,12056.393475
1280.0,1423,12064.675506
2100.0,1649,12074.682105
2440.0,1966,12086.207369
860.0,973,12091.872688
2660.0,2034,12104.023965
340.0,779,12108.662595
480.0,883,12113.810557
1640.0,1335,12121.624948
1260.0,1309,12129.35207
880.0,1092,12135.718539
1260.0,1037,12141.781542
1180.0,1456,12150.262506
1020.0,1127,12156.812869
1380.0,1354,12164.73588
1520.0,1359,12172.690062
600.0,577,12176.06472
1420.0,1313,12183.743153
1240.0,1146,12190.43562
2600.0,2056,12202.665828
2820.0,1780,12213.61023
2780.0,2486,12228.365522
1580.0,1323,12236.148462
4460.0,1973,12248.373993
2300.0,1827,12259.64973
2140.0,1937,12271.040451
1820.0,1194,12278.281446
2700.0,1718,12288.608707
1900.0,1670,12298.428067
1220.0,941,12304.000295
2300.0,1927,12315.332378
1300.0,1353,12323.350534
1940.0,1594,12332.679419
2540.0,1905,12343.825264
2740.0,1840,12354.590409
800.0,872,12359.662445
2000.0,1507,12368.454913
1760.0,1874,12379.415183
2060.0,1754,12389.667045
1740.0,1529,12398.593029
820.0,1333,12406.411855
1040.0,1162,12413.710248
1040.0,1210,12421.944952
1080.0,1062,12430.063713
3000.0,1735,12440.618242
2440.0,1976,12452.123812
2260.0,1528,12461.047949
3420.0,1887,12472.054928
1640.0,1599,12481.387345
1580.0,1571,12490.56159
680.0,781,12495.146632
1300.0,1222,12502.265301
1420.0,1250,12509.713205
600.0,820,12514.609082
640.0,1051,12520.941197
1520.0,1432,12529.958693
2240.0,1756,12540.337304
1640.0,1346,12548.179511
3040.0,1806,12558.747615
1280.0,1376,12566.767675
1940.0,1632,12576.291091
2060.0,1581,12585.491479
1280.0,1066,12591.981168
1320.0,1141,12598.888157
1440.0,1150,12605.668715
2040.0,1698,12615.61621
2820.0,2382,12629.578716
4420.0,2534,12644.419489
2820.0,2188,12657.491002
1060.0,1411,12665.747849
2440.0,1833,12676.773695
780.0,793,12681.412493
2220.0,1600,12691.188479
4800.0,2402,12705.276053
1060.0,1115,12712.225875
360.0,690,12716.253212
1200.0,1396,12724.406076
1380.0,1502,12733.192228
360.0,660,12737.009172
2720.0,2025,12748.842345
1900.0,1966,12760.294981
600.0,879,12765.439761
1220.0,1182,12772.36325
2100.0,1400,12780.552184
860.0,1286,12788.05809
2100.0,1573,12797.478614
2420.0,1793,12807.960286
2360.0,1652,12817.605938
2340.0,1750,12827.968894
340.0,617,12831.751818
660.0,891,12837.028788
1380.0,1427,12845.363052
980.0,985,12851.107552
1460.0,1508,12859.922216
1360.0,1356,12867.844897
1160.0,967,12873.466662
2520.0,1747,12883.649577
240.0,501,12886.562534
840.0,922,12892.330062
2560.0,1920,12903.570943
1500.0,1387,12911.673174
740.0,791,12916.294739
640.0,928,12921.678225
2720.0,1848,12932.47886
1920.0,1564,12941.643022
1200.0,1028,12947.66931
1580.0,1450,12956.155883
1140.0,1128,12962.750526
2700.0,1822,12973.403835
480.0,773,12977.887098
2600.0,1844,12988.869262
860.0,1050,12995.026554
1780.0,1524,13003.922877
1240.0,1506,13012.752889
940.0,1467,13021.352293
780.0,936,13026.809853
1240.0,1388,13034.936642
860.0,942,13040.430939
980.0,1013,13046.328285
1020.0,1200,13053.324317
680.0,893,13058.525492
520.0,708,13062.651454
1240.0,1429,13070.982267
900.0,884,13076.123094
1920.0,1505,13084.918866
580.0,772,13089.402371
660.0,859,13094.588233
1220.0,1360,13102.549898
2540.0,1718,13112.592757
2200.0,1285,13120.101216
1260.0,1143,13126.772983
1340.0,1265,13134.369348
1660.0,1680,13144.344626
1260.0,1374,13152.402872
1280.0,1253,13159.709709
780.0,986,13165.64116
1460.0,1371,13173.781042
700.0,889,13178.950737
1240.0,1391,13187.070201
2780.0,1874,13198.027269
760.0,944,13203.530337
1240.0,1218,13210.631689
760.0,824,13215.440003
2020.0,1751,13225.687799
1900.0,1480,13234.328568
2080.0,1663,13244.052611
2660.0,1719,13254.406305
1820.0,1748,13264.626776
2440.0,1696,13274.539108
2420.0,1747,13285.073857
1100.0,1265,13292.466559
1840.0,1167,13299.664177
1500.0,1201,13306.689312
2900.0,1974,13318.24999
320.0,710,13322.356423
480.0,1064,13328.55986
2760.0,1652,13338.431926
880.0,933,13343.854178
1720.0,1310,13351.509848
1380.0,1215,13358.596521
380.0,735,13362.876579
2300.0,1713,13372.95469
2520.0,1669,13382.712411
1120.0,1112,13389.209119
1320.0,1349,13397.087763
2180.0,1544,13406.121735
1140.0,1047,13412.238497
340.0,775,13417.048593
1040.0,1193,13424.008552
1800.0,1190,13431.031126
2440.0,1550,13440.301711
2720.0,1686,13450.400299
3080.0,2265,13463.668394
2680.0,1865,13474.606402
2580.0,1803,13485.164324
1020.0,1159,13491.963402
1960.0,1582,13501.499068
3120.0,2000,13513.189304
1880.0,1625,13522.664318
1360.0,1157,13529.408232
1060.0,935,13534.844467
2300.0,1599,13544.140445
620.0,704,13548.232157
2820.0,1866,13559.175016
3060.0,1729,13569.278933
1640.0,1395,13577.441261
1880.0,1360,13585.39135
1500.0,1401,13593.588218
2160.0,1643,13603.214998
2680.0,1841,13614.028144
1240.0,1161,13620.792951
3320.0,1978,13632.332822
1340.0,1123,13638.87185
1340.0,1333,13646.651272
1320.0,1304,13654.256498
1220.0,1253,13661.562769
1620.0,1296,13669.125339
2140.0,1735,13679.273115
2080.0,1603,13688.801498
3080.0,1730,13698.910945
2520.0,1644,13708.859612
2740.0,1610,13718.458636
3740.0,2141,13731.032025
3100.0,2025,13742.971579
1640.0,1249,13750.239071
2860.0,1775,13760.596674
3100.0,1881,13771.595714
1020.0,1021,13777.558343
440.0,857,13782.545784
1180.0,1139,13789.175947
3760.0,1968,13800.697584
2560.0,1635,13810.238387
4120.0,2266,13823.497829
3620.0,2172,13836.203295
1860.0,1582,13845.46602
1320.0,1179,13852.836974
1820.0,1378,13860.877918
2840.0,2017,13872.667541
2280.0,1872,13883.625356
840.0,904,13888.902372
1140.0,1186,13895.975914
1700.0,1122,13902.508428
1120.0,1241,13909.742586
1040.0,1227,13917.188818
520.0,814,13922.029218
920.0,1517,13930.896943
800.0,1085,13937.20626
820.0,1244,13944.555018
900.0,1196,13951.81223
1360.0,1289,13959.341596
2780.0,2051,13971.643842
2220.0,1523,13980.835747
1860.0,1481,13989.596028
1500.0,1621,13999.072122
1340.0,1125,14005.662395
2200.0,1641,14015.235378
1500.0,1335,14023.056549
1140.0,1146,14029.7916
2580.0,2081,14042.095585
1520.0,1517,14050.942991
1080.0,1196,14057.934731
1400.0,1474,14066.53125
400.0,624,14070.144119
260.0,607,14073.662613
1920.0,1532,14082.608887
640.0,707,14086.717147
840.0,921,14092.118498
3460.0,2594,14107.333249
380.0,787,14111.899152
1900.0,1571,14121.075944
1000.0,1231,14128.256026
2060.0,1635,14137.820785
3600.0,1912,14149.149316
1380.0,1426,14157.476616
1360.0,1316,14165.161709
1260.0,1348,14173.041384
1720.0,1327,14180.764192
240.0,684,14184.738189
1440.0,1427,14193.082449
2060.0,1496,14201.834431
2020.0,1657,14211.555843
500.0,674,14215.499442
2340.0,1793,14226.661304
600.0,861,14231.66396
3720.0,2245,14245.200855
2460.0,1706,14255.1745
780.0,803,14259.834912
2040.0,1825,14270.517118
700.0,1006,14276.367456
700.0,807,14281.067574
340.0,630,14284.731879
960.0,941,14290.21933
1180.0,1151,14296.934481
480.0,990,14302.756646
1940.0,1344,14310.618228
1400.0,1248,14317.910116
1000.0,1039,14323.9628
2720.0,1913,14335.261386
420.0,669,14339.14619
560.0,952,14344.69104
2020.0,1407,14352.919099
1020.0,1280,14360.378404
2440.0,1858,14371.213839
420.0,752,14375.580373
1420.0,1262,14382.949817
1140.0,953,14388.496042
920.0,1242,14395.739876
680.0,853,14400.740861
1620.0,1233,14407.90431
1900.0,1685,14417.746812
1520.0,1444,14426.186543
1520.0,1542,14435.195112
2040.0,1339,14443.151546
520.0,845,14448.074565
640.0,917,14453.445346
1300.0,992,14459.232375
2020.0,1590,14468.512145
2640.0,1731,14478.619113
260.0,704,14482.71316
900.0,1071,14488.964934
2560.0,1873,14499.928096
1720.0,1292,14507.472821
1600.0,1402,14515.666913
1600.0,1118,14522.207788
880.0,1014,14528.108093
3440.0,1979,14539.968105
2740.0,1927,14551.243208
2680.0,1839,14562.019501
1820.0,1468,14571.304103
820.0,756,14576.05487
2320.0,1917,14587.657065
2740.0,1751,14600.133981
2480.0,2480,14616.498479
1240.0,1357,14625.461384
2680.0,1598,14635.987123
1220.0,1192,14643.74116
1480.0,1142,14651.182519
2860.0,1869,14663.573969
2220.0,1329,14672.225572
1700.0,1523,14682.121773
2500.0,1745,14693.784404
3560.0,2301,14709.051954
2640.0,2015,14722.245414
1320.0,1286,14730.557338
1480.0,1153,14738.08306
1040.0,1048,14744.95524
600.0,722,14749.621453
920.0,1040,14756.37148
2700.0,2081,14769.866477
2400.0,1821,14781.739952
2840.0,1878,14792.904562
4600.0,2429,14807.191468
2160.0,1526,14816.166393
2140.0,1535,14825.150364
1720.0,1438,14833.739739
1500.0,1286,14841.255637
2400.0,1623,14850.895935
1740.0,1552,14859.957759
1260.0,1250,14867.354284
2060.0,1474,14875.96841
2440.0,1643,14885.579614
2200.0,1967,14897.086181
580.0,767,14901.540002
2720.0,1856,14912.407282
2500.0,1420,14920.805184
960.0,1009,14926.699545
1640.0,1344,14934.651506
1780.0,1616,14944.095771
1340.0,1323,14951.841896
1700.0,1458,14960.357476
2380.0,1708,14970.36609
1040.0,1218,14977.470344
1140.0,1003,14983.313731
2700.0,1757,14994.338045
2840.0,1877,15008.07965
2100.0,1551,15017.610066
2580.0,1852,15030.223226
760.0,983,15036.80488
1300.0,1345,15045.540871
2440.0,1770,15057.11628
1320.0,1034,15064.163171
4340.0,2036,15078.442947
2680.0,1576,15090.474355
1900.0,1485,15101.47951
500.0,674,15105.919937
2220.0,1420,15115.460341
1900.0,1548,15125.775691
3760.0,1987,15138.781553
2380.0,1386,15148.088895
2880.0,1930,15161.403354
4000.0,2232,15177.053986
1660.0,1212,15184.805373
1880.0,1394,15194.230853
1200.0,1100,15201.465136
1240.0,1154,15209.692865
2600.0,2002,15223.351839
1800.0,1384,15232.612031
1920.0,1652,15243.800263
900.0,775,15248.811002
2700.0,1943,15261.455639
2460.0,1709,15272.569642
600.0,710,15277.215646
2240.0,2105,15290.77778
2160.0,1482,15300.313934
1720.0,1585,15310.54132
2900.0,1996,15323.444606
2880.0,1913,15335.90892
1260.0,1147,15344.110942
1680.0,1481,15353.943637
2740.0,2194,15368.553168
2760.0,2117,15382.377178
2020.0,1791,15393.910951
1080.0,1074,15401.119694
1660.0,1449,15409.63739
640.0,862,15414.688755
2000.0,1414,15422.933815
2220.0,1536,15431.908935
1840.0,1745,15442.221971
2800.0,1553,15452.18973
1580.0,1393,15461.095909
1480.0,1479,15470.741414
1680.0,1541,15480.731967
3480.0,1949,15493.30444
840.0,997,15499.702714
700.0,967,15505.882887
2080.0,1917,15518.281472
580.0,737,15522.974351
2060.0,1251,15531.167691
1580.0,1224,15539.225619
2000.0,1538,15549.195687
1640.0,1403,15558.264667
1480.0,1243,15566.211798
2520.0,1662,15576.925576
1520.0,1154,15584.345352
2520.0,2061,15597.625453
3100.0,1885,15609.771935
500.0,557,15613.345257
1900.0,1439,15622.568565
1620.0,1308,15630.949448
580.0,845,15636.306312
1580.0,1252,15644.324458
2440.0,1859,15656.010427
2740.0,1796,15666.545892
2840.0,1883,15677.538885
1620.0,1516,15686.382543
2660.0,1821,15697.038279
1780.0,1334,15704.819598
980.0,1118,15711.324664
1560.0,1386,15719.398675
4260.0,2158,15732.723165
1920.0,1718,15743.76541
1480.0,1097,15750.662276
260.0,607,15754.23788
600.0,754,15758.636124
1920.0,1402,15766.830297
3620.0,1852,15777.720032
3080.0,2107,15790.052467
2220.0,1410,15798.272214
2620.0,2003,15809.984517
2120.0,1633,15819.525574
2620.0,1743,15829.698227
2180.0,1609,15839.153475
3060.0,1908,15850.320096
2620.0,2067,15862.808515
2520.0,1633,15873.270054
2540.0,1779,15884.747295
1040.0,1207,15892.507755
3020.0,2021,15905.523739
2360.0,1449,15914.776742
1600.0,1432,15924.02026
2320.0,1719,15935.148478
3540.0,2040,15947.119509
3020.0,2036,15959.604536
1720.0,1485,15969.597267
1560.0,1535,15980.037039
3300.0,1903,15992.915217
1420.0,1309,16001.553731
1380.0,1512,16011.483898
1700.0,1348,16020.650484
2760.0,1866,16032.957915
560.0,645,16037.196299
1200.0,1007,16043.8908
3180.0,1742,16055.458134
3160.0,1947,16068.436825
2600.0,1676,16079.685263
2740.0,1753,16091.345384
2160.0,2019,16104.795683
1100.0,1003,16111.426922
1120.0,1191,16119.305106
3120.0,1739,16130.920242
1560.0,1595,16141.558629
1700.0,1221,16149.484377
3380.0,1850,16160.713033
3100.0,1793,16171.510942
1180.0,1061,16178.243877
1040.0,1043,16185.218945
920.0,1076,16192.710693
1180.0,1042,16199.96192
2740.0,1631,16210.844623
2680.0,1739,16222.444698
1540.0,1402,16231.766684
4180.0,2323,16247.189826
320.0,617,16251.318807
880.0,1243,16259.601096
2060.0,1717,16271.01517
3120.0,1760,16282.718913
2700.0,1519,16292.844013
2140.0,1532,16303.070069
620.0,683,16307.592914
1500.0,1598,16318.248607
2000.0,1541,16329.650969
1860.0,1456,16340.446369
460.0,791,16345.652805
3040.0,2024,16360.227453
2000.0,1480,16370.269739
3940.0,2079,16384.23611
2000.0,1847,16396.578413
2820.0,1899,16409.3265
1880.0,1474,16419.344329
1420.0,1695,16430.884826
1900.0,1823,16443.108422
1980.0,1358,16451.622365
2200.0,1645,16462.946245
1300.0,1007,16469.771693
2560.0,1786,16482.127921
2000.0,1391,16491.629104
1140.0,1259,16500.333111
2840.0,1818,16512.782513
1320.0,1454,16522.721307
1780.0,1444,16532.546682
1540.0,1220,16541.512768
2800.0,1827,16554.027028
2940.0,1999,16567.627214
1780.0,1578,16578.388045
1020.0,1031,16585.394608
2660.0,2024,16600.567979
740.0,1000,16607.580171
1780.0,1513,16617.870157
4460.0,2366,16634.054374
1720.0,1498,16644.839383
2680.0,2024,16659.228729
960.0,1206,16668.678612
380.0,612,16673.000495
2520.0,1699,16684.831249
2700.0,1743,16697.789172
1660.0,1724,16709.534133
1420.0,1232,16718.095845
1620.0,1514,16728.675281
960.0,907,16735.346633
1540.0,1359,16745.613821
1460.0,1338,16754.953328
2480.0,1596,16766.418814
2940.0,1858,16779.800135
2480.0,1600,16790.906101
1960.0,1680,16802.565322
1820.0,1612,16813.671897
2580.0,1805,16826.123616
2660.0,1735,16838.606041
1920.0,1510,16849.723599
1260.0,1121,16857.542114
2720.0,1689,16869.231857
1200.0,1069,16876.552687
1880.0,1564,16887.218163
2300.0,1792,16899.378846
4360.0,2136,16915.185178
1540.0,1435,16925.412231
1360.0,1326,16935.056539
960.0,963,16941.705704
2140.0,1831,16954.913268
1500.0,1038,16963.589571
1040.0,985,16970.390891
1700.0,1307,16979.27884
3400.0,2181,16994.313568
1920.0,1542,17004.918669
2740.0,1796,17017.822307
1580.0,1221,17026.272088
2340.0,1800,17038.575402
1340.0,1202,17047.048759
3040.0,1634,17060.269228
2420.0,1523,17071.290308
1660.0,1517,17081.852166
2180.0,1749,17093.880735
860.0,750,17098.983248
1860.0,1393,17109.324915
3560.0,2165,17125.10287
2860.0,1804,17137.372698
1740.0,1666,17148.60928
1920.0,1662,17160.491605
2140.0,1507,17170.706543
1080.0,1304,17179.605889
780.0,957,17186.148059
1100.0,1130,17193.851071
560.0,731,17198.930569
2880.0,1458,17209.180774
3060.0,1833,17221.486697
2140.0,1608,17231.322235
1860.0,1602,17240.990047
1500.0,1191,17248.182506
2140.0,1516,17257.32018
540.0,687,17261.450368
2340.0,1547,17272.168148
680.0,810,17277.764848
1460.0,1155,17285.733596
1820.0,1829,17299.105415
1500.0,1022,17305.799477
2960.0,1991,17318.847455
1200.0,1499,17328.623141
2060.0,1759,17339.735129
880.0,1279,17348.227266
2860.0,1864,17360.536238
1840.0,1254,17368.325271
2260.0,1526,17377.815375
2700.0,1487,17386.827041
2320.0,1718,17397.243621
1800.0,1514,17406.383319
1300.0,1331,17414.472826
2360.0,1704,17424.788216
2080.0,1580,17434.399391
2900.0,1816,17445.401088
4400.0,2158,17458.54521
1060.0,1285,17466.314778
720.0,875,17471.786182
2580.0,1758,17482.946295
3040.0,1957,17494.856034
1340.0,1257,17502.568112
1220.0,1218,17509.954919
3120.0,2011,17522.19631
2000.0,1299,17530.193477
2180.0,1577,17540.33535
1780.0,1199,17547.653784
2160.0,1624,17557.518725
3500.0,2067,17570.72569
1720.0,1371,17579.398963
1500.0,1453,17588.655988
3580.0,2052,17601.272031
1320.0,1365,17609.563231
1020.0,1073,17616.083112
1000.0,1211,17623.556611
1000.0,1007,17629.680597
1860.0,1268,17637.477474
3520.0,2273,17651.424422
2900.0,1974,17664.161713
940.0,973,17670.684695
1320.0,1000,17677.152967
3780.0,1913,17689.799194
2300.0,1438,17698.829153
1200.0,1373,17707.143518
3360.0,1876,17718.682177
3660.0,1837,17730.333723
1280.0,1099,17737.628109
1720.0,1239,17745.393222
3160.0,1712,17755.865585
1020.0,1027,17762.108331
2160.0,1412,17770.932986
2060.0,1337,17779.208397
3360.0,1912,17790.840003
2520.0,1625,17800.706949
3520.0,1984,17812.826139
3800.0,1937,17825.091096
4100.0,2118,17838.710618
1340.0,1101,17845.590887
2700.0,1762,17857.202579
2740.0,1650,17867.369063
2180.0,1732,17878.724347
1840.0,1415,17888.560507
2620.0,1525,17897.734399
3000.0,1817,17909.168211
2440.0,1633,17919.029669
3320.0,1948,17930.797641
460.0,601,17934.435856
1140.0,1087,17941.333229
2020.0,1462,17951.105556
1880.0,1426,17960.143022
2000.0,1498,17971.009992
960.0,1040,17978.594808
1460.0,1135,17985.5989
1020.0,1028,17991.917598
2660.0,2038,18004.272473
2880.0,1686,18014.455087
1400.0,1040,18020.717502
3060.0,1810,18031.632555
680.0,916,18037.1463
2480.0,1620,18047.010742
2520.0,1955,18059.743451
1160.0,1136,18066.66584
1080.0,1087,18073.219833
2560.0,1759,18083.975722
2980.0,1973,18095.875839
880.0,986,18101.799817
2680.0,1872,18113.103376
3000.0,1879,18124.468618
100.0,519,18127.580976
2920.0,1608,18137.290895
3020.0,1885,18148.673238
3100.0,1628,18158.466418
3900.0,1887,18170.25039
2880.0,1905,18181.942336
1240.0,1166,18189.250844
1280.0,947,18196.011744
2980.0,2058,18210.584311
2960.0,1862,18224.830335
1540.0,1245,18233.447646
2460.0,1576,18243.899
2940.0,1893,18255.622585
1340.0,1173,18262.835633
2880.0,1541,18272.34726
2040.0,1474,18281.421067
3380.0,1973,18293.625908
1900.0,1772,18304.637174
2500.0,1750,18315.430744
1780.0,1883,18327.01655
1740.0,1324,18335.167608
1080.0,901,18340.690638
1060.0,868,18346.00726
2780.0,1884,18357.598018
4160.0,2311,18371.821924
3000.0,1692,18382.22489
3660.0,2058,18394.886697
2740.0,1981,18407.131755
1460.0,1360,18415.543621
2000.0,1380,18424.033964
1700.0,1269,18431.831939
2860.0,1973,18443.952888
1200.0,1217,18451.417096
3600.0,2169,18464.789552
880.0,1113,18471.62917
3140.0,1713,18482.182338
2020.0,1550,18491.732817
900.0,994,18497.835402
2120.0,1378,18506.312195
940.0,841,18511.468958
3280.0,1891,18523.085409
1960.0,1810,18534.301741
2580.0,1830,18545.59511
1720.0,1051,18552.031786
2120.0,1435,18560.850775
1800.0,1404,18569.469769
3060.0,2130,18582.553598
900.0,1015,18588.785474
2260.0,1372,18597.219492
1940.0,1435,18606.070056
4020.0,2369,18620.670905
4240.0,2032,18633.192737
2460.0,1855,18644.579786
2280.0,1692,18655.011578
5660.0,2894,18672.829185
2180.0,1561,18682.419517
3280.0,1974,18694.568239
3140.0,2080,18707.405618
3600.0,1866,18719.454193
640.0,778,18724.227082
1540.0,1323,18732.409296
1220.0,1466,18741.40239
2100.0,1619,18751.340535
2680.0,2018,18763.727169
2500.0,1954,18775.78726
2780.0,1597,18785.599817
2140.0,1280,18793.469401
1160.0,1042,18799.830474
940.0,1134,18806.769676
1700.0,1562,18816.363516
1360.0,1102,18823.116377
3160.0,1443,18831.986859
1520.0,1258,18839.817449
3500.0,2044,18852.347718
2620.0,1764,18863.207237
1100.0,1041,18869.613426
2680.0,1883,18881.186862
1580.0,1370,18889.624266
1240.0,1040,18896.03119
3340.0,2023,18908.510682
3840.0,1913,18920.273287
560.0,838,18925.404306
4040.0,2140,18938.552685
2980.0,1707,18949.049556
900.0,972,18955.013913
4340.0,2268,18968.974113
1500.0,1302,18976.985518
1620.0,1449,18985.859215
1540.0,1366,18994.208926
1000.0,1130,19001.131286
2620.0,1935,19013.070611
1660.0,1262,19020.796191
3060.0,1920,19032.617319
2940.0,1663,19042.853923
2000.0,1353,19051.143302
1940.0,1479,19060.253639
1120.0,1097,19066.972699
1120.0,1008,19073.150802
2040.0,1323,19081.29285
1780.0,1328,19089.46844
4020.0,2284,19103.549322
2100.0,1698,19113.939245
1340.0,1233,19121.511742
2580.0,1888,19133.165997
2040.0,1855,19144.605343
3060.0,1935,19156.526714
1840.0,1363,19164.917962
900.0,989,19170.969986
1140.0,868,19176.28306
3480.0,1858,19187.712963
2020.0,1441,19196.560906
3160.0,1976,19208.716191
3000.0,1697,19219.173871
2380.0,1743,19229.877433
2960.0,2060,19242.493477
1460.0,1240,19250.100107
3000.0,1601,19259.951811
1980.0,1463,19268.90948
1480.0,1517,19278.181653
3220.0,1950,19290.175079
1200.0,1114,19296.979484
3320.0,1782,19307.919145
880.0,1061,19314.426142
2880.0,1882,19325.971317
2400.0,1484,19335.040349
2500.0,1778,19345.944426
2100.0,1326,19354.067848
2500.0,1692,19364.461813
1560.0,1440,19373.352268
1200.0,912,19378.944875
1420.0,1186,19386.183052
1640.0,1689,19396.529651
880.0,857,19401.768449
2400.0,1629,19411.790928
1380.0,1258,19419.482801
1440.0,1334,19427.64005
2980.0,1986,19439.880896
2560.0,1710,19450.382927
2420.0,1505,19459.600485
2360.0,1708,19470.075387
2800.0,1542,19479.537891
2520.0,1705,19490.004433
2280.0,1448,19498.934449
2780.0,1581,19508.636111
1380.0,1183,19515.879637
2940.0,1691,19526.258267
3100.0,1783,19537.182928
2420.0,1607,19547.063412
1080.0,1038,19553.40344
3260.0,2109,19566.376568
860.0,917,19571.96954
2720.0,1707,19582.447407
3080.0,1874,19593.961443
2400.0,1673,19604.22191
2940.0,1855,19615.66792
2520.0,1502,19624.890031
2600.0,1480,19633.950676
1760.0,1545,19643.425313
2620.0,1723,19654.019555
2900.0,1751,19664.739822
2180.0,1493,19673.864868
2500.0,1392,19682.385864
1600.0,1320,19690.462524
1880.0,1612,19700.353111
2260.0,1716,19710.864734
1420.0,1483,19719.932666
420.0,950,19725.735797
3040.0,2008,19738.224676
1760.0,1345,19746.595474
1540.0,1411,19755.26958
2120.0,1372,19763.693141
3600.0,2013,19776.074028
3120.0,1908,19787.790625
1340.0,1290,19796.227969
2000.0,1475,19805.392782
1440.0,1076,19811.996426
2400.0,1811,19823.123521
1360.0,1202,19830.499373
1760.0,1659,19840.68934
2540.0,1895,19852.390477
2420.0,1929,19864.258291
1100.0,838,19869.393057
3740.0,1958,19881.45185
680.0,778,19886.2211
2620.0,1786,19897.191223
3260.0,1983,19909.349547
2580.0,1751,19920.095485
2040.0,1388,19928.614306
1260.0,1154,19935.671289
1140.0,967,19941.591742
3400.0,2262,19955.518386
1360.0,1116,19962.357373
2880.0,1952,19974.412066
2440.0,1486,19983.543098
2300.0,1611,19993.527358
960.0,1022,19999.788919
2660.0,1455,20008.739734
1640.0,1614,20018.662338
2800.0,1814,20029.803988
2720.0,1784,20040.853624
1080.0,1110,20047.694315
2420.0,1744,20058.430857
2000.0,1570,20068.075681
2000.0,1626,20078.076492
360.0,741,20082.599328
3080.0,1878,20094.20689
2320.0,1430,20102.987336
1740.0,1261,20110.739785
3100.0,2025,20123.205586
2020.0,1285,20131.111098
1500.0,1153,20138.212648
2320.0,1682,20148.574857
2140.0,1270,20156.391379
920.0,980,20162.412987
2880.0,1920,20174.222622
1920.0,1378,20182.686189
4560.0,2181,20196.127519
2380.0,1562,20205.742807
3760.0,1981,20218.025846
1460.0,988,20224.094213
220.0,560,20227.515652
360.0,523,20230.696705
2340.0,1589,20240.458949
4560.0,2236,20254.227352
820.0,816,20259.202892
2720.0,1731,20269.811564
5480.0,2440,20284.809595
2280.0,1305,20292.797013
980.0,793,20297.637038
700.0,790,20302.452295
2860.0,1705,20312.917345
2600.0,1653,20323.029301
2680.0,1994,20335.355352
2460.0,1571,20344.965098
4020.0,2275,20358.929697
1040.0,937,20364.64677
2560.0,1796,20375.665282
340.0,504,20378.727945
2020.0,1658,20388.899016
1780.0,1495,20398.072004
2040.0,1493,20407.209918
2880.0,1607,20417.079842
3520.0,1776,20428.029282
3100.0,1900,20439.687229
3500.0,1774,20450.6015
3140.0,1916,20462.433987
4460.0,2344,20476.918452
1700.0,1416,20485.617386
1540.0,1250,20493.299454
2720.0,1462,20502.282426
1420.0,1250,20509.935738
2800.0,1502,20519.191428
1240.0,1407,20527.831756
1000.0,832,20532.922829
1740.0,1474,20542.001837
3080.0,1822,20553.199592
800.0,712,20557.561614
560.0,651,20561.551068
1420.0,1104,20568.349563
2840.0,2015,20580.8127
1280.0,1236,20588.418984
3040.0,1811,20599.524141
2320.0,1668,20609.775388
1820.0,1672,20620.03826
1400.0,1511,20629.370719
1360.0,1175,20636.661216
1180.0,1478,20645.683219
1700.0,1551,20655.212925
2220.0,1658,20665.405746
240.0,548,20668.761503
1360.0,1374,20677.209118
3780.0,2197,20690.771109
740.0,828,20695.890601
3560.0,2204,20709.511604
1740.0,1647,20719.645775
2020.0,1478,20728.812111
540.0,838,20733.998747
1120.0,997,20740.191123
1780.0,1761,20751.168015
2900.0,2028,20763.789644
1960.0,1558,20773.423287
3220.0,1812,20784.700247
2400.0,1542,20794.303351
2860.0,2125,20807.453657
940.0,916,20813.162103
1320.0,1277,20821.106347
3360.0,1882,20832.815982
1820.0,1514,20842.199101
1260.0,1195,20849.611357
1140.0,1241,20857.417413
4120.0,2207,20871.163605
3740.0,2239,20885.041063
2560.0,1743,20895.885068
2380.0,1720,20906.570071
1640.0,1129,20913.55671
1260.0,1428,20922.397581
1740.0,1471,20931.534302
3040.0,2000,20943.991036
1880.0,1864,20955.574973
680.0,1088,20962.317598
2100.0,1411,20971.07747
3600.0,1991,20983.446105
1640.0,1629,20993.561633
3400.0,2197,21007.217879
1000.0,892,21012.74005
840.0,1166,21019.92301
1260.0,1310,21028.056627
100.0,486,21031.023063
280.0,614,21034.788633
2160.0,1591,21044.633263
3160.0,2187,21058.272213
480.0,750,21062.896887
2600.0,1999,21075.30624
2820.0,2030,21087.885339
2320.0,1684,21098.335228
80.0,462,21101.180083
1800.0,1322,21109.354731
1440.0,1499,21118.653024
1660.0,1349,21127.021626
80.0,461,21129.828015
2140.0,2030,21142.466343
1380.0,1257,21150.238218
1880.0,1472,21159.339319
3880.0,2121,21172.559123
2620.0,1661,21182.879534
2020.0,1600,21192.804292
860.0,910,21198.442969
1040.0,1204,21205.932613
2660.0,1664,21216.299699
2900.0,2190,21229.853689
680.0,719,21234.400058
3220.0,1742,21245.325167
1160.0,971,21251.345235
