#{"t_start": 1538252573.1010141, "env_id": "KangarooNoFrameskip-v4"}
r,l,t
400.0,674,3.709776
0.0,408,4.674724
0.0,344,5.488438
0.0,553,6.798545
200.0,433,7.824714
0.0,407,8.792046
0.0,375,9.674964
0.0,303,10.391464
400.0,408,11.35334
400.0,655,12.915752
200.0,608,14.364751
400.0,474,15.493102
0.0,417,16.479687
0.0,415,17.457293
0.0,305,18.17154
0.0,464,19.280939
0.0,342,20.085809
200.0,406,21.045937
200.0,417,22.04265
200.0,603,23.485593
0.0,595,24.90607
200.0,474,26.029954
0.0,424,28.421107
0.0,600,32.156676
0.0,348,34.273887
0.0,497,37.30014
400.0,676,41.490068
0.0,625,45.338827
0.0,664,49.433473
0.0,297,51.208591
0.0,407,53.667574
200.0,631,57.603847
0.0,558,61.016694
0.0,359,63.203342
200.0,597,66.845899
0.0,489,69.802419
400.0,403,72.240113
0.0,484,75.23686
0.0,414,77.730615
200.0,513,80.87968
0.0,340,83.037292
0.0,760,87.841254
0.0,461,90.94726
0.0,408,93.429487
0.0,387,95.789335
0.0,299,97.578273
0.0,592,101.244672
200.0,440,103.918249
0.0,362,106.13549
0.0,415,108.651999
0.0,289,110.37315
0.0,621,114.171604
0.0,526,117.387417
0.0,502,120.419338
0.0,414,122.927729
0.0,663,127.026193
0.0,502,130.139353
0.0,538,133.407896
0.0,596,137.038543
0.0,409,139.524234
0.0,600,143.196799
0.0,297,144.975583
200.0,473,147.922089
200.0,543,151.257913
0.0,293,153.10773
0.0,491,156.097809
0.0,535,159.358305
200.0,408,161.841022
0.0,536,165.143563
0.0,405,167.654257
200.0,579,171.179167
0.0,347,173.259762
200.0,601,177.032495
0.0,798,181.957205
0.0,340,184.058612
200.0,534,187.356414
200.0,656,191.471682
0.0,597,195.11191
0.0,415,197.647249
0.0,402,200.112413
0.0,280,201.78849
200.0,543,205.141642
0.0,573,208.687321
0.0,503,211.805634
0.0,475,214.719922
0.0,344,216.836619
200.0,342,218.954046
200.0,535,222.21371
0.0,605,225.961549
0.0,527,229.186203
0.0,608,232.945421
0.0,412,235.474729
200.0,489,238.464983
0.0,471,241.373273
0.0,466,244.204735
200.0,597,248.009805
0.0,667,252.138439
0.0,555,255.553762
0.0,542,258.927742
0.0,306,260.800607
0.0,542,264.13046
0.0,630,268.080868
200.0,545,271.410794
0.0,551,274.816118
0.0,529,278.076284
0.0,500,281.129495
0.0,484,284.074147
0.0,731,288.562345
200.0,620,292.497344
0.0,468,295.411498
0.0,559,298.8313
200.0,487,301.861522
0.0,533,305.207389
400.0,610,308.953432
0.0,419,311.582379
0.0,537,314.870336
200.0,553,318.397706
0.0,602,322.135037
0.0,487,325.184232
0.0,369,327.434429
0.0,524,330.755823
0.0,295,332.598063
0.0,396,335.041366
0.0,367,337.272879
0.0,555,340.643426
0.0,667,344.796633
0.0,431,347.421362
0.0,413,349.957014
0.0,516,353.206735
0.0,541,356.667102
400.0,550,360.082217
0.0,658,364.148186
0.0,528,367.419939
0.0,716,371.912601
0.0,728,376.410028
400.0,644,380.375885
0.0,477,383.297476
200.0,597,386.983147
0.0,546,390.368777
0.0,561,393.928348
0.0,723,398.457298
0.0,379,400.878633
0.0,566,404.369334
0.0,485,407.357407
200.0,580,410.897618
0.0,424,413.507013
0.0,456,416.316855
200.0,660,420.368734
0.0,504,423.463397
0.0,681,427.626942
0.0,545,430.949529
0.0,546,434.385759
0.0,562,437.819493
0.0,792,442.69546
0.0,546,446.058084
0.0,674,450.189552
0.0,611,453.951855
0.0,566,457.560659
0.0,424,460.192861
0.0,502,463.313146
0.0,393,465.687613
200.0,515,468.836293
200.0,624,472.674186
200.0,446,475.417579
0.0,522,478.625853
0.0,547,481.971882
200.0,549,485.307706
0.0,679,489.506545
200.0,441,492.197368
0.0,420,494.765839
0.0,561,498.257892
0.0,446,500.987708
0.0,279,502.693276
0.0,433,505.319834
0.0,497,508.366078
200.0,413,510.907765
0.0,372,513.173066
0.0,416,515.736661
0.0,550,519.168102
0.0,607,522.890847
0.0,361,525.063691
200.0,632,528.952975
0.0,669,533.10205
200.0,612,536.865673
200.0,495,539.899453
0.0,574,543.418591
0.0,550,546.882518
200.0,614,550.705403
0.0,424,553.356548
0.0,543,556.712095
0.0,543,560.103407
0.0,472,563.02954
200.0,672,567.175889
0.0,551,570.567753
200.0,416,573.102926
200.0,474,576.007204
0.0,363,578.224961
0.0,492,581.251991
400.0,540,584.61676
0.0,419,587.1837
0.0,410,589.748725
0.0,478,592.767556
200.0,415,595.274005
200.0,411,597.777429
0.0,411,600.287254
400.0,585,603.942076
0.0,483,607.033486
0.0,279,608.71676
0.0,366,610.92789
200.0,528,614.271742
0.0,410,616.793525
0.0,496,619.89012
0.0,547,623.248662
400.0,408,625.782835
0.0,343,627.897694
0.0,539,631.222462
0.0,287,632.957547
0.0,287,634.677825
0.0,399,637.129827
200.0,462,639.984335
0.0,398,642.414205
0.0,409,644.925492
0.0,525,648.248609
0.0,602,652.018587
0.0,418,654.567527
200.0,405,657.012497
200.0,406,659.488376
0.0,563,662.979483
0.0,418,665.542593
0.0,338,667.587154
0.0,272,669.235202
0.0,272,670.876418
0.0,412,673.375852
0.0,276,675.03457
0.0,411,677.526707
0.0,335,679.55803
0.0,370,681.825575
0.0,342,683.900833
0.0,606,687.701132
0.0,408,690.256136
200.0,338,692.413393
0.0,405,694.925971
200.0,467,697.823786
0.0,464,700.696042
0.0,438,703.39945
0.0,597,707.065788
0.0,539,710.441606
0.0,474,713.357951
0.0,508,716.578298
0.0,281,718.271407
0.0,485,721.270332
200.0,332,723.329202
200.0,599,726.999774
0.0,408,729.483105
400.0,603,733.22115
0.0,469,736.111405
200.0,610,739.9017
0.0,506,743.015983
200.0,591,746.658165
0.0,528,749.911763
200.0,716,754.412765
0.0,626,758.256772
0.0,628,762.104033
0.0,628,765.969283
0.0,666,770.154681
0.0,578,773.694157
0.0,685,777.980872
0.0,627,781.854507
0.0,746,786.49134
0.0,681,790.70831
200.0,758,795.358318
0.0,557,798.898533
0.0,562,802.504978
0.0,515,805.755038
0.0,685,810.047366
0.0,552,813.417908
0.0,592,817.041779
0.0,578,820.604672
0.0,619,824.384915
0.0,565,827.885299
0.0,629,831.77174
0.0,763,836.481302
0.0,524,839.81031
0.0,657,843.906662
0.0,482,846.841782
0.0,528,850.082253
200.0,756,854.791518
0.0,655,858.89021
0.0,582,862.53426
0.0,558,865.967048
0.0,715,870.449823
0.0,453,873.214207
0.0,655,877.359592
200.0,630,881.279706
0.0,492,884.359222
0.0,692,888.637639
0.0,515,891.797805
0.0,534,895.160848
400.0,626,899.091925
0.0,520,902.277399
0.0,499,905.343541
0.0,612,909.112139
0.0,583,912.723067
0.0,632,916.670595
0.0,612,920.54457
0.0,692,924.842445
0.0,574,928.403324
200.0,447,931.127128
0.0,621,935.022559
0.0,611,938.871683
0.0,641,942.997779
0.0,620,946.876372
400.0,555,950.328997
0.0,375,952.639037
0.0,503,955.758823
0.0,540,959.138489
0.0,489,962.141501
0.0,581,965.700536
0.0,548,969.081314
0.0,456,971.880932
0.0,506,975.086694
0.0,551,978.498049
200.0,535,981.8142
0.0,361,984.012618
0.0,799,988.947829
0.0,545,992.322643
0.0,675,996.686128
200.0,416,999.224197
200.0,501,1002.284542
200.0,738,1006.847795
0.0,741,1011.433174
0.0,619,1015.230952
0.0,497,1018.331453
600.0,730,1022.95751
200.0,510,1026.120576
200.0,543,1029.501803
200.0,554,1032.960773
0.0,423,1035.538181
0.0,542,1038.84895
0.0,434,1041.529527
0.0,759,1046.303539
0.0,633,1050.182268
200.0,547,1053.591883
0.0,489,1056.674079
0.0,377,1058.972192
0.0,675,1063.189176
0.0,544,1066.587605
0.0,622,1070.457282
0.0,649,1074.545123
0.0,553,1077.984597
200.0,527,1081.284596
0.0,435,1083.924051
0.0,423,1086.546489
0.0,559,1090.107924
200.0,578,1093.683175
0.0,603,1097.602866
200.0,621,1101.414358
200.0,400,1103.880763
0.0,344,1105.976301
200.0,678,1110.192127
0.0,543,1113.551242
0.0,492,1116.569181
0.0,478,1119.499278
0.0,608,1123.306699
0.0,544,1126.642974
0.0,544,1130.026374
0.0,342,1132.143768
0.0,416,1134.708435
0.0,602,1138.443452
0.0,531,1141.711015
0.0,529,1144.994012
200.0,545,1148.440562
0.0,486,1151.442183
0.0,498,1154.491994
0.0,484,1157.451312
0.0,610,1161.324551
0.0,600,1165.012191
200.0,475,1167.988696
0.0,529,1171.230343
200.0,555,1174.642167
400.0,477,1177.588846
0.0,525,1180.801107
0.0,521,1184.09167
0.0,596,1187.781337
200.0,598,1191.592509
0.0,612,1195.407048
0.0,592,1199.086154
200.0,600,1202.809213
0.0,553,1206.211223
0.0,733,1210.762082
0.0,418,1213.322019
200.0,540,1216.675931
0.0,609,1220.413207
0.0,531,1223.667537
0.0,474,1226.561164
0.0,609,1230.352924
400.0,663,1234.564763
0.0,356,1236.766769
200.0,349,1238.904327
0.0,477,1241.828712
400.0,478,1244.766526
200.0,666,1248.919833
400.0,670,1253.129376
0.0,426,1255.800585
0.0,421,1258.384409
200.0,550,1261.79619
200.0,542,1265.196401
200.0,609,1269.001821
0.0,472,1271.979043
200.0,555,1275.393093
0.0,539,1278.773555
400.0,539,1282.210532
0.0,545,1285.567482
0.0,543,1288.937142
0.0,366,1291.2269
200.0,673,1295.449618
0.0,472,1298.341558
0.0,505,1301.447589
200.0,606,1305.188876
200.0,543,1308.524748
200.0,598,1312.256629
200.0,400,1314.723353
200.0,471,1317.614942
200.0,612,1321.372963
200.0,681,1325.557938
200.0,476,1328.566742
0.0,285,1330.304817
200.0,539,1333.669479
0.0,646,1337.646883
0.0,663,1341.856713
200.0,467,1344.706057
200.0,485,1347.71163
200.0,591,1351.349822
200.0,476,1354.297235
200.0,613,1358.1459
200.0,531,1361.428052
0.0,521,1364.6489
200.0,532,1367.935152
200.0,532,1371.243341
0.0,529,1374.545132
0.0,533,1377.838646
400.0,488,1380.86557
200.0,363,1383.101867
400.0,751,1387.832493
0.0,566,1391.315115
0.0,490,1394.489456
200.0,593,1398.200379
0.0,619,1402.087004
200.0,591,1405.763994
0.0,426,1408.395428
0.0,415,1410.930287
200.0,664,1415.017912
0.0,535,1418.290852
0.0,498,1421.374272
0.0,850,1426.714962
200.0,464,1429.620449
0.0,600,1433.371719
0.0,542,1436.76465
0.0,540,1440.116756
0.0,444,1442.868459
0.0,534,1446.192118
0.0,610,1450.000411
200.0,603,1453.709635
0.0,487,1456.7278
200.0,735,1461.335185
200.0,612,1465.110975
0.0,605,1468.937421
0.0,607,1472.73751
200.0,403,1475.205333
400.0,549,1478.580271
0.0,472,1481.519616
200.0,552,1484.956996
200.0,668,1489.07375
400.0,671,1493.22461
200.0,609,1497.006995
0.0,553,1500.446752
200.0,349,1502.592483
0.0,471,1505.508757
200.0,495,1508.598249
200.0,546,1512.017846
0.0,404,1514.528029
200.0,419,1517.081856
0.0,504,1520.180314
0.0,596,1523.871777
200.0,735,1528.453062
0.0,609,1532.257022
0.0,545,1535.622143
0.0,425,1538.246581
200.0,423,1540.882799
400.0,634,1544.803641
200.0,546,1548.217347
0.0,546,1551.558689
200.0,738,1556.14376
0.0,606,1559.965257
0.0,670,1564.097558
0.0,667,1568.257106
0.0,680,1572.512939
0.0,470,1575.462586
0.0,742,1580.144194
200.0,601,1583.85169
200.0,541,1587.17728
600.0,867,1592.644315
200.0,729,1597.144512
200.0,413,1599.664176
400.0,676,1603.844749
0.0,610,1607.664516
200.0,674,1611.865134
200.0,678,1616.064455
200.0,542,1619.40259
0.0,464,1622.297814
0.0,479,1625.26042
0.0,547,1628.650439
200.0,731,1633.144414
0.0,417,1635.693374
0.0,356,1637.884354
400.0,543,1641.284747
600.0,732,1645.901983
0.0,352,1648.142705
400.0,677,1652.441695
400.0,537,1655.772106
200.0,610,1659.655686
200.0,408,1665.007017
200.0,537,1668.502536
400.0,702,1672.890481
0.0,277,1674.57409
200.0,479,1677.574116
600.0,681,1681.814039
200.0,416,1684.3743
200.0,602,1688.102893
200.0,548,1691.562014
200.0,736,1696.187388
200.0,417,1698.753682
0.0,363,1700.970846
400.0,593,1704.657448
200.0,413,1707.182826
200.0,609,1711.027841
200.0,340,1713.120193
200.0,621,1716.994951
200.0,605,1720.870852
0.0,451,1723.707723
200.0,433,1726.377726
0.0,664,1730.538295
400.0,669,1734.800411
200.0,676,1739.036041
200.0,533,1742.495946
400.0,537,1745.82253
400.0,588,1749.470632
400.0,533,1752.779873
600.0,741,1757.471777
600.0,668,1761.685977
200.0,468,1764.607771
200.0,536,1767.948035
400.0,653,1772.010354
800.0,669,1776.162089
0.0,400,1778.617702
200.0,595,1782.30458
200.0,472,1785.27086
600.0,685,1789.574056
800.0,476,1792.984593
400.0,592,1796.681589
400.0,470,1799.612724
200.0,564,1803.141051
0.0,334,1805.195792
200.0,536,1808.540277
200.0,526,1811.89045
400.0,663,1816.043785
400.0,733,1820.699937
200.0,670,1824.870941
200.0,529,1828.172611
400.0,533,1831.512793
200.0,730,1836.122936
200.0,549,1839.567266
200.0,505,1842.733567
400.0,633,1846.671352
200.0,345,1848.878644
200.0,473,1851.915513
0.0,662,1856.055306
200.0,727,1860.585853
0.0,480,1863.598981
200.0,630,1867.510485
0.0,460,1870.345083
200.0,442,1873.109666
0.0,697,1877.485852
200.0,670,1881.650349
200.0,633,1885.65545
0.0,382,1888.031297
0.0,310,1889.915385
0.0,667,1894.06122
0.0,748,1898.762345
400.0,556,1902.272487
400.0,586,1905.944025
400.0,718,1910.443435
0.0,556,1913.880666
200.0,625,1917.788655
400.0,556,1921.276879
200.0,815,1926.394472
400.0,661,1930.60447
400.0,578,1934.330503
200.0,665,1938.497086
400.0,879,1944.024767
400.0,676,1948.21942
200.0,742,1952.80796
200.0,557,1956.269158
400.0,628,1960.220105
200.0,478,1963.159444
200.0,669,1967.311583
0.0,569,1970.858454
200.0,425,1973.466813
400.0,619,1977.297265
200.0,504,1980.423871
200.0,558,1983.882516
200.0,726,1988.391265
600.0,666,1992.539394
800.0,717,1997.01907
600.0,679,2001.239163
400.0,608,2005.025889
800.0,671,2009.184597
400.0,556,2012.708804
600.0,501,2015.813253
400.0,524,2019.171995
800.0,614,2023.024195
200.0,555,2026.631277
400.0,502,2029.781964
1000.0,860,2035.225337
600.0,619,2039.098212
400.0,692,2043.518821
600.0,721,2048.319421
200.0,564,2051.815997
600.0,487,2054.906841
400.0,662,2059.055348
800.0,801,2064.144932
600.0,658,2068.278986
600.0,662,2072.372044
400.0,799,2077.369761
800.0,621,2081.284479
600.0,602,2085.015918
200.0,598,2088.705971
200.0,398,2091.155287
400.0,484,2094.137972
800.0,671,2098.411768
800.0,665,2102.550536
0.0,532,2105.943453
200.0,427,2108.571547
200.0,405,2111.390773
200.0,344,2113.53604
200.0,346,2115.649337
800.0,731,2120.197814
800.0,733,2124.794008
0.0,431,2127.442591
400.0,603,2131.244869
200.0,430,2133.874845
400.0,614,2137.720041
200.0,558,2141.209861
600.0,623,2145.099668
400.0,603,2148.877489
800.0,542,2152.313754
800.0,547,2155.720818
1000.0,731,2160.281794
400.0,728,2164.83108
400.0,594,2168.530084
0.0,531,2171.881137
800.0,596,2175.562431
600.0,495,2178.652606
600.0,548,2182.060515
600.0,721,2186.620452
200.0,500,2189.710144
800.0,541,2193.113694
1000.0,736,2197.779459
1000.0,728,2202.359935
400.0,554,2205.854375
1600.0,930,2211.714229
400.0,598,2215.418364
400.0,543,2218.797279
600.0,561,2222.26079
200.0,364,2224.520547
1200.0,577,2228.158649
600.0,603,2231.934777
800.0,605,2235.745686
600.0,544,2239.397887
400.0,423,2242.070026
600.0,601,2245.829062
800.0,732,2250.420325
800.0,543,2253.874605
600.0,660,2258.002783
800.0,721,2262.601797
600.0,595,2266.345228
400.0,536,2269.698019
600.0,476,2272.653276
800.0,499,2275.727987
600.0,558,2279.251576
1000.0,606,2283.058748
200.0,467,2285.922042
400.0,543,2289.341199
200.0,539,2292.777974
1000.0,663,2296.931396
200.0,404,2299.49651
0.0,363,2302.238844
0.0,488,2305.244939
400.0,603,2309.004653
600.0,531,2312.305553
1000.0,609,2316.065016
400.0,493,2319.135439
600.0,589,2322.869156
0.0,344,2324.977032
800.0,509,2328.14088
600.0,658,2332.205659
400.0,594,2335.944581
400.0,495,2339.019194
400.0,661,2343.241212
400.0,603,2347.033138
600.0,501,2350.180512
200.0,435,2352.901835
200.0,474,2355.827068
400.0,432,2358.509854
400.0,535,2361.933398
600.0,666,2366.209962
400.0,427,2368.833356
600.0,538,2372.162664
200.0,610,2375.949307
200.0,561,2379.423169
400.0,474,2382.431621
200.0,437,2385.197432
200.0,380,2387.564837
0.0,376,2389.933403
200.0,451,2392.801354
200.0,602,2396.590824
600.0,493,2399.639674
400.0,503,2402.742656
400.0,499,2405.914547
600.0,563,2409.433208
200.0,574,2413.035452
600.0,573,2416.59386
400.0,626,2420.537993
1000.0,791,2425.548328
400.0,406,2428.037202
1200.0,669,2432.222748
600.0,596,2435.986679
600.0,475,2438.977704
800.0,602,2442.714199
800.0,600,2446.501977
600.0,687,2450.822578
400.0,414,2453.371629
1000.0,630,2457.374331
400.0,400,2459.856575
800.0,533,2463.176012
400.0,408,2465.718
1000.0,541,2469.107682
800.0,598,2472.864586
600.0,662,2476.960597
1000.0,539,2480.377757
1200.0,670,2484.58496
800.0,801,2489.626798
800.0,729,2494.174271
400.0,499,2497.32677
1000.0,674,2501.62985
200.0,428,2504.30658
800.0,570,2507.838684
600.0,664,2512.019676
1000.0,732,2516.711163
600.0,664,2520.860496
800.0,567,2524.369421
1000.0,556,2527.934165
800.0,560,2531.401256
1200.0,634,2535.546286
800.0,476,2538.490379
400.0,430,2541.139812
1000.0,544,2544.635873
400.0,606,2548.414118
1400.0,672,2552.599072
800.0,636,2556.867817
0.0,363,2559.101789
600.0,608,2562.94183
200.0,497,2566.013741
1200.0,569,2569.56336
400.0,570,2573.202411
800.0,622,2577.069581
800.0,668,2581.34697
1000.0,670,2585.509051
1200.0,733,2590.151571
600.0,563,2593.614001
800.0,579,2597.180643
400.0,589,2600.843174
200.0,495,2603.869277
800.0,860,2609.346164
600.0,664,2613.476396
800.0,578,2617.116523
600.0,670,2621.323915
600.0,670,2625.484672
800.0,702,2629.844416
400.0,614,2633.670474
600.0,669,2637.811362
1000.0,675,2642.047746
200.0,534,2645.394228
1200.0,679,2649.718036
1200.0,615,2653.602176
800.0,615,2657.438567
1000.0,794,2662.489389
800.0,661,2666.618031
400.0,538,2669.991365
1000.0,602,2673.797267
1200.0,606,2677.552036
1200.0,772,2682.35614
1200.0,667,2686.506139
1000.0,615,2690.354421
800.0,729,2694.994578
1200.0,735,2699.567981
1200.0,553,2703.035054
600.0,551,2706.495906
1200.0,541,2709.928057
800.0,544,2713.297122
600.0,741,2717.892454
400.0,468,2720.801013
1400.0,606,2724.594463
1400.0,730,2729.179524
800.0,726,2733.745542
1000.0,708,2738.173531
800.0,481,2741.203501
1200.0,739,2745.791002
1200.0,673,2750.525705
1000.0,554,2753.963168
600.0,537,2757.322817
1200.0,607,2761.173395
1000.0,742,2766.006514
1000.0,606,2769.84904
400.0,558,2773.328569
600.0,743,2777.943886
600.0,603,2781.670137
1000.0,603,2785.445853
800.0,536,2788.757946
1400.0,672,2792.973517
800.0,621,2796.874055
1400.0,799,2801.930867
200.0,414,2804.478292
1200.0,605,2808.233968
800.0,601,2812.272083
600.0,499,2815.34483
800.0,570,2818.865695
1600.0,675,2823.123469
1000.0,731,2827.72446
1200.0,669,2831.915962
800.0,480,2834.880081
1200.0,550,2838.298134
1600.0,678,2842.547845
1000.0,665,2846.693319
800.0,607,2850.516328
800.0,536,2853.87296
1400.0,672,2858.107286
1200.0,732,2862.766204
800.0,672,2866.917455
800.0,558,2870.417302
1400.0,677,2874.741469
800.0,542,2878.074526
1400.0,679,2882.419172
800.0,620,2886.259235
1600.0,733,2890.882624
1600.0,742,2895.523919
1000.0,677,2899.756438
1000.0,739,2904.394498
1200.0,563,2907.976721
800.0,600,2911.768698
1200.0,614,2915.602267
1400.0,677,2919.789144
1000.0,740,2924.52452
1000.0,669,2928.691185
1600.0,680,2933.022038
1200.0,677,2937.776551
1400.0,678,2942.052624
1600.0,671,2946.357445
1800.0,675,2950.612238
1600.0,677,2954.801775
1000.0,673,2958.992029
1800.0,676,2963.262286
800.0,680,2967.548142
800.0,606,2971.337088
1600.0,674,2975.565632
1200.0,732,2980.195188
1000.0,732,2984.751986
800.0,536,2988.130894
600.0,507,2991.257981
1000.0,544,2994.629209
1400.0,673,2998.875763
1200.0,610,3002.981662
1800.0,677,3007.215539
1800.0,678,3011.415054
1800.0,681,3015.695494
1000.0,739,3020.283612
2000.0,739,3024.913449
1600.0,733,3029.513817
600.0,607,3033.292739
800.0,475,3036.252112
800.0,545,3039.619206
1000.0,599,3043.352093
800.0,544,3046.738617
1200.0,540,3050.076641
1400.0,675,3054.278866
1000.0,678,3058.507872
2000.0,739,3063.12645
2000.0,743,3068.532344
1800.0,682,3072.763946
2000.0,740,3077.372618
1200.0,677,3081.574685
1200.0,671,3085.75031
1000.0,613,3089.575179
1800.0,806,3094.6405
1000.0,541,3098.05572
1800.0,680,3102.271238
1400.0,674,3106.50621
1200.0,676,3110.780029
1800.0,740,3115.579782
1200.0,543,3118.996335
400.0,472,3121.916328
1800.0,682,3126.180536
1000.0,545,3129.859816
1400.0,605,3133.639561
1200.0,547,3137.05331
1200.0,545,3140.461039
800.0,606,3144.27609
1200.0,544,3147.720713
1600.0,805,3152.719858
1800.0,678,3156.967861
1800.0,739,3161.613191
1200.0,605,3165.360522
1400.0,608,3169.123587
1400.0,675,3173.301707
1400.0,677,3177.571263
1800.0,740,3182.28087
1200.0,540,3185.702996
1200.0,548,3189.122505
1600.0,744,3194.204366
1600.0,744,3198.821919
1600.0,678,3203.123519
1800.0,681,3207.363377
1800.0,742,3212.050578
1600.0,681,3216.297811
1200.0,674,3220.538004
1600.0,679,3224.724948
600.0,415,3227.313665
1600.0,677,3231.500768
1400.0,680,3235.741081
1800.0,678,3240.095042
1400.0,674,3244.283929
1200.0,610,3248.206552
1800.0,680,3252.409523
1800.0,676,3256.73508
800.0,542,3260.070759
1800.0,680,3264.307444
1400.0,680,3268.537356
1600.0,676,3272.753361
1800.0,680,3277.002403
1200.0,672,3281.200139
1800.0,678,3285.422076
1600.0,671,3289.578664
2000.0,798,3294.562128
1800.0,675,3298.753954
1800.0,681,3303.090376
1800.0,734,3307.690868
2000.0,740,3312.359074
2000.0,809,3317.432707
1800.0,679,3322.037512
2000.0,804,3327.169989
1400.0,671,3331.338458
1600.0,681,3335.574655
800.0,666,3339.746113
1600.0,677,3344.037453
1800.0,869,3349.45821
1000.0,545,3352.841738
1200.0,550,3356.305149
1800.0,677,3360.63701
1400.0,609,3364.505216
2400.0,873,3370.029119
1800.0,677,3374.231975
2200.0,807,3379.354883
1400.0,605,3383.165419
1200.0,547,3387.971577
1600.0,670,3392.219172
2000.0,741,3396.82636
1400.0,682,3401.117915
1200.0,669,3405.268808
1600.0,671,3409.54167
1800.0,677,3413.774876
1800.0,745,3418.475337
1600.0,676,3422.722969
2200.0,803,3427.74074
1600.0,669,3431.948801
1600.0,672,3436.235656
1600.0,676,3440.528368
1600.0,681,3444.763349
1400.0,671,3449.310832
1800.0,675,3453.52081
1800.0,679,3457.732115
1200.0,550,3461.172449
2000.0,741,3465.768093
2000.0,741,3470.347765
1600.0,678,3474.622263
2000.0,805,3479.662708
1800.0,674,3483.87135
1200.0,671,3488.195864
1800.0,800,3493.29326
1800.0,682,3497.572125
1400.0,733,3502.21916
1800.0,678,3506.473993
1400.0,721,3511.00837
1600.0,670,3515.200902
1600.0,805,3520.215338
1600.0,744,3524.881265
1800.0,744,3529.543153
1400.0,680,3533.797671
1800.0,673,3537.994748
1800.0,739,3542.608528
1200.0,606,3546.365694
1600.0,667,3550.514022
1600.0,680,3554.79088
1200.0,607,3558.585182
1200.0,604,3562.393013
2000.0,743,3567.011409
800.0,605,3570.775598
1800.0,795,3575.77296
1600.0,739,3580.488047
1000.0,606,3584.246104
1400.0,604,3588.051563
1200.0,544,3591.467851
1600.0,728,3596.028798
1800.0,676,3600.310745
1600.0,682,3604.547148
1200.0,604,3608.360498
600.0,537,3611.773818
1200.0,614,3615.596967
400.0,538,3619.04924
800.0,605,3622.864039
1800.0,679,3627.142642
1600.0,679,3631.373323
1600.0,681,3635.617363
600.0,474,3638.667772
1400.0,676,3642.854851
800.0,480,3645.8092
1000.0,554,3649.234099
1600.0,739,3653.930659
1600.0,744,3658.560557
1200.0,606,3662.367715
2000.0,808,3667.462151
1000.0,546,3670.861827
800.0,537,3674.204603
1400.0,677,3678.457013
1400.0,681,3682.793304
1200.0,546,3686.301163
1600.0,799,3691.283304
1600.0,732,3695.84506
800.0,476,3698.790606
1200.0,606,3702.603591
600.0,469,3705.549439
1200.0,604,3709.301761
1800.0,679,3713.632518
1200.0,616,3717.512071
800.0,478,3720.486892
1000.0,531,3723.790519
1000.0,599,3727.497456
600.0,413,3730.046041
800.0,597,3733.839422
1200.0,601,3737.578904
600.0,534,3740.876681
1800.0,676,3745.077569
1800.0,673,3749.261618
1000.0,540,3752.671087
1000.0,543,3756.05917
1600.0,669,3760.24001
1800.0,677,3764.428921
2200.0,807,3769.484972
1800.0,734,3774.11659
2200.0,923,3779.965559
1000.0,535,3783.298229
1400.0,608,3787.083581
1600.0,675,3791.342077
800.0,603,3795.200845
1800.0,680,3799.434715
1400.0,671,3803.671808
2200.0,805,3808.797755
1800.0,680,3813.028953
1600.0,670,3817.180426
1400.0,674,3821.461014
2000.0,741,3826.1119
1200.0,607,3829.9782
1200.0,678,3834.183665
1800.0,733,3838.836465
1800.0,679,3843.066178
1800.0,680,3847.288655
1400.0,607,3851.130433
2000.0,741,3855.789577
1800.0,678,3859.996835
1800.0,679,3864.207109
1800.0,796,3869.207623
1800.0,682,3873.440151
1800.0,742,3878.020592
1600.0,680,3882.326915
1200.0,546,3885.716828
2000.0,743,3890.400858
1800.0,679,3894.608086
1800.0,871,3900.077662
3400.0,1191,3907.596375
1600.0,674,3911.82819
800.0,539,3915.256489
1600.0,674,3919.508636
2000.0,804,3924.553057
1800.0,809,3929.570456
1600.0,683,3933.834302
2200.0,809,3939.002499
2000.0,807,3944.016343
1800.0,742,3948.705547
1600.0,679,3952.993968
1600.0,681,3959.008381
1600.0,669,3963.198891
2200.0,808,3968.232862
2000.0,805,3973.314815
2200.0,806,3978.326102
1600.0,670,3982.554462
2200.0,808,3987.698766
1600.0,741,3992.395627
2000.0,808,3997.42672
1800.0,809,4002.588969
1400.0,681,4006.911322
1600.0,680,4011.129556
1800.0,740,4015.871378
1800.0,679,4020.374215
2000.0,809,4025.885391
2000.0,810,4030.997511
2000.0,861,4036.516584
2000.0,742,4041.291876
1800.0,734,4045.902902
2000.0,799,4051.002759
1400.0,603,4054.797815
2200.0,808,4059.847256
2000.0,741,4064.458032
1200.0,668,4068.645336
1800.0,675,4072.826351
1400.0,678,4077.193732
1800.0,741,4081.837989
2200.0,803,4086.85757
2000.0,742,4091.554778
1800.0,678,4095.751468
2000.0,746,4100.405602
1800.0,674,4104.599224
2000.0,803,4109.631112
2000.0,808,4114.721578
1400.0,682,4118.965166
1200.0,545,4122.435944
2600.0,931,4128.35376
1800.0,679,4132.589314
1800.0,677,4136.807556
1800.0,682,4141.118487
2200.0,804,4146.137708
1800.0,742,4151.301298
1800.0,743,4155.934546
2000.0,745,4160.683305
1600.0,668,4164.920128
2600.0,1066,4171.625465
2400.0,869,4177.125443
1600.0,741,4181.738309
2200.0,804,4186.823861
2800.0,1059,4193.588137
2000.0,810,4198.721847
2200.0,805,4203.73978
2000.0,809,4208.895928
2200.0,936,4216.454438
2200.0,803,4221.554406
2200.0,867,4227.057348
2000.0,803,4232.076898
2200.0,810,4237.139423
1600.0,738,4241.758661
2400.0,868,4247.177131
2000.0,798,4252.261831
1800.0,681,4256.540801
2000.0,741,4261.185123
1600.0,735,4265.830633
1800.0,680,4270.156883
1600.0,681,4274.459565
1600.0,801,4279.471904
2400.0,934,4285.932507
2400.0,937,4291.766096
2200.0,1055,4298.389612
2200.0,806,4303.545058
1600.0,681,4307.80783
2000.0,747,4312.427911
1600.0,682,4316.63786
2200.0,806,4321.685893
600.0,458,4324.553567
1400.0,615,4328.403843
2400.0,936,4334.323108
2600.0,933,4340.253532
2200.0,805,4345.339483
2400.0,936,4351.226855
1200.0,673,4355.410841
2200.0,805,4360.462666
2200.0,804,4365.473099
1800.0,805,4370.509132
3000.0,1060,4377.113328
2000.0,804,4382.142612
1800.0,742,4386.760926
2400.0,931,4392.593743
1800.0,739,4397.28796
1600.0,794,4402.276448
1200.0,677,4406.54829
400.0,712,4411.008886
800.0,568,4414.587806
1200.0,551,4418.129332
600.0,426,4420.746097
600.0,486,4423.76686
1000.0,611,4427.577013
800.0,551,4431.05054
1200.0,613,4434.893107
1000.0,545,4438.305182
2000.0,934,4444.210554
1800.0,734,4448.867961
1600.0,677,4453.129923
1600.0,671,4457.301482
2200.0,866,4462.753916
2400.0,997,4469.142305
2200.0,807,4474.180506
1600.0,669,4478.393929
2000.0,742,4483.001034
1600.0,807,4488.10762
1800.0,684,4492.382925
2000.0,804,4497.477464
1800.0,798,4502.431819
2600.0,938,4508.325879
1600.0,737,4512.960455
1400.0,672,4517.15973
1600.0,736,4521.706132
2000.0,804,4526.804242
2400.0,933,4532.661131
2600.0,936,4538.501676
1800.0,682,4542.730726
2200.0,804,4547.899611
2200.0,808,4553.062844
3200.0,1191,4560.618121
2600.0,931,4566.540351
2200.0,808,4571.597818
600.0,418,4574.179517
1800.0,811,4579.304527
1800.0,742,4583.927974
1600.0,670,4588.09535
2000.0,745,4592.770626
2000.0,745,4597.422089
2200.0,930,4603.268184
1800.0,806,4608.279148
2000.0,800,4613.321742
1400.0,681,4617.609973
1600.0,668,4621.773133
2000.0,799,4626.759207
2400.0,933,4632.648121
1800.0,681,4636.900706
2000.0,808,4641.974297
1800.0,742,4646.657753
800.0,534,4650.090371
1000.0,547,4653.474578
2000.0,745,4658.137672
2000.0,743,4662.85998
2600.0,1059,4669.602322
2200.0,805,4674.650875
1000.0,599,4678.451868
3000.0,1063,4685.118538
1600.0,677,4689.511509
1400.0,671,4693.740444
1400.0,615,4697.525509
1600.0,670,4701.771158
1800.0,681,4705.998783
1800.0,740,4710.776835
2400.0,939,4716.681316
1200.0,542,4720.109187
2400.0,938,4725.999449
2000.0,802,4731.026598
2000.0,802,4736.056228
2400.0,937,4741.904429
2400.0,869,4747.38656
2200.0,804,4752.445732
1600.0,680,4756.719998
1600.0,676,4760.925609
2200.0,871,4766.513478
1800.0,743,4771.110734
1600.0,744,4775.719477
1800.0,743,4780.326348
1600.0,680,4784.562266
2200.0,805,4789.578706
2600.0,936,4795.490064
2000.0,799,4800.460659
1600.0,675,4804.65527
1800.0,808,4809.777301
1600.0,748,4814.554058
2600.0,933,4820.438937
2000.0,807,4825.548998
1600.0,673,4829.770166
1600.0,788,4834.654182
2400.0,936,4840.548424
1800.0,794,4845.602952
2200.0,802,4850.636288
2200.0,807,4855.686148
2200.0,805,4860.740728
2400.0,937,4866.608723
2600.0,1054,4873.189772
1800.0,798,4878.227101
2600.0,935,4884.132688
2200.0,811,4889.214089
1800.0,807,4894.236522
2000.0,744,4898.902512
2000.0,871,4904.346725
2200.0,927,4910.163773
2200.0,801,4915.819571
2200.0,805,4920.822781
1400.0,613,4924.77716
1800.0,744,4929.45993
2200.0,807,4934.512893
1800.0,745,4939.157612
3000.0,1059,4945.754695
2400.0,926,4951.651135
2600.0,1060,4958.305644
3200.0,1192,4965.827282
2400.0,932,4971.758927
1200.0,607,4975.538556
2400.0,997,4984.122484
1600.0,800,4989.136388
1200.0,608,4992.920977
1400.0,666,4997.097347
1400.0,612,5000.961249
1000.0,669,5005.160021
1600.0,677,5009.365277
2200.0,807,5014.427771
2200.0,805,5019.490467
2000.0,793,5024.4564
1800.0,790,5029.405318
3000.0,1322,5037.764085
1800.0,806,5042.768006
2200.0,803,5047.877892
2800.0,1058,5054.717598
2000.0,744,5059.465101
2600.0,934,5065.274459
1800.0,734,5069.843829
1800.0,740,5074.472475
1200.0,612,5078.29539
2000.0,796,5083.313196
2600.0,937,5089.142723
3000.0,1065,5095.873554
2200.0,803,5100.941659
2400.0,872,5106.392191
1600.0,673,5110.562282
1600.0,674,5114.771802
1800.0,736,5119.37607
1200.0,616,5123.329011
1800.0,736,5127.947501
2400.0,869,5133.36259
2400.0,931,5139.187229
1800.0,872,5144.634547
1600.0,807,5149.631081
1400.0,605,5153.497106
2600.0,935,5159.598072
1800.0,811,5164.796613
2800.0,999,5171.098715
1400.0,612,5175.096796
1400.0,676,5179.289808
2600.0,938,5185.134069
2200.0,810,5190.196984
2200.0,804,5195.183745
2200.0,809,5200.235352
2200.0,934,5206.087946
1600.0,806,5211.10041
1200.0,607,5214.882768
1000.0,609,5218.663871
1600.0,805,5223.724697
2200.0,809,5228.76575
2000.0,804,5233.966925
2200.0,806,5239.118964
2200.0,809,5244.137586
2000.0,745,5248.829894
2200.0,804,5253.856988
2600.0,1063,5260.585965
2000.0,743,5265.246587
2200.0,810,5270.402801
2200.0,810,5275.446212
2400.0,933,5281.330743
3000.0,1180,5288.804838
1400.0,604,5292.591327
1600.0,672,5296.789139
2600.0,937,5302.709223
1600.0,671,5307.015972
3400.0,1189,5314.497632
2000.0,797,5319.521556
1800.0,679,5323.765792
2000.0,743,5328.392524
3200.0,1183,5335.846574
1600.0,869,5341.302664
1000.0,611,5345.112044
3200.0,1191,5352.699723
2000.0,806,5357.806918
2000.0,874,5363.42413
2000.0,809,5368.503703
2200.0,804,5373.548977
2400.0,937,5379.449622
1800.0,738,5384.066303
2000.0,797,5389.035705
2600.0,938,5394.89563
1800.0,803,5399.920956
2000.0,796,5404.867563
2200.0,808,5409.972729
2000.0,806,5415.002697
1200.0,600,5418.738484
2400.0,933,5424.627235
1800.0,679,5429.615154
3000.0,1189,5437.102508
2000.0,796,5442.161515
2000.0,931,5448.159063
2800.0,996,5454.363495
1400.0,675,5458.581388
1200.0,544,5462.023492
2000.0,810,5467.065115
2800.0,1127,5474.274671
2200.0,805,5479.413822
2200.0,808,5484.542737
2200.0,806,5489.558506
1400.0,605,5493.332214
2200.0,808,5498.410915
2000.0,744,5503.03662
3000.0,1061,5509.773276
2600.0,938,5515.690828
2400.0,938,5521.648632
3200.0,1130,5528.850804
2600.0,938,5534.746685
3000.0,1064,5541.490142
2200.0,874,5546.970921
800.0,615,5550.763354
2000.0,799,5555.750562
2000.0,925,5561.53464
2200.0,809,5566.610296
2000.0,744,5571.290865
2200.0,859,5576.630284
2200.0,806,5581.665385
2600.0,938,5587.5796
3600.0,1251,5595.454288
3000.0,1063,5602.216707
1400.0,612,5606.010303
2200.0,936,5611.963931
2000.0,742,5616.625782
2200.0,870,5622.719785
2200.0,807,5627.787256
1800.0,739,5632.59387
2200.0,807,5637.725559
2000.0,738,5642.418608
2200.0,802,5647.478005
2600.0,935,5653.337565
2400.0,932,5659.200117
3000.0,1124,5666.267194
3000.0,1116,5673.324822
2800.0,1056,5680.073035
1800.0,682,5685.077085
1200.0,604,5688.887446
3200.0,1187,5696.405219
2000.0,807,5701.499613
2600.0,931,5707.321764
1400.0,609,5711.110818
1600.0,677,5715.331479
1800.0,804,5720.554374
3000.0,1063,5727.313634
1400.0,608,5731.189754
2400.0,870,5736.601828
2800.0,1051,5743.237892
1800.0,681,5747.63955
2200.0,808,5752.699367
2000.0,796,5757.69456
2400.0,931,5763.649481
1600.0,734,5768.220667
2200.0,804,5773.263053
2600.0,1066,5779.936647
3000.0,1126,5787.01154
2000.0,743,5791.701299
2800.0,1066,5798.446978
1400.0,799,5803.463577
1800.0,731,5808.016162
2000.0,741,5812.678292
2200.0,810,5817.76486
2000.0,807,5822.837902
3000.0,1125,5829.922743
1600.0,678,5834.165234
3000.0,1131,5841.270725
2000.0,804,5846.406866
600.0,419,5849.011338
4200.0,1447,5858.2775
3000.0,1117,5865.312505
1800.0,735,5869.937318
2000.0,803,5874.913176
1600.0,748,5879.581539
3400.0,1194,5887.130092
2200.0,805,5892.170375
2000.0,858,5897.500626
1800.0,735,5902.103748
1600.0,684,5906.352407
1800.0,740,5911.000161
1200.0,542,5914.354436
2600.0,991,5920.759126
1800.0,682,5924.994179
1600.0,677,5929.202228
2000.0,800,5934.283439
1800.0,734,5938.93809
2200.0,806,5943.999898
2600.0,996,5950.272401
2000.0,799,5955.245113
1400.0,804,5960.38612
3600.0,1382,5969.227323
3400.0,1310,5977.476468
2600.0,934,5983.304798
3200.0,1125,5990.347624
2000.0,861,5995.800651
1400.0,603,5999.59467
2200.0,809,6004.664027
3600.0,1258,6012.596862
4200.0,1445,6021.825919
2200.0,803,6026.898551
2000.0,811,6032.109886
4200.0,1504,6041.583071
2800.0,1057,6048.260056
3200.0,1191,6055.738712
3000.0,1183,6063.19771
1800.0,676,6067.895918
2200.0,807,6072.941641
3000.0,1067,6079.787581
3200.0,1181,6087.209734
3400.0,1194,6094.789048
2000.0,803,6099.828019
2000.0,811,6104.916673
1400.0,607,6108.734921
1600.0,681,6113.005753
1200.0,678,6117.229238
1800.0,679,6121.498859
2000.0,805,6126.535889
2200.0,809,6132.127921
2800.0,999,6138.472174
1600.0,669,6142.627232
3400.0,1255,6150.586717
2200.0,869,6156.092394
3400.0,1189,6163.564638
2200.0,864,6168.985912
2400.0,872,6174.516885
2400.0,874,6180.001042
1600.0,737,6184.579713
2000.0,809,6189.644224
2000.0,742,6194.262394
3400.0,1194,6201.72605
3000.0,1065,6208.534322
2000.0,875,6214.04962
2200.0,809,6219.134981
1600.0,679,6223.478406
3600.0,1384,6232.290816
2000.0,805,6237.294738
2400.0,1065,6244.01901
3600.0,1447,6253.102651
4000.0,1404,6262.153161
3000.0,1146,6269.323261
2200.0,869,6274.809164
2800.0,1188,6282.334492
3400.0,1254,6290.264685
3400.0,1188,6297.685218
2200.0,870,6303.162303
3000.0,1186,6310.587658
2800.0,998,6316.868587
5000.0,1708,6328.176414
2200.0,865,6333.649029
4000.0,1381,6342.526391
2800.0,1119,6349.511488
3000.0,1130,6356.624862
2200.0,998,6362.896641
2200.0,811,6368.015745
3000.0,1208,6375.646551
2800.0,1193,6383.13797
2000.0,933,6389.668145
2800.0,998,6396.006452
2000.0,805,6401.027344
2600.0,1130,6408.077203
3600.0,1318,6416.368842
2000.0,809,6421.411364
4600.0,1597,6431.516748
2800.0,1061,6438.1934
2200.0,868,6443.609124
2200.0,807,6449.201788
2600.0,1001,6455.53649
1200.0,602,6459.300226
4000.0,1447,6468.515063
1000.0,680,6472.738811
2800.0,1066,6479.459997
2600.0,931,6485.386371
2400.0,996,6491.637294
1000.0,608,6495.450411
1400.0,612,6499.271339
1200.0,609,6503.024048
2000.0,742,6507.757315
1600.0,678,6511.996534
1600.0,738,6516.736944
1800.0,799,6521.820099
3200.0,1125,6528.881456
4600.0,1574,6538.778601
2200.0,809,6543.870036
3400.0,1249,6551.869309
2600.0,1020,6558.232387
3800.0,1317,6566.527038
3800.0,1342,6574.885485
3400.0,1272,6582.872576
2400.0,930,6588.725462
1200.0,663,6592.953124
3000.0,1180,6600.474261
1400.0,682,6604.727835
2800.0,1065,6611.481891
2000.0,808,6616.533168
3200.0,1130,6623.638387
3400.0,1192,6631.192292
2200.0,807,6636.211243
1800.0,733,6640.840527
5600.0,1896,6652.830438
3400.0,1188,6660.249193
3800.0,1511,6669.743336
3000.0,1192,6677.308852
3400.0,1191,6684.79247
2400.0,866,6690.201666
2000.0,741,6694.857717
1400.0,607,6698.662997
1400.0,679,6702.90279
2200.0,808,6707.968207
2200.0,871,6713.368214
1800.0,736,6718.001172
4000.0,1385,6726.745529
2200.0,920,6732.548602
5600.0,1894,6744.571732
4200.0,1509,6754.090963
1600.0,674,6758.39983
3400.0,1249,6766.25293
2600.0,1060,6772.969413
4200.0,1450,6782.111321
2200.0,807,6787.198681
2600.0,1064,6793.990298
3400.0,1210,6801.705716
2800.0,1145,6808.948326
2200.0,933,6814.859151
2800.0,1242,6822.856518
1400.0,931,6828.723248
3000.0,1066,6835.451015
4200.0,1638,6845.834714
4800.0,1703,6856.484094
1800.0,740,6861.092216
3600.0,1280,6869.230733
3200.0,1298,6877.56565
3800.0,1470,6886.796374
3200.0,1312,6894.993195
3800.0,1381,6903.689539
2800.0,1057,6910.376301
1400.0,668,6914.597741
1600.0,741,6919.335151
2200.0,866,6924.750204
3200.0,1192,6932.288898
2000.0,927,6938.075199
3600.0,1281,6946.115095
3400.0,1295,6954.334841
3000.0,1147,6962.160669
3400.0,1373,6970.756783
3200.0,1247,6978.576277
2800.0,1051,6985.228487
3600.0,1319,6993.505693
2800.0,1060,7000.312593
3400.0,1511,7009.803406
4000.0,1500,7019.274225
3000.0,1310,7028.067432
1200.0,614,7031.878104
1400.0,733,7036.522542
3800.0,1441,7045.636931
1600.0,736,7050.261218
3400.0,1187,7057.633799
3200.0,1199,7065.173617
3400.0,1214,7072.724425
3600.0,1278,7080.736137
3600.0,1321,7089.065001
3600.0,1279,7097.164984
1600.0,790,7102.222718
3800.0,1322,7110.690009
3000.0,1063,7117.449119
2800.0,1053,7124.143292
2800.0,1065,7130.95056
4400.0,1636,7141.326577
3600.0,1253,7149.297344
3000.0,1063,7155.982133
3400.0,1308,7164.285863
3200.0,1341,7172.690321
2200.0,804,7177.843849
1800.0,744,7182.567564
2600.0,936,7188.459106
3800.0,1635,7198.78337
3400.0,1258,7206.706406
4000.0,1442,7215.94888
3600.0,1373,7224.709743
2800.0,1176,7232.109728
3600.0,1277,7240.351128
1600.0,794,7245.417715
2200.0,926,7251.216696
3000.0,1127,7258.279661
2400.0,988,7264.477458
1800.0,681,7268.706726
4000.0,1384,7277.464992
3000.0,1065,7284.124222
3400.0,1402,7292.945136
4000.0,1404,7301.86577
3600.0,1275,7309.837476
4400.0,1593,7319.992832
3800.0,1378,7328.725582
4000.0,1438,7337.777096
2200.0,986,7344.545246
3600.0,1438,7353.663874
4000.0,1506,7363.132509
2400.0,939,7369.130949
3800.0,1489,7378.57935
2200.0,807,7383.650178
2800.0,1060,7390.293873
2600.0,1055,7396.909733
3200.0,1251,7404.944041
3400.0,1320,7413.284976
2200.0,918,7419.075012
4000.0,1444,7428.306681
3400.0,1340,7436.701299
3400.0,1246,7444.75861
3600.0,1259,7452.768201
2200.0,866,7458.239037
1800.0,683,7462.525726
2000.0,742,7467.179186
4000.0,1501,7476.594635
2600.0,1050,7483.169611
3400.0,1293,7491.3096
2400.0,868,7496.734561
5000.0,1705,7507.417652
3400.0,1258,7515.414953
3400.0,1342,7523.858488
3600.0,1300,7533.39509
3800.0,1378,7542.028466
5000.0,1700,7552.889029
3400.0,1194,7560.380646
3800.0,1339,7568.931403
3200.0,1210,7576.618959
1200.0,668,7580.747159
3200.0,1185,7588.240496
3400.0,1315,7596.564532
3600.0,1319,7604.870702
3400.0,1192,7612.425637
1800.0,677,7616.664624
2400.0,1019,7623.059171
3200.0,1213,7630.766801
3400.0,1380,7639.542356
4200.0,1501,7648.967647
3000.0,1122,7656.122497
2800.0,1063,7662.870341
2800.0,1190,7670.421506
5000.0,1705,7681.237934
2600.0,1296,7689.32761
1000.0,607,7693.144411
3200.0,1254,7701.10861
3600.0,1256,7709.072837
1600.0,802,7714.081279
4200.0,1513,7723.711624
2600.0,1000,7729.998765
2800.0,1248,7737.940841
2600.0,1199,7745.567874
3200.0,1319,7753.903096
3400.0,1260,7761.901474
4200.0,1506,7771.369459
2800.0,1215,7778.973834
3000.0,1238,7786.909297
3400.0,1213,7794.612761
3000.0,1189,7802.084867
3200.0,1385,7810.769511
2400.0,1060,7817.465426
1800.0,789,7822.388303
3800.0,1441,7831.402972
2600.0,1002,7837.67772
2800.0,1056,7844.394902
1800.0,921,7850.219561
2000.0,863,7855.611908
2200.0,1122,7862.687227
1400.0,670,7866.874878
2000.0,992,7873.079875
3600.0,1340,7881.573247
3000.0,1186,7889.088432
2400.0,930,7895.081419
3400.0,1311,7903.367521
3600.0,1318,7911.663646
3400.0,1267,7919.615345
3200.0,1194,7927.109201
3000.0,1120,7934.094578
3100.0,1371,7942.720054
3400.0,1251,7950.589747
1200.0,605,7954.395175
2200.0,924,7960.182233
3800.0,1341,7968.593093
3400.0,1306,7976.885474
3000.0,1166,7984.203323
1000.0,612,7987.99211
2600.0,1062,7994.610869
2000.0,810,7999.659061
5000.0,1890,8011.604795
2800.0,1064,8018.219021
2800.0,1312,8026.606919
2200.0,1014,8032.982379
2800.0,1190,8040.467128
4000.0,1387,8049.327997
1800.0,866,8054.824187
4600.0,1598,8064.81314
3400.0,1188,8072.276042
2400.0,927,8078.129673
2400.0,1046,8084.702369
4000.0,1446,8093.915183
3400.0,1250,8101.788588
3000.0,1144,8109.022386
3400.0,1448,8118.139418
1600.0,724,8122.678854
1800.0,742,8127.265591
2600.0,937,8133.163873
2600.0,1055,8139.923153
3400.0,1262,8148.051667
3800.0,1339,8156.522971
3800.0,1383,8165.310557
3000.0,1188,8172.733361
3200.0,1126,8179.792075
3400.0,1343,8188.281779
1400.0,611,8192.090415
1000.0,605,8195.837126
3400.0,1252,8203.778423
3400.0,1333,8212.267151
3000.0,1062,8219.003391
3000.0,1062,8225.699689
1600.0,673,8229.89922
2000.0,1054,8236.573016
1400.0,667,8240.724504
1600.0,734,8245.295922
3800.0,1340,8253.810165
3200.0,1236,8261.720975
3600.0,1381,8270.528035
4400.0,1509,8280.191286
4000.0,1564,8290.173481
2400.0,936,8296.231986
4000.0,1382,8304.990063
2400.0,992,8311.220778
3000.0,1205,8318.816476
3600.0,1404,8327.756615
3600.0,1320,8336.048096
3200.0,1202,8343.610731
3800.0,1339,8352.103621
3600.0,1372,8360.687837
3400.0,1276,8368.648924
1600.0,673,8372.838271
1800.0,799,8377.970973
2800.0,1002,8384.247231
2800.0,1197,8391.877079
2800.0,1118,8398.926996
4400.0,1508,8408.439766
3600.0,1259,8416.404433
3600.0,1254,8424.347272
4900.0,1791,8435.553401
3400.0,1296,8443.646619
4600.0,1630,8453.965309
3800.0,1316,8462.237795
2200.0,804,8467.360482
3200.0,1190,8474.832079
3400.0,1314,8483.118232
3800.0,1316,8491.346119
3000.0,1123,8498.370666
1800.0,795,8503.309337
1600.0,730,8507.900146
3600.0,1374,8516.459281
2200.0,863,8521.90766
4200.0,1508,8531.450609
2000.0,796,8536.459568
3600.0,1309,8544.722979
2000.0,800,8549.703985
2200.0,930,8555.600936
4100.0,1503,8565.127824
1800.0,737,8569.765176
3600.0,1313,8578.049406
2800.0,1057,8584.684301
4200.0,1505,8594.084978
2000.0,801,8599.065788
3000.0,1181,8606.499439
2200.0,870,8611.986293
3600.0,1510,8621.441327
4000.0,1514,8631.015142
2800.0,1251,8639.042076
3000.0,1251,8647.098494
3000.0,1188,8654.781564
3800.0,1509,8664.434881
2800.0,993,8670.712145
1400.0,613,8674.508864
2200.0,937,8680.333332
4200.0,1506,8689.965016
1600.0,732,8694.665347
4600.0,1708,8705.5387
4200.0,1510,8715.001615
1800.0,738,8719.658897
4000.0,1501,8729.115875
2700.0,1141,8736.333923
2000.0,921,8742.114582
3200.0,1179,8749.568355
4200.0,1513,8759.224089
2600.0,1046,8765.87306
2800.0,1179,8773.363338
3200.0,1207,8781.005973
3200.0,1269,8788.99231
3600.0,1309,8797.311969
1800.0,736,8801.886062
2800.0,1071,8808.659675
3000.0,1116,8815.775279
3200.0,1212,8823.382234
3200.0,1192,8830.895712
2000.0,862,8836.280428
4200.0,1508,8845.84316
3600.0,1306,8854.106303
3700.0,1331,8862.549357
3000.0,1116,8869.611206
3400.0,1255,8877.607759
2900.0,1115,8884.610058
3600.0,1313,8892.892718
2600.0,934,8898.712923
3200.0,1306,8906.937169
2200.0,919,8912.862246
3800.0,1342,8921.565798
3600.0,1252,8929.441399
2800.0,1057,8936.065282
3400.0,1254,8943.974519
3600.0,1272,8952.125955
3800.0,1385,8960.854551
3400.0,1193,8968.493278
3400.0,1310,8976.752653
3800.0,1336,8985.135978
3600.0,1445,8994.21231
4200.0,1509,9003.704291
2800.0,1120,9010.74222
3600.0,1322,9018.980289
3400.0,1253,9026.905731
3000.0,1173,9034.418175
3400.0,1265,9042.417079
3400.0,1250,9050.323347
2200.0,929,9056.190101
3300.0,1181,9063.640514
4200.0,1449,9072.731235
3800.0,1343,9081.253638
4200.0,1449,9090.475541
2600.0,937,9096.327877
3000.0,1062,9103.145835
2600.0,931,9109.007581
2000.0,865,9114.649573
2400.0,923,9120.531988
4400.0,1508,9130.002804
2800.0,1118,9136.962101
2000.0,864,9142.341403
1400.0,612,9146.142793
3800.0,1319,9154.474351
3800.0,1321,9162.837118
3400.0,1423,9171.841844
2600.0,990,9178.122505
3200.0,1126,9185.213459
2400.0,1118,9192.414351
600.0,551,9195.886073
600.0,424,9198.501456
3000.0,1241,9206.396029
2600.0,1059,9213.01752
3000.0,1130,9220.309518
1800.0,733,9224.840931
3700.0,1358,9233.46993
3300.0,1353,9241.924932
2000.0,917,9247.737669
4400.0,1567,9257.701591
3600.0,1313,9266.176015
3200.0,1182,9273.736444
1000.0,544,9277.092977
3000.0,1184,9284.582086
3600.0,1255,9292.603449
3600.0,1339,9301.048361
3000.0,1240,9308.853887
1800.0,675,9313.091768
2000.0,932,9318.906465
3600.0,1320,9327.24859
3600.0,1312,9335.457654
4000.0,1405,9344.367514
3400.0,1215,9352.101161
3200.0,1184,9359.584694
2800.0,1136,9366.680538
2400.0,928,9372.455966
4400.0,1622,9382.660975
2000.0,973,9388.800712
3400.0,1308,9397.014303
4500.0,1516,9406.625526
3600.0,1375,9415.276538
1600.0,673,9419.471268
3400.0,1256,9427.32132
4200.0,1513,9436.926219
3000.0,1116,9443.998282
3600.0,1253,9451.972517
4200.0,1449,9461.088457
2800.0,1120,9468.165174
1000.0,536,9471.499682
4000.0,1448,9480.793719
3000.0,1240,9488.671772
4400.0,1579,9498.663438
4100.0,1382,9507.408088
4700.0,1573,9517.296098
3000.0,1142,9524.547526
4000.0,1575,9534.588614
2400.0,980,9540.727602
4000.0,1409,9549.752039
3800.0,1343,9558.164067
1400.0,669,9562.321926
3500.0,1265,9570.286512
3200.0,1243,9578.103661
3400.0,1248,9585.991974
3200.0,1311,9594.198071
3000.0,1141,9601.338409
3200.0,1188,9608.836359
3200.0,1132,9616.062445
3600.0,1313,9624.292307
2400.0,1055,9630.924785
4100.0,1501,9640.394625
2800.0,1183,9647.935671
4100.0,1635,9658.275275
3700.0,1322,9666.651731
3200.0,1252,9674.55319
3600.0,1319,9682.978483
2600.0,1047,9689.581219
3600.0,1376,9698.990411
3400.0,1253,9706.845941
1800.0,738,9711.437997
2600.0,933,9717.23143
2600.0,994,9723.482113
2000.0,802,9728.527292
3200.0,1212,9736.092323
3700.0,1335,9744.555528
1000.0,658,9748.676419
3700.0,1300,9756.835991
4900.0,1691,9767.543082
2000.0,928,9773.390504
3700.0,1337,9781.876628
4900.0,1767,9793.000095
2200.0,859,9798.475175
3400.0,1321,9806.891685
2200.0,917,9812.595529
3200.0,1312,9820.881812
1400.0,742,9825.516708
2600.0,991,9831.664467
1800.0,860,9837.078164
2600.0,988,9843.364144
3200.0,1182,9850.796705
4000.0,1381,9859.56235
2600.0,1106,9866.606725
1400.0,665,9870.885059
2800.0,1119,9877.873696
3600.0,1273,9885.88053
3500.0,1320,9894.244225
3200.0,1126,9901.424645
2400.0,874,9906.963941
3000.0,1208,9914.629049
4900.0,1657,9925.112862
3800.0,1317,9933.462083
3700.0,1296,9941.662977
3000.0,1127,9948.886178
2000.0,858,9954.316394
3400.0,1270,9962.325577
4000.0,1437,9971.401893
3500.0,1375,9980.106681
3400.0,1310,9988.467762
1400.0,614,9992.355349
3900.0,1400,10001.222216
1400.0,678,10005.566452
4400.0,1698,10016.41238
2500.0,1106,10023.488135
4300.0,1510,10032.950591
3800.0,1329,10041.426892
2800.0,1195,10049.044286
2400.0,988,10055.408779
2400.0,1112,10062.398457
4200.0,1505,10071.946656
4800.0,1827,10083.539145
1800.0,795,10088.532204
2400.0,988,10094.754698
3200.0,1180,10102.184222
2800.0,1052,10108.780828
3000.0,1121,10115.78168
3700.0,1278,10123.825646
3400.0,1209,10131.563315
2800.0,1055,10138.172742
3800.0,1317,10146.531149
3900.0,1340,10155.001828
2600.0,1131,10162.216779
1400.0,663,10166.405671
3500.0,1267,10174.368053
2800.0,1143,10181.532955
3000.0,1137,10188.721037
3300.0,1251,10196.740279
3500.0,1270,10204.714603
3700.0,1377,10213.411012
4900.0,1828,10224.89368
3600.0,1327,10233.256556
1800.0,856,10238.629238
4900.0,1723,10249.470693
4200.0,1567,10259.352942
3500.0,1212,10267.002164
3500.0,1299,10275.232996
3200.0,1211,10282.913473
2200.0,872,10288.397262
3800.0,1557,10298.325927
4000.0,1444,10307.598559
1800.0,856,10313.056595
3200.0,1126,10320.135419
4000.0,1464,10329.434205
2000.0,803,10334.471809
4000.0,1445,10343.536922
2600.0,1107,10350.488661
3200.0,1186,10357.946342
2000.0,918,10363.66718
3200.0,1257,10371.55685
4100.0,1468,10380.799181
4200.0,1624,10391.144559
3200.0,1249,10398.921167
3700.0,1341,10407.394694
3800.0,1440,10416.496731
3700.0,1335,10424.953924
3000.0,1308,10433.180087
4500.0,1529,10442.935285
2600.0,934,10448.856834
3000.0,1152,10456.163659
4600.0,1614,10468.741338
4200.0,1702,10479.452462
800.0,533,10482.746727
3800.0,1401,10491.591489
4800.0,1693,10502.404733
3000.0,1187,10509.909784
2000.0,923,10515.808086
2400.0,927,10521.747365
3600.0,1498,10531.248539
2900.0,1433,10540.196873
4600.0,1688,10551.009048
3400.0,1213,10558.748602
2800.0,1058,10565.37864
2200.0,865,10570.765358
4100.0,1428,10579.791029
4800.0,1693,10590.42332
1800.0,862,10595.852487
2200.0,933,10601.707911
3300.0,1179,10609.072206
4000.0,1459,10618.210754
2000.0,795,10623.176623
3200.0,1247,10630.999112
3500.0,1190,10638.406116
6200.0,2022,10651.262195
2200.0,867,10657.444592
3900.0,1554,10667.226293
3200.0,1197,10674.916429
2800.0,1059,10681.572036
4600.0,1548,10691.485714
4500.0,1528,10701.26799
3600.0,1319,10709.743508
3100.0,1169,10717.109478
1600.0,668,10721.247172
3800.0,1315,10729.530986
3800.0,1504,10739.015527
2200.0,872,10744.456387
2000.0,801,10749.480445
2400.0,1054,10756.213708
3000.0,1173,10763.569505
3200.0,1304,10771.882468
3700.0,1438,10780.994504
2600.0,995,10787.19092
4000.0,1338,10795.697196
3700.0,1434,10804.840008
2000.0,861,10810.236219
3200.0,1255,10818.125561
5300.0,1845,10829.901713
4400.0,1709,10840.672328
4300.0,1641,10851.035058
3600.0,1258,10858.985657
3800.0,1444,10868.179939
4300.0,1468,10877.502342
2900.0,1141,10884.724888
4300.0,1630,10895.023402
4000.0,1398,10903.852398
3600.0,1373,10913.325631
2600.0,1115,10920.311746
3800.0,1438,10929.34025
4600.0,1652,10939.815348
4000.0,1424,10948.772915
2000.0,797,10953.699572
2400.0,925,10959.513009
4600.0,1599,10969.559273
2400.0,928,10975.388182
4200.0,1502,10984.859922
3400.0,1208,10992.4743
3200.0,1251,11000.446019
3200.0,1430,11009.604624
3600.0,1257,11017.524159
3600.0,1338,11025.99038
2600.0,1057,11032.652821
3000.0,1183,11040.140965
3400.0,1369,11048.839144
3000.0,1117,11055.900931
4200.0,1635,11066.189234
2200.0,1118,11073.281453
3100.0,1329,11081.592184
4000.0,1503,11091.108103
2800.0,1254,11099.162525
3000.0,1061,11105.840875
4500.0,1593,11115.934267
4200.0,1609,11125.994144
3800.0,1757,11137.210045
2800.0,1185,11144.80057
4300.0,1567,11154.606511
3000.0,1246,11162.429445
5100.0,1742,11173.565655
2200.0,931,11179.458156
3400.0,1302,11187.629582
3200.0,1257,11195.712716
3700.0,1350,11204.288875
2000.0,920,11210.072793
2800.0,1002,11216.361021
4300.0,1557,11226.303763
3100.0,1370,11234.992562
1600.0,728,11239.583552
2000.0,1105,11246.584224
3400.0,1436,11255.673224
3200.0,1191,11263.19527
6100.0,2088,11276.49565
4300.0,1561,11286.41824
3900.0,1314,11294.779192
7200.0,2211,11308.784773
5300.0,1889,11320.881365
4900.0,1677,11331.580918
5700.0,1891,11343.687995
1800.0,800,11348.679888
3400.0,1330,11359.251629
5200.0,1789,11370.480599
4500.0,1633,11380.869111
3600.0,1304,11389.09714
2400.0,931,11395.027092
4600.0,1642,11405.336562
4200.0,1448,11414.588397
3600.0,1386,11423.968678
4400.0,1448,11433.133362
5300.0,1692,11443.878939
2800.0,1318,11452.218765
5600.0,2022,11465.222001
3200.0,1246,11473.135285
2800.0,1058,11479.845636
2000.0,918,11486.093534
4300.0,1565,11495.962302
5000.0,1765,11507.271946
2200.0,921,11513.118094
1000.0,533,11516.427421
3900.0,1501,11525.901943
4900.0,1657,11536.519787
1600.0,868,11541.961231
2400.0,999,11548.222869
2400.0,1113,11555.187384
3400.0,1249,11563.074587
1000.0,540,11566.445987
1600.0,791,11571.375854
3100.0,1273,11579.436702
2800.0,1238,11587.284085
4000.0,1525,11596.905245
5200.0,1818,11608.413863
3000.0,1181,11615.875113
1600.0,859,11621.211482
3800.0,1687,11631.930696
3100.0,1337,11640.45949
3600.0,1490,11649.783972
4000.0,1522,11659.355401
3000.0,1443,11668.417273
800.0,473,11671.355706
2800.0,1063,11678.080412
3000.0,1124,11685.16094
4600.0,1648,11695.476501
3200.0,1246,11703.525156
7200.0,2336,11718.607261
2000.0,803,11723.590094
5100.0,1760,11734.803927
1400.0,721,11739.411107
1400.0,670,11743.631146
1000.0,672,11747.833802
4700.0,1628,11758.032815
2600.0,1062,11764.745071
7800.0,2333,11779.536779
6900.0,2240,11793.680918
3800.0,1309,11801.884276
2400.0,986,11808.096106
7000.0,2339,11822.926479
6400.0,1894,11834.91351
1600.0,726,11839.418906
4300.0,1624,11849.763335
4700.0,1519,11859.349609
2400.0,873,11864.790913
4200.0,1446,11873.81899
2000.0,747,11878.579377
6100.0,1916,11890.701451
2400.0,934,11896.567067
2800.0,1130,11903.722062
2400.0,983,11909.87789
4100.0,1404,11918.829474
4200.0,1441,11927.969895
4600.0,1509,11937.420708
4000.0,1386,11946.166701
3400.0,1304,11954.458624
4300.0,1400,11963.24469
5300.0,1657,11973.867384
7900.0,2459,11989.388153
3100.0,1220,11997.790307
1600.0,672,12002.123878
2200.0,988,12008.294062
4800.0,1696,12019.129245
1000.0,605,12022.922896
2000.0,858,12028.307095
3600.0,1318,12036.555921
4100.0,1451,12045.793066
5500.0,1927,12058.034285
3200.0,1250,12065.939854
3700.0,1391,12074.815133
6400.0,2195,12088.65459
6800.0,2130,12102.155679
5500.0,1931,12114.375397
1800.0,926,12120.217393
4800.0,1509,12129.690392
1200.0,606,12133.489054
6300.0,2026,12146.524378
2600.0,987,12152.787762
3500.0,1338,12161.201788
2800.0,1110,12168.147138
4400.0,1703,12178.874302
4200.0,1404,12187.850185
4500.0,1621,12198.236331
2900.0,1178,12205.709936
2200.0,1043,12212.217088
2200.0,1280,12220.342762
6300.0,2254,12234.756295
6300.0,2236,12249.011063
1400.0,791,12254.05999
600.0,542,12257.43611
3900.0,1387,12266.215179
1600.0,744,12270.833894
2000.0,927,12276.642433
1600.0,798,12281.710943
5100.0,1757,12293.121232
1400.0,668,12297.261687
3600.0,1313,12305.556731
3700.0,1313,12313.822063
1400.0,612,12317.621284
4600.0,1560,12327.449691
3200.0,1126,12334.538538
4500.0,1448,12343.713279
3800.0,1376,12352.480162
4100.0,1429,12361.484963
3200.0,1255,12369.470092
3200.0,1182,12377.02612
4200.0,1446,12386.121879
2600.0,1046,12392.709175
5700.0,1894,12404.793668
3900.0,1377,12413.493675
3400.0,1255,12421.478312
5700.0,1956,12433.836982
4200.0,1880,12445.601868
5400.0,1908,12457.659848
7200.0,2333,12472.468015
2200.0,864,12477.985466
1000.0,677,12482.386015
2400.0,1056,12489.044917
6500.0,2222,12503.30126
1400.0,789,12508.321168
3600.0,1691,12519.076186
1400.0,864,12524.528061
2800.0,1120,12531.617503
1600.0,670,12535.800146
3400.0,1319,12544.113331
1400.0,733,12548.757572
6200.0,2044,12561.582295
1200.0,611,12565.411691
4600.0,1655,12575.843921
2600.0,1052,12582.509262
1400.0,737,12587.140096
3800.0,1765,12598.268709
2600.0,1178,12605.716627
3700.0,1952,12618.135482
3600.0,1252,12626.069875
3400.0,1252,12634.12091
7300.0,2359,12649.127053
2200.0,997,12655.540655
3400.0,1322,12663.861064
3400.0,1192,12671.392459
3600.0,1503,12680.854411
1800.0,737,12685.467691
5800.0,1904,12697.482324
4100.0,1548,12707.242807
2000.0,741,12711.844306
5400.0,1910,12723.944177
5200.0,1876,12735.865225
4600.0,1788,12747.269659
3000.0,1307,12755.594272
3200.0,1249,12763.408786
2200.0,990,12769.646324
1400.0,730,12774.210991
7600.0,2551,12790.368108
1800.0,985,12796.543216
3400.0,1252,12804.439995
6000.0,1948,12816.763031
4500.0,1531,12826.501516
4200.0,1509,12836.000731
4200.0,1525,12845.880652
5600.0,1979,12858.411553
2600.0,1007,12864.805461
2800.0,1122,12871.944333
2600.0,1046,12878.485076
4200.0,1450,12887.710603
8200.0,2634,12904.448436
4800.0,1638,12914.868658
6500.0,2023,12927.652984
4400.0,1696,12938.370628
5100.0,1808,12949.791362
6100.0,1897,12961.783433
6000.0,1914,12973.979809
4100.0,1695,12984.636394
3400.0,1498,12994.129509
2000.0,801,12999.233114
1900.0,1070,13005.887838
4200.0,1619,13016.858047
4400.0,1683,13027.431613
1400.0,731,13032.095403
3800.0,1388,13040.816987
1600.0,874,13046.300933
2200.0,871,13051.757573
3600.0,1317,13060.021446
2400.0,991,13066.331319
1200.0,790,13071.38177
4400.0,1568,13081.336631
3400.0,1239,13089.189004
3200.0,1366,13097.82463
3800.0,1445,13106.943866
3000.0,1247,13114.834723
2800.0,1244,13122.609808
5200.0,1761,13133.793514
4000.0,1441,13142.929851
2600.0,1055,13149.66896
2600.0,997,13155.931829
1800.0,805,13161.03104
3900.0,1380,13169.705912
5600.0,1757,13180.917132
3200.0,1321,13189.35704
2200.0,999,13195.708772
3400.0,1247,13203.486342
1600.0,677,13207.678828
1400.0,929,13213.568467
1000.0,778,13218.396199
3000.0,1319,13226.692545
1200.0,673,13230.880988
0.0,292,13232.746573
800.0,605,13236.590843
1000.0,600,13240.349293
200.0,691,13244.676607
1600.0,800,13249.765739
800.0,614,13253.625518
1400.0,875,13259.113318
1400.0,671,13263.368048
3300.0,1462,13272.676528
2800.0,1193,13280.202503
2800.0,1241,13288.000848
3900.0,1370,13296.645088
3000.0,1122,13303.782645
9300.0,2760,13321.148204
3500.0,1366,13329.726834
3200.0,1183,13337.226423
7500.0,2528,13353.232254
3000.0,1183,13361.012141
5000.0,1681,13371.564445
5000.0,1819,13383.006014
4500.0,1593,13393.033591
3200.0,1183,13400.525868
3800.0,1370,13409.20079
3600.0,1406,13418.011817
1000.0,534,13421.497566
7700.0,2396,13436.917326
4000.0,1446,13445.996317
2800.0,1132,13453.131399
4000.0,1386,13461.967885
2000.0,740,13466.631497
4600.0,1571,13476.500964
4800.0,1590,13486.618024
2600.0,1058,13493.227979
2800.0,1066,13500.026677
6100.0,1980,13512.434759
5900.0,1884,13524.296255
4500.0,1652,13534.900455
1400.0,799,13539.946269
1000.0,604,13543.768566
5600.0,1781,13554.940431
2600.0,1167,13562.347263
1600.0,744,13566.953606
9500.0,2855,13584.85194
3800.0,1391,13593.605267
1800.0,810,13598.66866
2800.0,1109,13605.586744
2400.0,996,13611.883904
6400.0,1990,13624.629788
1400.0,606,13628.441277
2200.0,922,13634.275896
4200.0,1444,13643.485473
3400.0,1310,13651.703868
3200.0,1317,13659.89046
3200.0,1189,13667.38438
800.0,478,13670.388399
3000.0,1183,13677.801923
5600.0,1834,13689.473196
4200.0,1576,13699.385345
2600.0,1243,13707.302552
6100.0,2047,13720.289593
4400.0,1566,13730.277168
1600.0,737,13734.879904
3600.0,1321,13743.157877
3800.0,1316,13751.434553
4500.0,1576,13761.329448
4000.0,1451,13770.675724
2600.0,987,13776.969108
6300.0,2040,13789.884188
2900.0,1120,13796.856261
4300.0,1513,13806.348065
1000.0,662,13810.499946
1800.0,856,13815.861014
4800.0,1694,13826.481338
1200.0,610,13830.314291
5600.0,1890,13842.273329
3400.0,1312,13850.519367
6500.0,2126,13863.900779
2900.0,1120,13870.87765
4500.0,1648,13881.267827
5200.0,1663,13891.680628
3900.0,1369,13900.310573
5800.0,1855,13912.104336
2000.0,806,13917.127661
3800.0,1376,13925.887099
3000.0,1185,13933.348604
2800.0,1001,13939.63416
1600.0,804,13944.697376
6400.0,2088,13957.964285
2600.0,935,13963.994371
6000.0,1907,13975.974427
4500.0,1512,13985.456038
3200.0,1244,13993.285962
2200.0,985,13999.465161
3600.0,1315,14007.743388
7500.0,2267,14022.212458
5700.0,1894,14034.260128
1400.0,660,14038.343175
4500.0,1526,14047.889574
3600.0,1277,14055.954034
800.0,613,14059.818242
4300.0,1576,14069.793596
4700.0,1512,14079.271981
3200.0,1182,14086.717431
3800.0,1322,14094.970393
3000.0,1126,14102.090541
1600.0,791,14107.082295
2600.0,935,14112.899908
3200.0,1187,14120.305355
3400.0,1186,14127.747604
4500.0,1564,14137.673744
3200.0,1241,14145.491801
2000.0,796,14150.413671
3400.0,1189,14158.161518
2900.0,1278,14166.24852
1000.0,611,14170.014136
2800.0,997,14176.302062
4400.0,1514,14185.790251
3500.0,1363,14194.458546
5400.0,1703,14205.14996
4000.0,1439,14214.170964
5800.0,1897,14226.16555
2400.0,933,14231.974076
4200.0,1490,14241.383405
4200.0,1384,14250.137457
6100.0,1978,14262.514496
4600.0,1588,14272.53898
6100.0,2075,14285.675771
3200.0,1190,14293.136113
3000.0,1190,14300.69514
3200.0,1183,14308.062836
1200.0,598,14311.980208
2400.0,935,14317.946907
3200.0,1195,14325.459068
1200.0,664,14329.590338
4600.0,1530,14339.310697
6800.0,2232,14353.510706
4600.0,1686,14364.227396
3000.0,1118,14371.219805
3000.0,1236,14378.982993
2000.0,1063,14385.748228
6600.0,2193,14399.631225
2800.0,1053,14406.357166
5900.0,1953,14418.727897
4900.0,1593,14428.859923
800.0,469,14431.779755
1600.0,734,14436.503899
1400.0,610,14440.338472
5800.0,1911,14452.477495
3400.0,1301,14460.668558
3600.0,1313,14468.880759
7600.0,2254,14483.150296
4800.0,1566,14492.934102
3900.0,1370,14501.632194
3600.0,1312,14509.924619
3500.0,1368,14518.674912
2200.0,804,14523.847584
6200.0,2015,14536.524011
7000.0,2214,14550.464208
7700.0,2317,14565.188809
6200.0,2126,14578.643336
2200.0,990,14584.849715
6200.0,2224,14598.914009
8100.0,2465,14614.55975
3600.0,1251,14622.422806
5100.0,1753,14633.533013
1800.0,915,14639.30625
2400.0,927,14645.180695
4600.0,1508,14654.800763
5300.0,1696,14666.389794
2800.0,1056,14673.010811
6400.0,1911,14684.999482
4000.0,1498,14694.349003
3500.0,1324,14702.7557
5300.0,1818,14714.157705
1000.0,600,14717.944587
4900.0,1636,14728.287135
4900.0,1630,14738.6234
5000.0,1755,14749.865787
4100.0,1383,14758.538662
7100.0,2170,14772.170737
2600.0,939,14778.12238
2400.0,979,14784.261813
2600.0,936,14790.09475
3600.0,1312,14799.273166
6300.0,1915,14811.464925
3500.0,1402,14820.266934
3400.0,1190,14827.81041
7000.0,2365,14842.814631
4700.0,1725,14853.778686
2800.0,1051,14861.150146
4400.0,1566,14871.017648
4600.0,1542,14880.711272
4800.0,1578,14890.658797
4700.0,1546,14900.330424
3600.0,1256,14908.219641
9000.0,2906,14926.654746
4000.0,1388,14935.44032
600.0,464,14938.343065
3400.0,1388,14947.055321
4100.0,1459,14956.379951
3200.0,1185,14963.792558
1200.0,602,14967.553985
6000.0,1941,14979.811228
7500.0,2400,14995.26238
3000.0,1118,15002.365257
4500.0,1525,15011.897927
6000.0,1992,15024.43295
1800.0,682,15028.734384
3700.0,1379,15037.482641
5900.0,1955,15050.010499
4500.0,1443,15059.16468
5000.0,1638,15069.580516
7300.0,2148,15083.232862
7800.0,2366,15098.34936
2200.0,807,15103.34939
7000.0,2107,15116.755627
3100.0,1178,15124.174909
1200.0,670,15128.386782
4000.0,1446,15137.559992
1000.0,543,15140.935297
7000.0,2229,15155.130827
7500.0,2341,15170.01997
4900.0,1657,15180.512036
3800.0,1375,15189.294557
5500.0,1725,15200.090059
9400.0,2794,15217.685722
2400.0,927,15223.615491
5200.0,1826,15235.368881
3900.0,1381,15244.975336
2000.0,796,15249.939285
5900.0,2029,15262.688999
8600.0,2550,15278.721985
4000.0,1317,15287.013251
7200.0,2331,15301.69304
7000.0,2270,15318.169053
1200.0,610,15322.058699
5200.0,1700,15332.872721
9800.0,2852,15350.973361
5900.0,1974,15363.399037
1400.0,669,15367.638907
3000.0,1186,15375.773397
2800.0,1177,15383.230551
10800.0,3256,15403.906357
3200.0,1181,15411.305008
2800.0,1179,15418.692308
6100.0,1980,15431.3797
2800.0,1056,15438.890814
4400.0,1692,15449.56375
3000.0,1062,15456.271139
4600.0,1505,15465.672327
4200.0,1443,15474.829353
2800.0,999,15481.175722
6600.0,2155,15494.800027
2600.0,993,15501.020436
5200.0,1656,15511.358075
1800.0,743,15516.050488
1200.0,543,15519.502979
2200.0,809,15524.567863
2200.0,928,15530.402086
2400.0,1053,15537.061024
2400.0,930,15542.922027
3000.0,1122,15549.974234
2900.0,1309,15558.211256
2000.0,921,15563.921004
1800.0,807,15568.942482
1400.0,682,15573.150998
1400.0,666,15577.355198
2800.0,1122,15584.498876
2800.0,1064,15591.174558
2400.0,1053,15597.845983
2000.0,807,15602.88433
2200.0,809,15607.980085
1800.0,792,15613.086087
3200.0,1372,15621.714214
3000.0,1066,15628.546892
3000.0,1192,15636.213972
3600.0,1322,15644.509617
2800.0,1115,15651.524797
2200.0,809,15656.562656
5900.0,1972,15668.949825
2600.0,1064,15675.769837
2800.0,1052,15682.318269
6100.0,2046,15695.378273
1800.0,737,15699.945096
1600.0,670,15704.091841
1800.0,681,15708.342636
2800.0,1065,15715.056261
1400.0,605,15718.871327
2800.0,1141,15726.114868
5800.0,2156,15739.754099
4200.0,1448,15748.895049
2200.0,805,15753.96821
2000.0,869,15759.457896
4700.0,1689,15770.026136
5200.0,1659,15780.574098
1600.0,672,15784.749231
4200.0,1445,15793.859646
5500.0,1704,15804.738372
1800.0,736,15809.312238
1400.0,674,15813.551473
1200.0,607,15817.326802
1000.0,547,15820.739968
1600.0,675,15824.934417
2800.0,1112,15832.02349
1400.0,608,15835.820799
3800.0,1385,15844.510882
3700.0,1320,15852.755515
2000.0,805,15857.766329
3400.0,1194,15865.381094
2800.0,1181,15872.828391
4800.0,1641,15883.197047
4400.0,1561,15893.325436
1600.0,735,15897.983138
2000.0,801,15902.99035
2200.0,931,15908.80084
1600.0,855,15914.145905
4000.0,1381,15922.855971
5700.0,1842,15934.59762
5900.0,1951,15946.98871
4200.0,1578,15956.937165
2000.0,798,15961.894726
3400.0,1337,15970.274142
2000.0,860,15975.805917
2400.0,993,15982.089327
1800.0,864,15987.546205
3600.0,1437,15996.495444
4800.0,1694,16007.126271
3600.0,1307,16015.441604
7000.0,2190,16029.282231
4200.0,1499,16038.611925
400.0,403,16041.087929
2200.0,870,16046.475396
2800.0,1056,16053.045837
4700.0,1584,16063.034443
4400.0,1627,16073.231448
5200.0,1786,16084.417926
5100.0,1642,16094.781927
2600.0,1050,16101.352776
4400.0,1447,16110.565689
4400.0,1633,16120.921098
5100.0,1630,16131.181609
4600.0,1529,16140.966066
4000.0,1557,16150.750691
600.0,627,16154.642689
4600.0,1526,16164.322529
2900.0,1118,16171.42023
5300.0,1891,16183.415673
4000.0,1368,16192.077236
4700.0,1691,16202.776227
2400.0,1118,16209.7612
1800.0,867,16215.146965
600.0,457,16218.043746
5500.0,1830,16229.769774
2800.0,1195,16237.26023
2400.0,924,16243.010291
2600.0,989,16249.216657
4000.0,1560,16258.988555
7200.0,2195,16272.78609
1000.0,730,16277.379624
1600.0,800,16282.353075
1200.0,666,16286.535861
800.0,672,16290.786926
800.0,601,16294.513463
1000.0,667,16298.689834
600.0,530,16302.015729
1600.0,852,16307.443077
3400.0,1364,16316.081269
5400.0,1890,16327.968069
6400.0,2004,16340.576778
3400.0,1320,16348.945293
4800.0,1717,16359.703255
2800.0,999,16366.005502
5000.0,1695,16376.620796
3600.0,1313,16384.864814
2600.0,1181,16392.2069
3000.0,1197,16399.765951
3300.0,1263,16407.73434
6200.0,1911,16419.851943
4200.0,1708,16430.571491
3400.0,1432,16439.621507
2600.0,1057,16446.284104
4500.0,1636,16456.650314
3400.0,1261,16464.570179
1800.0,805,16469.576566
4500.0,1633,16479.918371
3000.0,1129,16487.029382
3800.0,1315,16495.313617
3400.0,1307,16503.591551
4400.0,1716,16514.441127
5200.0,1822,16526.069846
3800.0,1438,16535.228356
1800.0,796,16540.175641
3400.0,1244,16548.002962
2200.0,865,16553.482734
2000.0,996,16559.830295
3700.0,1396,16568.625189
4200.0,1639,16579.044658
5700.0,1912,16591.123313
1600.0,671,16595.286208
4600.0,1533,16605.050427
5000.0,1636,16615.376229
4000.0,1381,16624.096031
2200.0,805,16629.175006
600.0,461,16632.041378
4700.0,1532,16641.669773
4800.0,1841,16653.226737
4200.0,1500,16662.596311
7200.0,2276,16677.036397
2200.0,935,16682.869416
4400.0,1511,16692.312613
4400.0,1627,16702.523847
2000.0,738,16707.149644
4600.0,1503,16716.684777
6700.0,2169,16730.466408
3400.0,1319,16738.811064
3400.0,1301,16746.993973
3200.0,1185,16754.387748
3500.0,1377,16763.100515
6300.0,2233,16777.230843
2600.0,1051,16783.815531
3000.0,1177,16791.150955
4300.0,1756,16802.273335
2400.0,1111,16809.30374
2200.0,863,16814.811406
4000.0,1452,16824.074459
2200.0,873,16829.575989
4000.0,1567,16839.551154
3300.0,1264,16847.52297
6000.0,2027,16860.303874
5000.0,1643,16870.607206
1800.0,742,16875.224828
7100.0,2215,16889.172906
3500.0,1325,16897.590672
4800.0,1641,16908.019446
2800.0,1183,16915.478601
4200.0,1436,16924.458134
2900.0,1335,16932.836583
1600.0,793,16937.793329
2200.0,982,16944.006628
8700.0,2595,16960.610034
5600.0,1896,16972.712853
6800.0,2211,16986.69082
5900.0,2058,16999.706529
3000.0,1305,17008.110413
1400.0,601,17011.887774
2800.0,1061,17018.521388
5200.0,1720,17029.354917
3200.0,1245,17037.117798
3400.0,1498,17046.586326
3400.0,1458,17056.000259
3000.0,1306,17064.191633
1800.0,682,17068.43826
4500.0,1757,17079.451927
8200.0,2521,17095.427743
5000.0,1779,17106.595765
6400.0,2092,17119.904356
4000.0,1379,17128.627882
4600.0,1706,17139.332042
2800.0,1125,17146.419832
2000.0,800,17151.386094
6300.0,2138,17164.924785
5000.0,1635,17175.169904
4900.0,1739,17186.135343
3800.0,1447,17195.222389
5100.0,1765,17206.388207
3800.0,1322,17214.726319
4200.0,1634,17225.116754
4100.0,1452,17234.450306
3300.0,1185,17241.858531
2200.0,861,17247.263653
4600.0,1628,17257.600319
2200.0,1125,17264.703239
3400.0,1369,17273.424999
3000.0,1249,17281.284432
5000.0,1708,17292.144834
2800.0,1054,17298.758018
3000.0,1178,17306.088242
5200.0,1816,17317.651806
4600.0,1574,17327.55699
3400.0,1364,17336.107459
5200.0,1757,17347.417375
6100.0,2022,17360.081601
3100.0,1253,17367.947486
2400.0,1112,17374.942355
5100.0,1682,17385.557359
6300.0,2046,17398.669437
1400.0,677,17402.930634
2800.0,1247,17410.854948
5800.0,2043,17423.696957
8200.0,2492,17439.503366
5400.0,1831,17451.122179
6200.0,2145,17464.658851
6000.0,1906,17476.703932
3000.0,1116,17483.8392
4800.0,1642,17494.24333
5100.0,1834,17505.800925
3600.0,1378,17514.536822
3100.0,1297,17522.76517
5200.0,1784,17534.169315
4100.0,1449,17543.306378
3600.0,1537,17552.990035
3500.0,1333,17561.37618
1400.0,662,17565.489207
5900.0,2010,17578.135969
4200.0,1547,17587.873288
4000.0,1376,17596.666156
2400.0,1115,17603.717216
4000.0,1564,17613.540172
4500.0,1631,17623.773
6000.0,1956,17636.092516
5500.0,1706,17646.948889
6500.0,2143,17660.445026
3600.0,1444,17669.545021
6100.0,2010,17682.297276
2600.0,1064,17689.156904
3500.0,1250,17697.064796
4200.0,1444,17706.138445
2800.0,1111,17713.216843
6100.0,1976,17725.62758
5700.0,1961,17737.977927
4800.0,1592,17748.06946
9300.0,2759,17765.470231
1600.0,726,17770.078585
6400.0,2105,17783.365099
7300.0,2340,17798.171063
4200.0,1500,17807.70465
4300.0,1438,17816.79113
8900.0,2624,17833.343584
3600.0,1364,17841.941185
6300.0,1963,17854.34983
3600.0,1363,17862.915807
6000.0,1828,17874.565955
3400.0,1422,17883.676965
1600.0,731,17888.288651
4700.0,1695,17898.931958
4200.0,1552,17908.641025
5800.0,1874,17920.372958
3400.0,1312,17928.613606
5900.0,1850,17940.273516
5800.0,1997,17952.917331
6800.0,2263,17967.25329
6000.0,2045,17980.968893
5900.0,2044,17994.096681
4400.0,1598,18004.152011
3000.0,1303,18012.380848
7300.0,2386,18027.565311
5300.0,1696,18038.179748
1000.0,564,18041.653932
1200.0,936,18047.541186
5100.0,1735,18058.454614
5500.0,2145,18072.107657
3600.0,1446,18081.171451
5600.0,1787,18092.446679
5400.0,1696,18103.209299
2200.0,807,18108.249279
2200.0,925,18114.116344
3800.0,1394,18123.004429
4200.0,1464,18132.268837
7400.0,2385,18147.362085
5600.0,1912,18159.422761
5300.0,1904,18171.467695
4200.0,1503,18180.851388
5000.0,1815,18192.25729
3800.0,1375,18200.901152
4000.0,1453,18210.096102
7000.0,2225,18224.067731
1800.0,804,18229.0511
4600.0,1574,18238.868113
5600.0,1940,18251.160696
3800.0,1503,18260.611539
4000.0,1459,18269.81949
600.0,423,18272.437826
600.0,520,18275.727041
200.0,357,18277.934465
600.0,500,18281.026935
2000.0,867,18286.46496
2800.0,1184,18293.917576
5000.0,1704,18304.722781
1800.0,737,18309.310993
1000.0,541,18312.743991
2000.0,933,18318.598374
2000.0,805,18323.602307
3900.0,1518,18333.188129
2000.0,803,18338.275943
4000.0,1620,18348.517044
2000.0,932,18354.364659
1800.0,737,18359.032858
2000.0,797,18364.04981
3100.0,1237,18371.931643
5400.0,1790,18383.241047
8400.0,2604,18399.79581
5900.0,1916,18411.883106
5800.0,1905,18424.018913
6700.0,2164,18437.719404
3000.0,1063,18444.481333
2800.0,1061,18451.264484
400.0,399,18453.732687
4200.0,1509,18463.268296
2400.0,928,18469.113352
5900.0,2013,18481.854198
3400.0,1301,18490.198184
4300.0,1440,18499.314526
5800.0,1852,18511.163005
2400.0,869,18516.58136
6600.0,2280,18531.087641
3000.0,1067,18537.72473
5100.0,1726,18548.596787
5800.0,1981,18561.032097
5500.0,1759,18572.176327
3000.0,1117,18579.29512
5100.0,1779,18590.524503
2600.0,1110,18597.461823
5300.0,1879,18609.396096
3000.0,1183,18616.814605
2200.0,983,18622.930193
5100.0,1761,18634.07952
2200.0,931,18639.940514
5400.0,1725,18650.827615
5900.0,1971,18663.25566
5900.0,2042,18676.253607
5000.0,1831,18687.914964
3000.0,1183,18695.364417
5200.0,1766,18706.495733
2400.0,991,18712.690317
5600.0,1820,18724.176897
6900.0,2186,18737.974804
3100.0,1564,18747.911674
3800.0,1559,18757.652255
7700.0,2362,18772.670299
5200.0,1824,18784.14455
2800.0,1248,18792.055392
3400.0,1433,18801.084241
7000.0,2144,18814.68491
4800.0,1694,18825.501091
3600.0,1381,18834.297683
5800.0,1955,18846.651397
2900.0,1172,18853.970617
2600.0,1059,18860.594472
4000.0,1512,18870.074585
3100.0,1179,18877.476731
3600.0,1315,18885.760537
3600.0,1431,18894.812441
6500.0,2155,18908.487422
2400.0,868,18913.89317
3200.0,1184,18921.377856
2800.0,1055,18928.066001
3800.0,1497,18937.532693
2000.0,799,18942.531426
3600.0,1386,18951.168737
3000.0,1121,18958.204054
3200.0,1451,18967.311521
3500.0,1377,18976.026147
7200.0,2149,18989.777056
6100.0,1975,19002.241207
3000.0,1177,19009.568373
3000.0,1061,19016.27507
2400.0,996,19022.489236
2400.0,928,19028.355953
1400.0,607,19032.203821
2200.0,809,19037.253187
3000.0,1066,19043.941185
3000.0,1174,19051.483516
