#{"t_start": 1538196236.1053963, "env_id": "RoadRunnerNoFrameskip-v4"}
r,l,t
0.0,103,3.154142
0.0,151,3.518989
0.0,240,4.109257
0.0,98,4.347021
0.0,145,4.700959
0.0,158,5.084315
0.0,302,5.818666
0.0,163,6.218461
0.0,206,6.719626
0.0,78,6.911153
0.0,185,7.366439
0.0,78,7.555195
0.0,104,7.809083
0.0,94,8.039961
0.0,191,8.503536
0.0,304,9.246949
0.0,295,9.971864
0.0,133,10.294314
0.0,112,10.564135
0.0,206,11.066221
0.0,167,11.473312
0.0,98,11.71499
0.0,162,12.105389
200.0,258,12.733968
0.0,92,12.954292
0.0,140,13.293903
0.0,82,13.493786
0.0,126,13.799205
0.0,276,14.471244
0.0,144,14.818505
0.0,208,15.321737
0.0,234,15.892217
0.0,168,16.298363
0.0,79,16.489171
0.0,157,16.874684
0.0,207,17.378583
0.0,328,18.179297
0.0,121,18.470522
0.0,121,18.763651
0.0,110,19.035755
0.0,147,19.395475
0.0,193,19.863184
0.0,89,20.080359
0.0,251,20.695897
0.0,80,20.889957
0.0,85,21.096968
0.0,201,21.59273
0.0,186,22.048493
0.0,212,22.564146
0.0,160,22.952545
0.0,201,23.4455
0.0,128,23.7551
0.0,103,24.001078
0.0,173,24.42186
0.0,227,24.976556
0.0,254,25.600866
0.0,222,26.140488
0.0,78,26.326542
0.0,121,26.623555
0.0,127,26.931901
100.0,483,28.116665
0.0,124,28.416166
0.0,169,29.483206
0.0,312,31.456577
0.0,100,32.09209
0.0,119,32.788186
0.0,157,33.744531
0.0,250,35.265327
0.0,103,35.872274
0.0,251,37.402615
0.0,114,38.078049
0.0,151,38.98301
0.0,101,39.573588
0.0,142,40.42761
100.0,260,42.057831
0.0,175,43.111605
0.0,178,44.185868
0.0,196,45.362351
0.0,166,46.3918
0.0,135,47.198445
0.0,116,47.878813
0.0,218,49.233997
0.0,243,50.698537
0.0,106,51.330905
0.0,147,52.21299
0.0,142,53.068585
0.0,180,54.206098
0.0,79,54.691836
0.0,109,55.332052
0.0,148,56.218226
0.0,110,56.869031
0.0,158,57.821337
100.0,423,60.467208
0.0,198,61.654711
0.0,127,62.416049
0.0,135,63.225158
0.0,384,65.573757
0.0,184,66.677771
0.0,196,67.880874
0.0,122,68.597722
0.0,94,69.150962
0.0,147,70.029769
0.0,78,70.470343
100.0,229,71.890813
0.0,132,72.706228
0.0,146,73.59021
0.0,235,75.083698
0.0,207,76.333307
0.0,78,76.789572
0.0,200,78.005357
0.0,101,78.618263
0.0,177,79.680534
0.0,175,80.772564
0.0,90,81.33259
0.0,87,81.853019
0.0,101,82.459154
0.0,110,83.096394
100.0,309,84.967927
0.0,201,86.232055
0.0,76,86.670721
0.0,211,87.93085
0.0,196,89.173131
0.0,200,90.373844
0.0,248,91.894666
0.0,141,93.066981
0.0,214,94.356544
0.0,126,95.111852
100.0,224,96.493803
0.0,228,97.870704
0.0,118,98.561707
0.0,245,100.046067
0.0,149,100.957087
0.0,123,101.679267
0.0,262,103.304456
0.0,280,105.013144
0.0,268,106.697987
0.0,171,107.730188
0.0,198,108.928821
0.0,256,110.561998
0.0,126,111.337522
100.0,337,113.399826
0.0,154,114.316428
0.0,137,115.152502
0.0,82,115.668355
0.0,95,116.235564
0.0,122,116.954751
0.0,98,117.543749
0.0,125,118.293167
0.0,172,119.336195
0.0,181,120.42252
0.0,181,121.535887
0.0,218,122.895847
0.0,164,123.885057
0.0,102,124.519797
0.0,196,125.729054
0.0,127,126.501471
0.0,225,127.909386
0.0,86,128.401619
0.0,108,129.033312
0.0,227,130.41415
0.0,80,130.890095
0.0,182,131.978193
100.0,514,135.210752
0.0,110,135.861933
0.0,75,136.299399
0.0,301,138.127914
100.0,355,140.300893
0.0,95,140.874887
0.0,137,141.705289
0.0,188,142.838205
0.0,261,144.419983
100.0,240,145.931608
0.0,205,147.194202
0.0,149,148.119778
0.0,76,148.554405
0.0,128,149.334881
0.0,286,151.077852
0.0,241,152.562326
100.0,327,154.588438
0.0,185,155.753202
0.0,74,156.173048
0.0,123,156.928927
0.0,161,157.894001
0.0,152,158.833703
0.0,294,160.64885
0.0,138,161.463689
100.0,174,162.516046
100.0,176,163.589701
0.0,91,164.13236
0.0,292,165.912352
0.0,165,166.909778
0.0,160,167.893027
0.0,243,169.384131
100.0,332,171.464717
0.0,178,172.543693
0.0,99,173.130699
0.0,160,174.086385
0.0,419,176.645431
0.0,110,177.300454
0.0,165,178.287634
0.0,267,179.92611
0.0,168,180.946582
0.0,90,181.478023
0.0,80,181.947741
0.0,95,182.505988
0.0,181,183.590673
0.0,340,185.734921
0.0,152,186.645233
0.0,205,187.931898
600.0,335,189.985129
200.0,358,192.185108
100.0,360,194.41338
0.0,175,195.50834
0.0,152,196.418677
0.0,194,197.583122
0.0,161,198.543625
0.0,150,199.452542
100.0,432,202.105145
0.0,202,203.362013
0.0,122,204.093074
0.0,200,205.299598
0.0,300,207.132948
0.0,178,208.237703
0.0,226,209.643224
0.0,97,210.237537
100.0,236,211.682923
0.0,173,212.720684
0.0,234,214.162528
0.0,125,214.917582
0.0,198,216.123883
0.0,113,216.791955
0.0,194,217.971064
100.0,484,221.214298
0.0,298,223.043368
0.0,101,223.66541
0.0,128,224.427011
0.0,123,225.166471
0.0,123,225.900083
100.0,264,227.505707
0.0,297,229.331033
0.0,114,230.033463
200.0,386,232.466428
0.0,247,233.973651
0.0,234,235.444245
0.0,225,236.812894
300.0,368,239.141414
0.0,108,239.796954
0.0,185,240.941071
100.0,363,243.161076
0.0,235,244.594186
0.0,225,245.969758
200.0,364,248.200339
0.0,275,249.899369
0.0,154,250.852473
0.0,152,251.772776
0.0,84,252.259155
0.0,145,253.12477
0.0,123,253.859116
100.0,393,256.268851
0.0,253,257.844561
0.0,179,258.923892
100.0,309,260.830626
0.0,121,261.577551
100.0,266,263.277393
0.0,224,264.674425
0.0,209,265.94483
0.0,165,266.958297
100.0,242,268.444403
0.0,97,269.024336
0.0,254,270.657352
0.0,220,272.015896
100.0,478,274.982178
100.0,358,277.185626
300.0,480,280.13881
300.0,242,281.625716
0.0,320,283.599519
0.0,118,284.585771
0.0,87,285.086129
2400.0,646,289.168974
100.0,352,291.330908
400.0,416,293.886734
0.0,255,295.490459
200.0,280,297.25008
0.0,241,298.766095
0.0,261,300.35246
0.0,234,301.797139
0.0,220,303.147639
0.0,258,304.80086
0.0,397,307.252358
100.0,293,309.066984
0.0,287,310.825188
100.0,370,313.101605
0.0,98,313.671707
0.0,75,314.107058
0.0,309,316.034226
0.0,88,316.546083
0.0,168,317.558142
0.0,147,318.441864
0.0,318,320.407375
0.0,163,321.382431
0.0,137,322.209369
100.0,421,324.823407
100.0,301,326.741112
0.0,317,328.690164
200.0,502,331.848323
100.0,396,334.271554
100.0,255,335.867933
0.0,207,337.11718
100.0,531,340.390171
1100.0,317,342.340142
2300.0,521,345.549895
0.0,189,346.694922
0.0,181,347.77948
0.0,114,348.718572
0.0,200,349.934093
100.0,491,352.940849
100.0,418,355.534223
0.0,297,357.350182
0.0,122,358.08468
0.0,148,358.971457
100.0,396,361.435918
0.0,139,362.266938
0.0,231,363.675267
0.0,207,364.987927
200.0,296,366.823721
100.0,357,369.13901
0.0,84,369.654938
0.0,197,370.838043
0.0,266,372.465256
0.0,170,373.478093
0.0,321,375.457723
100.0,400,377.906102
100.0,630,381.775831
100.0,255,383.332788
0.0,385,385.677998
0.0,114,386.389716
0.0,151,387.289544
100.0,293,389.113372
200.0,266,390.797471
0.0,79,391.271985
0.0,231,392.680109
0.0,227,394.039459
300.0,305,395.97948
100.0,437,398.653246
100.0,378,400.964233
0.0,335,403.017232
0.0,291,404.797456
100.0,269,406.451729
0.0,214,407.767586
100.0,451,410.527919
400.0,426,413.19917
0.0,190,414.342013
0.0,206,415.675797
100.0,370,417.961203
100.0,228,419.346961
200.0,359,421.615184
0.0,246,423.115516
0.0,256,424.690211
200.0,652,428.71098
0.0,148,429.629351
0.0,189,430.768798
200.0,398,433.29399
0.0,89,433.829007
0.0,189,434.975124
0.0,130,435.741659
100.0,352,437.89757
100.0,439,440.629636
0.0,167,441.63918
0.0,309,443.559581
100.0,332,445.584097
0.0,187,446.713793
100.0,364,448.989836
0.0,175,450.044935
100.0,275,451.708353
0.0,372,453.98613
0.0,218,455.315884
100.0,365,457.546418
100.0,435,460.277831
100.0,391,462.734246
0.0,128,463.497715
500.0,468,466.546043
0.0,240,467.997497
100.0,268,469.644213
0.0,188,470.772552
0.0,152,471.676536
0.0,99,472.246901
0.0,291,474.03549
0.0,156,474.985852
100.0,229,476.373769
0.0,273,478.062341
0.0,200,479.286958
200.0,435,481.970118
100.0,298,483.79667
0.0,137,484.622474
1100.0,415,487.226701
300.0,316,489.306866
0.0,274,490.973115
200.0,335,493.040196
0.0,306,494.952085
400.0,447,497.711995
400.0,453,500.560982
1100.0,583,504.14634
100.0,496,507.19439
100.0,313,509.127005
0.0,368,511.457037
0.0,281,513.178975
0.0,248,514.685343
0.0,275,516.359093
0.0,251,517.869911
300.0,531,521.193588
0.0,87,521.703575
200.0,386,524.072668
100.0,212,525.352094
500.0,653,529.43106
0.0,126,530.172316
100.0,251,531.728899
1200.0,492,534.778896
500.0,785,539.908114
100.0,505,542.99594
0.0,105,543.623187
100.0,402,546.100563
200.0,541,549.412367
100.0,335,551.472574
100.0,355,553.720485
100.0,345,555.838396
100.0,306,557.74148
100.0,317,559.687857
0.0,326,561.778351
0.0,328,563.88472
100.0,458,566.758403
100.0,362,569.03562
0.0,231,570.43541
0.0,218,571.763316
200.0,415,574.312721
0.0,180,575.398355
0.0,260,577.005309
0.0,206,578.284408
0.0,240,579.759566
0.0,268,581.449409
0.0,95,582.006823
300.0,412,584.548762
0.0,184,585.660492
0.0,237,587.09109
0.0,242,588.621933
0.0,251,590.172876
400.0,584,593.822919
0.0,413,596.447491
100.0,352,598.646459
0.0,124,599.411999
100.0,268,601.099091
0.0,266,602.763045
0.0,234,604.266173
0.0,241,605.777617
300.0,478,608.872399
1200.0,377,611.265878
0.0,423,613.934012
1400.0,586,617.652926
0.0,261,619.342485
200.0,456,622.205359
100.0,284,623.994236
0.0,273,625.684129
200.0,429,628.412874
100.0,317,630.452533
300.0,356,632.697958
0.0,195,633.883859
200.0,601,637.704203
0.0,214,639.090419
1100.0,290,641.024292
100.0,480,644.237689
0.0,200,645.533852
0.0,223,646.970335
300.0,345,649.24132
1600.0,727,654.1045
400.0,634,658.200115
300.0,479,661.29791
0.0,148,662.236976
0.0,385,664.697949
0.0,296,666.536676
0.0,275,668.912192
0.0,157,670.395455
0.0,132,671.18299
100.0,251,672.761328
100.0,290,674.54337
100.0,301,676.471003
1100.0,438,679.229671
700.0,475,682.225551
0.0,281,683.930572
200.0,347,686.103222
100.0,299,687.917061
0.0,344,690.021325
0.0,201,691.244803
100.0,262,692.830754
200.0,457,695.636715
100.0,393,698.145699
400.0,339,700.203567
1300.0,859,705.493518
300.0,749,710.162378
0.0,348,712.380514
0.0,251,713.931906
1100.0,521,717.15242
400.0,658,721.228416
700.0,559,724.744811
0.0,179,725.807843
100.0,305,727.751411
1300.0,801,734.964789
100.0,324,736.973491
0.0,186,738.112694
0.0,159,739.142515
0.0,225,740.538026
0.0,278,742.341381
0.0,194,743.537613
0.0,138,744.37578
100.0,259,746.027662
200.0,514,749.281882
200.0,622,753.174217
0.0,369,755.458002
0.0,124,756.200748
300.0,454,759.041637
0.0,226,760.439723
0.0,287,762.252334
0.0,80,762.74167
200.0,332,764.83724
0.0,187,765.963666
0.0,240,767.435313
100.0,359,769.68706
0.0,146,770.583076
0.0,114,771.253244
100.0,581,775.025311
100.0,257,776.614572
200.0,435,779.336877
0.0,338,781.524041
200.0,470,784.473743
300.0,379,786.92068
0.0,179,788.012295
0.0,181,789.113973
0.0,251,790.683119
200.0,366,793.035526
200.0,440,795.85034
1100.0,426,798.526573
0.0,452,801.399977
0.0,182,802.532831
0.0,268,804.214716
700.0,853,809.641404
0.0,283,811.391244
0.0,537,814.850642
100.0,442,817.651572
100.0,260,819.294664
0.0,280,821.021367
0.0,203,822.269789
100.0,409,824.810659
100.0,412,827.505478
300.0,298,829.403552
0.0,150,830.33427
0.0,164,831.335621
100.0,269,832.998738
100.0,282,834.810663
0.0,342,836.937567
0.0,119,837.66258
0.0,205,838.929941
100.0,391,841.364287
0.0,166,842.389529
300.0,475,845.367393
0.0,105,846.0083
100.0,482,849.024548
100.0,426,851.704945
200.0,498,854.863497
0.0,349,857.040154
100.0,602,860.819295
0.0,236,862.288885
400.0,789,867.271764
0.0,213,868.634653
300.0,353,870.846714
0.0,232,872.272112
0.0,216,873.594018
0.0,295,875.41383
100.0,387,877.831485
0.0,253,879.431792
400.0,530,882.799183
1000.0,724,887.674044
300.0,512,890.88203
100.0,518,894.18419
0.0,191,895.390643
1800.0,1010,901.825875
100.0,465,904.711662
200.0,578,908.337359
0.0,286,910.107021
0.0,381,912.473769
100.0,391,914.962405
200.0,577,918.576476
0.0,413,921.189081
100.0,625,925.150491
0.0,311,927.104714
0.0,154,928.049659
1600.0,450,930.84349
0.0,305,932.763182
0.0,158,933.715638
0.0,76,934.166035
0.0,348,936.355289
0.0,187,937.536136
0.0,141,938.388361
0.0,226,939.783865
0.0,233,941.220193
100.0,488,944.341991
300.0,536,947.716158
100.0,395,950.170101
0.0,265,951.840701
0.0,109,952.48652
0.0,137,953.334144
0.0,148,954.288705
0.0,167,955.314251
0.0,181,956.420392
0.0,237,957.898158
300.0,471,960.86312
0.0,183,961.992328
0.0,252,963.560221
300.0,559,967.071771
0.0,124,967.822782
100.0,339,969.928738
0.0,257,971.534021
100.0,482,974.517209
200.0,473,977.479296
0.0,263,979.10106
0.0,233,980.599334
0.0,267,982.236344
0.0,539,985.593336
0.0,252,987.185079
0.0,234,988.63748
0.0,230,990.064086
100.0,545,993.565084
0.0,191,994.741165
100.0,287,996.555393
100.0,311,998.493108
0.0,151,999.393981
0.0,152,1000.324931
200.0,415,1003.008483
1800.0,893,1008.630209
0.0,331,1010.685655
0.0,287,1012.461241
0.0,100,1013.052759
2100.0,475,1016.036055
1300.0,574,1019.636891
0.0,164,1020.658504
0.0,447,1023.461886
200.0,578,1027.061285
0.0,303,1028.953816
1000.0,537,1032.361927
0.0,322,1034.383403
1200.0,628,1038.361625
0.0,450,1041.207191
0.0,100,1041.801787
0.0,192,1042.979654
0.0,198,1044.196665
0.0,231,1045.628996
100.0,229,1047.086402
2400.0,730,1051.659292
400.0,640,1055.683732
200.0,631,1059.67746
100.0,412,1062.231202
100.0,343,1064.411084
400.0,471,1067.360413
0.0,246,1068.874435
100.0,552,1072.343006
1400.0,835,1077.675638
100.0,692,1082.079771
0.0,226,1083.45655
200.0,306,1085.354568
1400.0,420,1087.978418
100.0,541,1091.485214
0.0,513,1094.754876
300.0,467,1097.661977
100.0,346,1099.865199
100.0,334,1101.931407
100.0,445,1104.738868
400.0,531,1108.060978
100.0,360,1110.293338
100.0,327,1112.366241
100.0,362,1114.606075
300.0,372,1116.942961
0.0,242,1118.462413
100.0,286,1120.240685
0.0,413,1122.812547
0.0,198,1124.07381
100.0,456,1126.910028
100.0,406,1129.557792
100.0,621,1133.482966
0.0,405,1136.050167
100.0,431,1138.776577
0.0,100,1139.393874
3400.0,1476,1148.799328
400.0,536,1152.137739
400.0,921,1157.990813
0.0,411,1160.591661
0.0,496,1163.686999
0.0,462,1166.55676
0.0,158,1167.552446
0.0,235,1169.000951
0.0,384,1171.379408
3200.0,881,1176.931849
1200.0,548,1180.370595
500.0,976,1186.869677
1500.0,826,1192.099887
1200.0,906,1197.84125
1300.0,516,1201.098936
2200.0,452,1203.996051
3500.0,597,1207.772823
0.0,359,1210.042762
100.0,397,1212.508085
1600.0,1545,1222.26403
400.0,327,1224.350543
1400.0,591,1228.051186
0.0,188,1229.239569
1500.0,656,1233.400451
0.0,373,1235.734782
0.0,252,1237.289028
1200.0,661,1241.504477
2000.0,1031,1247.993039
0.0,330,1250.328995
1400.0,983,1256.494201
0.0,180,1257.593936
100.0,371,1259.938567
200.0,540,1263.387866
400.0,559,1266.959259
3100.0,1283,1275.093209
0.0,293,1276.904711
800.0,984,1283.157226
200.0,348,1285.355743
400.0,781,1290.354264
100.0,345,1292.528566
0.0,213,1293.861519
100.0,320,1295.881795
500.0,636,1299.945196
400.0,653,1304.092425
0.0,143,1304.979277
200.0,474,1308.025823
0.0,262,1309.662386
0.0,356,1311.879931
0.0,213,1313.197641
300.0,478,1316.221912
0.0,219,1317.586102
0.0,491,1320.715607
100.0,542,1324.103762
100.0,452,1326.949207
0.0,288,1328.730867
0.0,305,1330.632586
0.0,307,1332.520086
0.0,277,1334.264525
0.0,261,1336.003321
600.0,832,1341.202048
0.0,201,1342.448091
100.0,356,1344.658273
200.0,269,1346.318399
0.0,189,1347.481414
0.0,274,1349.170769
100.0,433,1351.992208
1600.0,864,1357.44604
1600.0,398,1360.010994
400.0,560,1363.609952
500.0,926,1369.437408
1100.0,457,1372.304461
100.0,508,1375.550488
100.0,541,1378.996367
3100.0,465,1381.944521
0.0,186,1383.127204
400.0,513,1386.41815
0.0,761,1391.265543
400.0,763,1396.136793
500.0,673,1400.39919
100.0,299,1402.277944
400.0,537,1405.68885
0.0,313,1407.635716
2600.0,865,1413.188841
500.0,658,1417.328972
1300.0,1073,1424.131879
200.0,481,1427.160881
100.0,421,1429.794717
0.0,149,1430.690803
500.0,446,1433.480909
0.0,170,1434.509859
0.0,243,1436.02658
2700.0,1172,1443.445351
300.0,272,1445.12723
100.0,426,1447.779068
300.0,622,1451.75488
800.0,690,1456.087327
1300.0,663,1460.251164
200.0,614,1464.101823
300.0,436,1466.820949
100.0,322,1468.827937
0.0,229,1470.254288
0.0,213,1471.599727
0.0,255,1473.210768
400.0,694,1477.647426
200.0,279,1479.389721
0.0,461,1482.27751
500.0,444,1485.057513
0.0,341,1487.165324
1200.0,753,1491.896895
400.0,518,1495.131326
100.0,451,1497.962393
100.0,305,1499.84508
300.0,290,1501.695069
100.0,274,1503.398392
100.0,427,1506.16073
0.0,206,1507.423032
0.0,205,1508.672554
0.0,217,1510.027557
0.0,277,1511.746464
100.0,451,1514.579772
100.0,451,1517.414404
0.0,473,1520.36969
0.0,243,1521.857228
0.0,214,1523.201043
0.0,348,1525.378424
0.0,445,1528.135184
0.0,230,1529.556313
700.0,564,1533.117222
0.0,225,1534.492639
300.0,349,1536.651333
100.0,398,1539.187438
0.0,263,1540.797384
200.0,658,1545.03827
800.0,842,1550.336315
0.0,281,1552.075688
100.0,351,1554.250213
100.0,444,1557.056635
0.0,322,1559.065924
100.0,289,1560.966139
0.0,172,1562.019393
0.0,152,1562.939856
0.0,272,1564.634285
0.0,443,1567.409421
100.0,271,1569.126425
100.0,345,1571.262266
0.0,294,1573.095958
0.0,261,1574.730278
100.0,289,1576.522063
100.0,274,1578.208254
0.0,272,1579.896271
300.0,380,1582.254621
300.0,356,1584.497535
300.0,327,1586.586144
0.0,170,1587.630902
0.0,317,1589.593656
0.0,159,1590.572777
1800.0,722,1595.111559
300.0,325,1597.120171
200.0,572,1600.683192
0.0,264,1602.335855
0.0,212,1603.632647
0.0,325,1605.676237
200.0,514,1608.875185
100.0,191,1610.072891
100.0,290,1611.892477
600.0,369,1614.264247
500.0,701,1618.64137
1600.0,418,1621.235173
100.0,385,1623.669361
300.0,477,1626.636913
0.0,236,1628.088269
200.0,631,1632.068389
1500.0,653,1636.176723
1000.0,552,1639.651388
1200.0,439,1642.399461
200.0,539,1645.742315
2400.0,804,1650.847044
0.0,223,1652.22374
1300.0,520,1655.489419
1100.0,449,1658.34782
1600.0,1151,1665.663941
1000.0,320,1667.643875
800.0,972,1673.743361
0.0,284,1675.512617
1100.0,621,1679.43418
300.0,553,1682.908324
100.0,435,1685.615048
200.0,275,1687.321461
500.0,560,1690.944082
300.0,459,1693.994663
1800.0,843,1699.337723
2600.0,1103,1706.343679
1700.0,833,1711.675028
400.0,687,1715.966551
0.0,223,1717.341058
300.0,322,1719.34579
400.0,399,1721.827809
0.0,220,1723.173243
0.0,308,1725.083186
1600.0,880,1730.683598
400.0,594,1734.453123
200.0,464,1737.404828
300.0,754,1742.297446
300.0,398,1744.791361
300.0,943,1750.857496
100.0,904,1756.600236
0.0,305,1758.484866
400.0,794,1763.660778
200.0,294,1765.494298
1700.0,1073,1772.41638
600.0,799,1777.500287
100.0,325,1779.615417
1800.0,1266,1787.658361
700.0,870,1793.121087
0.0,400,1795.610668
100.0,377,1797.965085
100.0,390,1800.444313
1200.0,885,1806.052232
100.0,220,1807.454342
100.0,425,1810.126801
100.0,726,1814.764773
100.0,444,1817.555385
200.0,309,1819.467283
200.0,535,1822.887889
500.0,1232,1830.747344
100.0,351,1833.041356
500.0,621,1836.978535
100.0,575,1840.650804
700.0,813,1845.8269
500.0,908,1851.615578
1000.0,1071,1858.394836
600.0,490,1861.498845
500.0,450,1864.436607
1500.0,772,1869.344942
200.0,553,1872.799935
300.0,720,1877.344379
3600.0,1166,1884.812735
300.0,753,1889.62467
1600.0,1037,1896.252556
800.0,532,1899.618232
1800.0,1997,1912.635817
300.0,685,1916.957325
1700.0,864,1922.40603
1000.0,760,1927.220371
1000.0,797,1932.381724
2500.0,984,1938.721543
2200.0,1216,1946.459827
6000.0,1757,1958.215561
1900.0,505,1961.415221
1400.0,756,1966.258698
2800.0,862,1971.75706
1300.0,405,1974.286524
3900.0,1477,1983.715754
1300.0,1242,1991.695321
3600.0,925,1997.540042
7100.0,958,2003.56844
2300.0,1234,2011.408773
800.0,763,2016.197143
200.0,763,2021.327151
3900.0,1538,2031.108462
5600.0,1236,2038.893736
3900.0,1381,2047.602257
3000.0,1349,2056.264904
1300.0,435,2059.087554
1100.0,596,2062.903824
3300.0,1241,2070.814428
2400.0,1011,2077.247272
3600.0,1261,2085.560657
1200.0,448,2088.345009
2500.0,551,2091.803659
5100.0,1213,2099.479352
200.0,527,2102.793389
1300.0,1115,2109.787085
1500.0,595,2113.538308
200.0,290,2115.328717
600.0,692,2119.776895
0.0,248,2121.337975
300.0,365,2123.607214
700.0,1120,2130.811809
2300.0,983,2137.104552
1400.0,598,2140.943717
200.0,595,2144.730135
2200.0,667,2149.027065
2800.0,1164,2156.55406
5700.0,1184,2164.157969
800.0,1033,2170.724889
2000.0,537,2174.19482
1200.0,542,2177.656548
700.0,472,2180.627626
200.0,523,2183.910509
2100.0,1314,2192.268943
1400.0,535,2195.699065
0.0,213,2197.013639
300.0,369,2199.31958
0.0,234,2200.776228
2700.0,460,2203.718168
1100.0,307,2205.641789
1100.0,593,2209.350037
700.0,651,2213.444556
400.0,395,2215.92751
0.0,368,2218.213778
3900.0,981,2224.57664
500.0,741,2229.298361
400.0,350,2231.478107
0.0,273,2233.195125
200.0,324,2235.271462
0.0,252,2236.841108
700.0,487,2239.903038
3100.0,859,2245.321547
3700.0,1221,2253.203536
3500.0,1551,2262.994603
100.0,376,2265.370964
700.0,497,2268.527989
1900.0,1071,2275.320141
1700.0,1141,2282.671885
1800.0,786,2287.715599
300.0,299,2289.590955
400.0,336,2291.721012
600.0,702,2296.152388
900.0,861,2301.652975
200.0,508,2304.858805
4700.0,1284,2313.112172
1300.0,1542,2322.929105
100.0,296,2324.772475
600.0,591,2328.471601
3800.0,1274,2336.499878
2700.0,1377,2345.2842
2200.0,1199,2352.923532
700.0,750,2357.736198
5200.0,1334,2366.202779
200.0,522,2369.496376
300.0,354,2371.719305
400.0,676,2375.99211
700.0,610,2379.875136
800.0,587,2383.619325
800.0,519,2386.851273
100.0,315,2388.803789
100.0,576,2392.458486
200.0,991,2398.738866
0.0,378,2401.104199
0.0,201,2402.356832
0.0,189,2403.593264
300.0,763,2408.467607
600.0,1038,2415.134936
400.0,385,2417.528038
3300.0,1466,2427.085621
2500.0,1288,2435.233727
500.0,698,2439.61469
500.0,754,2444.442422
5900.0,1762,2455.574089
1200.0,698,2460.015874
1100.0,946,2466.071461
1600.0,549,2469.529338
3000.0,875,2475.280547
1400.0,604,2479.109538
1500.0,470,2482.065259
3400.0,1590,2492.157501
1000.0,419,2494.826627
800.0,792,2499.836708
1200.0,1078,2506.732671
1400.0,789,2511.851324
800.0,562,2515.537256
4400.0,1390,2524.32308
5800.0,1211,2532.115213
5700.0,1158,2539.441682
2800.0,1324,2547.962558
2400.0,537,2551.36974
4900.0,1350,2559.99586
3600.0,1106,2566.978017
2600.0,662,2571.167334
2100.0,593,2574.900915
2000.0,873,2580.444891
4000.0,771,2585.376003
3500.0,726,2589.963713
5800.0,1246,2597.90878
1100.0,1272,2606.388661
3800.0,819,2611.546045
9500.0,1331,2620.05757
3400.0,807,2625.155797
1700.0,1219,2632.981758
1200.0,753,2637.740167
900.0,403,2640.288363
1400.0,427,2642.969621
800.0,566,2646.595513
300.0,682,2650.93136
1800.0,964,2657.038037
1000.0,913,2662.846312
1300.0,471,2666.209359
100.0,415,2668.868603
2200.0,653,2673.000689
1600.0,491,2676.070797
2900.0,1218,2684.061332
4700.0,1081,2690.872397
4100.0,1133,2698.059801
1500.0,767,2702.947222
600.0,693,2707.324084
1600.0,475,2710.378568
900.0,835,2715.720761
3600.0,831,2720.976989
1000.0,1127,2728.185099
5900.0,978,2734.360775
1000.0,424,2737.006873
3900.0,1222,2744.701961
9100.0,1394,2753.497879
4300.0,934,2759.434492
2800.0,861,2764.942818
1700.0,605,2768.766611
3400.0,697,2773.319949
2500.0,706,2777.868305
6300.0,865,2783.3241
3000.0,662,2787.52682
3200.0,1783,2798.772073
3900.0,687,2803.127073
3800.0,1021,2809.571552
2000.0,567,2813.176025
1100.0,515,2816.392339
3300.0,853,2821.800077
6600.0,1057,2828.483601
9000.0,1114,2835.620227
200.0,263,2837.264731
5000.0,1104,2844.258384
8700.0,1074,2851.051251
4600.0,1179,2858.924193
8400.0,1106,2865.941834
5400.0,1103,2873.001035
8600.0,1016,2879.53691
12300.0,1137,2886.787955
7900.0,1148,2894.048238
3600.0,839,2899.455092
12100.0,1159,2906.74816
7000.0,1029,2913.197776
4300.0,806,2918.264146
12300.0,1062,2925.466665
10100.0,1108,2932.555387
10700.0,1037,2939.095847
9900.0,1127,2946.265054
11300.0,1006,2952.61608
9100.0,1048,2959.225295
6600.0,1052,2965.838222
7400.0,1072,2972.668213
7700.0,970,2978.922539
9500.0,1031,2985.718637
8500.0,1059,2992.462551
15600.0,1276,3000.642409
9300.0,1090,3007.548474
4100.0,1195,3015.297624
11700.0,1185,3022.871969
8400.0,1241,3030.742949
10300.0,902,3036.455218
10000.0,1040,3043.022882
2900.0,735,3047.676525
2800.0,478,3051.10734
11700.0,1170,3058.498815
300.0,237,3060.008797
10700.0,1268,3068.051337
2300.0,777,3073.013422
6800.0,1056,3079.762594
10200.0,1013,3086.154674
6700.0,1191,3093.876158
10200.0,1147,3101.112019
5800.0,453,3103.938205
8900.0,1010,3110.524423
8200.0,959,3116.949924
9400.0,856,3122.365049
8700.0,1230,3130.230368
17100.0,1202,3137.923834
4100.0,984,3144.394005
7900.0,1200,3152.067796
11500.0,1247,3160.020091
1300.0,436,3162.804034
9400.0,1219,3170.630845
8900.0,1230,3178.566653
1700.0,469,3182.122022
2900.0,839,3187.375006
10300.0,1219,3195.034514
12300.0,1103,3202.039272
13000.0,1195,3209.625821
10200.0,1161,3216.958855
11900.0,1206,3224.566427
11900.0,1129,3231.783797
13300.0,1127,3238.950335
12100.0,943,3246.550489
11500.0,1060,3253.241928
13700.0,1106,3260.247486
12600.0,1141,3267.380421
12100.0,1076,3274.199968
16500.0,1206,3282.040067
4800.0,935,3287.994488
11800.0,1174,3295.556294
15800.0,1088,3302.481679
9600.0,1168,3310.518928
17300.0,1141,3317.726593
13600.0,1067,3324.528137
7900.0,1062,3331.307221
13200.0,1133,3338.474885
8100.0,1032,3344.951994
9100.0,1101,3351.918618
11700.0,1072,3358.70753
10600.0,1058,3365.411963
3500.0,713,3369.904323
13100.0,1019,3376.697727
8800.0,1118,3383.954355
13000.0,1068,3390.748362
11600.0,1231,3398.537987
14400.0,970,3404.730854
14800.0,1084,3411.646863
9400.0,1144,3419.17568
13900.0,1133,3426.500636
11800.0,980,3432.774347
11700.0,1172,3441.871069
13700.0,1034,3448.383
15300.0,1161,3455.810465
13200.0,1080,3462.646969
10500.0,1087,3469.496186
3900.0,873,3474.984694
20400.0,1013,3481.368356
12200.0,1136,3488.563567
21600.0,1249,3496.487045
22600.0,1078,3503.435528
16300.0,1246,3511.921032
19800.0,1135,3519.179624
4800.0,655,3523.396401
19500.0,1187,3530.954972
23800.0,1023,3537.432961
16500.0,1078,3544.238534
1400.0,401,3546.742495
700.0,431,3549.547154
3400.0,437,3552.265167
18800.0,1047,3558.878713
20300.0,1068,3565.720876
10900.0,1138,3573.596898
10600.0,1295,3581.861429
11800.0,1070,3588.598635
15200.0,1111,3595.654612
15800.0,1136,3602.894024
20500.0,1071,3609.728997
19300.0,1270,3617.849772
9700.0,720,3622.433244
15300.0,1026,3628.917185
19700.0,1019,3635.950141
13800.0,1064,3642.712365
22200.0,1334,3651.164116
18200.0,1287,3659.508385
10400.0,694,3663.956389
2300.0,600,3667.810026
15400.0,1087,3674.645244
14000.0,1308,3683.010408
21700.0,1174,3690.529229
20900.0,1206,3698.20876
18000.0,1062,3705.564436
22500.0,1962,3718.083127
18500.0,1180,3725.559625
19500.0,1160,3732.95075
19200.0,1103,3739.969566
21100.0,1051,3746.575883
7900.0,1095,3753.552347
20600.0,1025,3760.081307
20200.0,1044,3768.106585
16900.0,1163,3775.433591
14100.0,1089,3782.337136
21800.0,1117,3789.344809
16100.0,1098,3796.302147
18200.0,987,3802.5699
18900.0,1007,3809.004193
17500.0,1145,3816.344438
16900.0,922,3822.261681
5500.0,614,3826.215196
18700.0,1066,3833.635281
28600.0,1031,3840.203027
18900.0,1268,3848.449745
24400.0,941,3854.420465
13900.0,1179,3861.910041
8300.0,651,3865.974983
27700.0,1069,3872.723943
23800.0,987,3878.99548
20800.0,944,3885.090382
18300.0,1033,3891.727902
14700.0,1161,3899.713115
22300.0,1213,3907.380345
11900.0,1131,3914.523073
20600.0,1191,3922.198686
18600.0,1164,3929.610592
19100.0,1195,3937.186497
16400.0,1299,3945.629196
27400.0,1095,3952.554727
20500.0,1205,3961.007179
20000.0,1166,3968.330768
24200.0,1005,3974.657126
22200.0,1182,3982.153885
15800.0,1066,3988.921453
8500.0,1092,3995.807445
12500.0,1196,4003.463852
17500.0,1166,4010.772711
21100.0,1086,4017.68092
23200.0,1319,4026.556076
21300.0,1120,4033.648445
15800.0,1129,4040.790554
17900.0,1239,4048.764921
21600.0,1092,4055.719739
14300.0,1064,4062.449441
31600.0,1091,4069.371638
19900.0,1080,4076.262323
14600.0,978,4082.544504
16100.0,942,4089.187115
15600.0,1011,4095.633537
19100.0,1177,4103.127012
19000.0,985,4109.334648
16000.0,1077,4116.092798
19700.0,1296,4124.297885
24400.0,1399,4133.186477
14000.0,1116,4140.203434
30800.0,1291,4148.282937
15400.0,1125,4156.123626
25300.0,1108,4163.081202
21000.0,1143,4170.303808
14500.0,1096,4177.215556
16600.0,1041,4183.753028
21800.0,985,4190.001442
17800.0,1108,4197.074895
20800.0,1003,4203.408894
25100.0,1225,4211.07533
18200.0,1059,4218.284929
23400.0,986,4224.510842
19200.0,1117,4231.602894
13000.0,1172,4239.099916
18700.0,1056,4245.7758
20900.0,1196,4253.337114
22100.0,1192,4260.850608
21000.0,1483,4270.331236
17100.0,1425,4279.357787
14600.0,808,4284.981612
17000.0,1236,4292.753309
18400.0,1155,4300.033344
15500.0,1047,4306.694781
21300.0,1235,4314.641866
21500.0,1223,4322.349288
22100.0,1155,4329.626484
25800.0,1049,4336.250854
23500.0,1146,4343.494402
18200.0,989,4350.240005
16700.0,927,4356.222843
28400.0,1457,4365.399541
8100.0,468,4368.318317
30700.0,1239,4376.172508
21400.0,1127,4383.314775
22400.0,1246,4391.187644
31700.0,1122,4398.240263
21700.0,1148,4405.506476
20100.0,1132,4413.102745
17600.0,1039,4419.644772
23400.0,1010,4426.161714
24200.0,929,4431.99077
24000.0,1013,4438.379867
26900.0,945,4444.40544
32100.0,1047,4450.999193
24100.0,936,4456.963874
24600.0,987,4463.151333
24700.0,1073,4470.017678
12900.0,1166,4477.934666
24900.0,1179,4485.474395
11200.0,957,4491.49487
15600.0,962,4497.56608
24800.0,1068,4504.243115
31200.0,932,4510.143095
19100.0,1019,4516.60552
26500.0,929,4522.442312
29100.0,1054,4529.103388
20700.0,1075,4535.86753
18900.0,1000,4542.712601
25000.0,1003,4549.187406
22700.0,1085,4556.040461
30800.0,964,4562.175263
21600.0,1107,4569.225421
18300.0,1112,4576.382952
23900.0,1257,4584.454527
19500.0,938,4590.422717
26100.0,1226,4598.184825
25300.0,1594,4608.86847
31400.0,1190,4616.51293
24200.0,1494,4625.904427
19900.0,959,4631.979016
21000.0,2786,4649.753264
18200.0,1033,4656.380516
17700.0,1179,4663.851173
19200.0,929,4670.179467
24300.0,1243,4678.070479
25600.0,1202,4685.727001
20900.0,968,4691.874631
20200.0,1012,4698.341306
18700.0,1113,4705.407823
15300.0,1514,4715.049726
27900.0,1011,4721.430998
21000.0,995,4727.781647
15900.0,804,4732.909358
20300.0,953,4738.956482
21500.0,1304,4747.232887
16900.0,1251,4755.211798
26600.0,1218,4763.049007
26400.0,1387,4771.910533
30600.0,1116,4778.88754
16700.0,1105,4785.946613
31700.0,1173,4793.406208
22800.0,1078,4800.304567
25900.0,1179,4807.735821
22700.0,1209,4815.385772
20500.0,1121,4822.449723
21500.0,1164,4829.798535
29800.0,1285,4837.951452
25200.0,1346,4846.414737
23100.0,977,4852.64869
17900.0,1179,4860.130228
20900.0,1201,4867.705456
22400.0,971,4873.879856
18600.0,1411,4882.783865
23000.0,1139,4890.027575
21300.0,1325,4898.530507
20900.0,1308,4906.764694
19900.0,1077,4913.536086
23700.0,1268,4921.537663
23300.0,1031,4928.184311
24200.0,1456,4937.353756
23900.0,1279,4945.5948
26200.0,1074,4952.415452
19200.0,1337,4960.968674
16600.0,1058,4967.685734
22900.0,1224,4975.49551
28200.0,1445,4984.634437
19900.0,1072,4991.345342
19100.0,972,4997.525546
21600.0,1057,5004.348716
26500.0,988,5010.639289
13400.0,1192,5018.17515
22500.0,1051,5024.841208
18100.0,897,5030.525011
15700.0,884,5036.094393
19300.0,1147,5043.367657
21300.0,979,5049.515773
22800.0,1243,5057.422839
15300.0,1128,5064.646931
22000.0,1304,5072.893799
24400.0,1255,5080.791701
16600.0,1158,5088.220526
24600.0,1325,5096.672621
14600.0,1043,5103.283149
21800.0,1011,5109.645952
27400.0,1134,5116.921783
33600.0,1313,5125.318615
31600.0,1122,5132.338624
20900.0,1160,5139.610479
32900.0,1500,5149.154653
23800.0,1265,5157.146448
17900.0,1487,5166.574411
21600.0,1642,5176.992395
25200.0,1350,5185.613116
21000.0,1154,5192.963437
26200.0,1157,5200.26267
21600.0,1316,5208.527856
22600.0,1488,5217.924945
17100.0,1725,5228.889641
24700.0,1957,5241.17225
18800.0,1372,5249.990145
20900.0,1157,5257.32329
24000.0,1368,5266.026115
24000.0,1299,5274.253133
31000.0,1579,5284.307429
23400.0,926,5290.204681
29800.0,1877,5302.169377
15700.0,1149,5309.935466
29500.0,1506,5319.461231
4800.0,652,5323.6025
25600.0,1428,5332.688514
23700.0,1081,5339.492223
24000.0,1479,5349.122683
17900.0,1351,5357.703508
28500.0,1292,5365.940516
15400.0,1013,5372.859736
27000.0,1221,5380.6185
30100.0,1079,5387.486568
20000.0,891,5393.157145
20500.0,1260,5401.14333
26700.0,1454,5410.365732
16800.0,921,5416.154049
33500.0,1887,5428.264913
31200.0,1258,5436.309839
23100.0,1418,5445.302252
21000.0,1138,5452.431221
24300.0,1357,5461.038476
25000.0,1152,5468.292912
16000.0,1093,5475.213397
21000.0,1125,5482.387339
23500.0,1102,5489.42374
22700.0,1283,5497.859218
21000.0,1318,5506.189225
24300.0,1672,5516.825944
27000.0,1510,5526.796072
25900.0,1409,5535.774979
31000.0,1230,5543.536264
33400.0,1597,5553.633912
18100.0,1374,5562.523702
25000.0,1466,5572.450253
22100.0,1288,5580.792532
32200.0,1237,5588.687287
26700.0,1189,5596.182606
27900.0,1228,5604.083777
33800.0,942,5610.057939
31900.0,1358,5618.59831
24400.0,1233,5626.516413
26700.0,1528,5636.757487
29000.0,1504,5646.273018
24400.0,1195,5653.982165
18700.0,826,5659.167874
32000.0,1205,5666.833607
22800.0,1134,5674.016235
18400.0,1158,5681.340524
22800.0,1634,5691.667993
33600.0,1619,5702.499343
31900.0,1135,5709.671441
24000.0,1595,5719.963184
17700.0,1201,5727.637097
39400.0,1910,5739.679059
32700.0,1471,5749.033016
20600.0,1295,5757.223829
17300.0,1186,5765.278871
28800.0,1693,5776.014666
29200.0,1468,5785.416442
24500.0,1318,5793.819075
23100.0,1095,5800.797736
30500.0,1193,5808.519481
22900.0,1163,5815.836648
20200.0,1255,5824.388057
27200.0,1295,5832.516423
20200.0,1407,5841.376981
25800.0,840,5846.728693
21200.0,1382,5855.436674
33100.0,1258,5863.609571
24400.0,1081,5870.375142
19000.0,1337,5878.909356
22800.0,1387,5887.654482
32000.0,1316,5895.952334
29000.0,1677,5906.649875
28300.0,1570,5916.665204
18100.0,1120,5923.777181
25500.0,1166,5931.084916
21900.0,1281,5939.274767
29600.0,1158,5946.560566
22900.0,1661,5957.183072
30500.0,1266,5965.277092
28100.0,1148,5972.687852
19900.0,1166,5980.146528
21500.0,1313,5988.441294
12500.0,840,5993.706549
18200.0,1170,6001.092204
19600.0,926,6006.961846
22000.0,1197,6014.536808
24500.0,1122,6021.612511
35700.0,1213,6029.479501
16400.0,1262,6037.469372
28000.0,1906,6049.581164
30100.0,1243,6057.439286
25200.0,1473,6066.853149
20200.0,1209,6074.461177
21200.0,1259,6082.388078
39400.0,1336,6090.870676
31400.0,1724,6101.706628
29800.0,1375,6110.356865
25600.0,1463,6119.684283
30600.0,1194,6127.187205
25400.0,1392,6135.988909
20600.0,1678,6146.604199
34500.0,981,6152.760756
21600.0,1228,6160.502355
31300.0,1130,6167.626434
25800.0,1491,6177.093619
35100.0,1386,6185.96044
31600.0,1592,6196.005741
33000.0,1467,6205.329554
31500.0,1181,6212.876469
28300.0,2005,6225.801728
25000.0,1449,6235.014776
36000.0,1472,6244.332068
32400.0,1545,6254.111544
17100.0,1625,6264.395878
26000.0,1573,6274.397635
27100.0,1221,6282.07076
27600.0,1261,6290.140866
21600.0,1142,6297.48481
27900.0,1407,6306.46973
26000.0,1264,6314.467746
19600.0,1332,6322.897348
17900.0,1220,6330.590642
21700.0,1261,6339.076316
26800.0,1851,6350.967929
24300.0,1325,6359.302262
17100.0,1156,6366.73594
10800.0,1129,6373.96675
31500.0,1438,6383.310882
29500.0,1802,6394.837645
30800.0,1147,6402.098058
20100.0,1403,6411.045064
31200.0,1580,6421.042973
29700.0,918,6426.851202
34300.0,1425,6435.972295
21200.0,1129,6443.206708
27500.0,1863,6455.020581
18300.0,1246,6462.824294
39900.0,1264,6470.80826
30700.0,1813,6482.382434
18800.0,1229,6490.162629
20900.0,1419,6499.178612
24400.0,798,6504.199073
29900.0,1655,6514.722682
42100.0,1565,6524.742234
25100.0,1232,6532.525796
24700.0,1632,6542.843745
23900.0,1891,6554.913739
29900.0,1223,6562.706876
25700.0,1530,6572.296364
34300.0,1119,6579.380302
25700.0,1315,6587.796575
23100.0,1220,6595.750542
16900.0,1283,6603.855722
28100.0,1119,6610.996177
25200.0,1218,6618.77983
28900.0,1323,6627.111018
33300.0,1436,6636.172777
33700.0,1141,6643.335584
29300.0,1124,6650.542881
28500.0,1521,6660.168296
22100.0,1595,6670.268875
32400.0,1497,6679.786478
19500.0,1246,6687.668918
32700.0,1424,6696.859401
17100.0,1524,6706.716825
29900.0,1305,6715.077257
23500.0,1830,6726.717433
24300.0,1121,6733.895059
25700.0,1217,6741.565736
22700.0,1046,6748.146998
17600.0,1363,6756.915276
24700.0,1403,6765.909422
23700.0,1155,6773.227946
14300.0,1169,6780.64084
18200.0,1284,6788.767676
32200.0,1515,6798.487208
30200.0,1447,6807.823347
21200.0,1480,6817.179821
15100.0,1107,6824.168947
20600.0,1177,6831.554446
31100.0,1533,6841.289404
30700.0,1380,6850.09725
13700.0,1703,6860.86486
33400.0,2183,6874.788374
36600.0,942,6880.838015
25500.0,980,6887.080941
28600.0,1409,6896.038804
13500.0,905,6901.828283
30400.0,1552,6911.61014
13000.0,627,6915.56647
24100.0,1355,6924.190879
28200.0,1561,6934.159832
29200.0,1217,6941.875871
11700.0,1305,6950.250745
28200.0,1477,6959.544372
34100.0,1175,6967.019278
26800.0,1512,6976.569285
24700.0,1169,6983.948356
30900.0,2008,6996.693769
21000.0,1772,7007.823234
25500.0,1216,7015.666249
22700.0,1270,7023.799828
23200.0,1663,7034.439328
27100.0,1368,7043.190241
21000.0,1198,7050.861187
28800.0,1209,7058.504448
26800.0,1147,7065.795965
23200.0,1045,7072.404088
21500.0,1213,7080.130098
25900.0,1827,7091.664899
35600.0,1139,7098.877591
27500.0,1535,7108.612494
19800.0,1653,7119.051195
33900.0,1938,7131.495376
31400.0,1382,7140.245951
42200.0,1611,7150.413153
28700.0,1618,7160.705918
36100.0,926,7166.501221
32300.0,1405,7175.491796
23600.0,1466,7184.844669
24800.0,1417,7193.825655
29100.0,1376,7202.608577
32200.0,1458,7211.832341
21100.0,1062,7218.617924
32500.0,7599,7267.225927
22200.0,1021,7273.700419
21300.0,1708,7284.567106
22400.0,1217,7292.367018
25100.0,1221,7300.163502
41900.0,1274,7308.263823
15600.0,1184,7315.941432
26100.0,1288,7324.235863
26800.0,1702,7335.006662
31600.0,1708,7345.867444
26500.0,1196,7353.486128
24900.0,1632,7363.788194
34300.0,1304,7372.016185
21000.0,1303,7380.352072
37300.0,1213,7388.103981
24900.0,1918,7400.247764
24900.0,1811,7411.697958
25700.0,904,7417.369503
30400.0,1333,7425.908564
22800.0,1090,7432.773412
32000.0,1602,7442.961799
26200.0,1519,7452.610099
20400.0,1356,7461.29861
18800.0,1089,7468.211057
25900.0,1149,7475.504322
29600.0,1128,7482.638542
29500.0,1548,7492.34082
21800.0,1272,7500.350559
21600.0,1114,7507.497479
21500.0,1246,7515.388043
30500.0,1140,7522.66157
8000.0,483,7525.734174
21100.0,1345,7534.481563
32100.0,1249,7542.385514
25600.0,1135,7549.782185
33500.0,1179,7557.19704
8200.0,619,7561.080168
12900.0,752,7565.777106
27500.0,1406,7574.706766
25800.0,1241,7582.478026
34200.0,1379,7591.162895
24700.0,1198,7598.951452
20100.0,1235,7606.735144
22800.0,1249,7614.664243
21000.0,993,7620.954015
13300.0,1170,7628.378596
18800.0,1000,7634.724562
30100.0,1347,7643.310328
30900.0,1603,7653.501522
31500.0,1281,7661.734293
18200.0,1298,7670.050022
34600.0,1425,7679.258121
28500.0,1214,7686.998832
26600.0,1335,7695.52605
29500.0,1591,7705.785533
29700.0,1306,7714.185086
18900.0,1918,7726.300972
28800.0,1147,7733.521345
32700.0,1680,7744.23685
28100.0,1257,7752.192631
31300.0,1239,7760.09592
22500.0,1617,7770.32618
24400.0,1596,7780.453415
22900.0,1271,7788.405361
33200.0,1355,7796.909184
21900.0,1219,7804.721536
33100.0,1390,7813.491765
16600.0,1156,7820.751909
21700.0,1188,7828.283098
28400.0,1211,7835.895216
22500.0,1259,7843.887861
25800.0,1579,7854.045144
35100.0,1238,7861.923963
23800.0,1511,7871.534162
33800.0,1163,7878.983741
33500.0,1538,7888.776387
31100.0,1188,7896.305268
18400.0,1234,7904.062324
29900.0,1321,7912.468447
19900.0,1227,7920.322112
22800.0,1473,7929.578671
25600.0,1418,7938.62786
27300.0,1514,7948.207847
18600.0,1234,7956.006751
43200.0,1435,7965.216356
22700.0,1347,7973.831242
28200.0,1357,7982.420971
23100.0,1236,7990.435627
33700.0,1311,7998.837759
23700.0,1197,8006.520161
21200.0,1052,8013.11895
26300.0,979,8019.273157
40600.0,1170,8026.764031
25800.0,1628,8037.182487
27600.0,1035,8043.903405
11300.0,554,8047.388531
29900.0,1849,8059.21396
20500.0,1305,8067.588061
20200.0,1034,8074.240407
15900.0,1222,8081.952881
22600.0,1315,8090.289653
23700.0,1364,8098.86772
26400.0,1692,8109.671992
35500.0,1400,8118.573544
28900.0,1660,8129.051701
27500.0,1382,8137.872944
23000.0,1614,8147.986878
39200.0,1170,8155.42412
27500.0,1066,8162.148446
29600.0,1268,8170.255046
24900.0,1405,8179.293324
32600.0,1200,8186.831083
22800.0,1223,8194.639844
24500.0,1189,8202.125972
17800.0,807,8207.337896
28400.0,1237,8215.204101
15400.0,960,8221.202542
32900.0,1555,8231.21025
21500.0,1005,8237.598641
31200.0,1434,8246.719007
21400.0,1145,8253.928703
22500.0,1191,8261.422448
20100.0,1185,8269.076883
22600.0,1291,8277.318884
25300.0,1060,8284.000065
35800.0,1158,8291.373783
28600.0,1203,8299.110159
25500.0,1346,8307.580419
20100.0,1127,8314.781056
18600.0,1138,8322.007674
27000.0,1069,8328.853468
18900.0,746,8333.613256
41800.0,1018,8340.180044
31100.0,1315,8348.572306
20000.0,1557,8358.457721
40800.0,1432,8367.618593
32200.0,2044,8380.739026
21100.0,2063,8393.810026
32300.0,1169,8401.190492
30300.0,1236,8409.052864
34600.0,2062,8422.118738
28000.0,3008,8441.203263
32700.0,1031,8447.759899
26300.0,1124,8455.013219
28800.0,1622,8465.390682
24900.0,1042,8471.918557
36900.0,1150,8479.154817
17800.0,998,8485.437064
21300.0,1544,8495.318842
18900.0,1569,8505.366009
23200.0,1143,8512.59792
34700.0,1284,8520.772754
30400.0,912,8526.54673
35500.0,1826,8538.030798
31100.0,1082,8544.789883
27200.0,1386,8553.627254
22900.0,1267,8561.722721
23000.0,1411,8570.632343
32900.0,1427,8579.739665
24100.0,1541,8589.633747
28800.0,1423,8598.672836
39500.0,1278,8606.791496
28100.0,1620,8617.047879
30400.0,1359,8625.59851
35100.0,1614,8635.788693
27800.0,1336,8646.194286
20800.0,1187,8653.829407
22900.0,1259,8661.895194
34900.0,1102,8668.947862
28200.0,1102,8676.013775
22900.0,1196,8683.634524
32900.0,1220,8691.563134
26200.0,1287,8699.751505
29200.0,1378,8708.580838
28500.0,1305,8716.798349
20100.0,1484,8726.279875
37300.0,1401,8735.361393
29300.0,1127,8742.535275
14700.0,995,8748.814014
39500.0,1266,8756.806208
22400.0,1403,8765.754561
19900.0,1097,8772.656766
19000.0,1199,8780.260171
14800.0,1123,8787.329623
30000.0,1292,8795.606227
27100.0,1178,8803.13727
25300.0,1392,8811.982358
18300.0,1173,8819.458201
26600.0,1324,8827.889207
24300.0,1735,8838.949559
25600.0,1227,8846.732489
40200.0,1347,8855.409022
31700.0,1152,8862.718398
28300.0,927,8868.638788
28300.0,1286,8876.778053
21000.0,1168,8884.16753
25000.0,1193,8891.771662
18900.0,919,8897.612874
22200.0,1078,8904.39984
31500.0,1724,8915.348366
36100.0,1205,8923.064639
33700.0,919,8928.882853
22000.0,1323,8937.200858
21900.0,1277,8945.401402
20600.0,1590,8955.617836
24700.0,1353,8964.1921
37200.0,1233,8972.076271
29700.0,1122,8979.130771
30600.0,1247,8986.969365
30900.0,1077,8993.836998
43400.0,1718,9004.863198
23200.0,1131,9012.020014
31000.0,1566,9022.024727
18700.0,1953,9034.453978
19800.0,1267,9042.47013
28600.0,1126,9049.700264
25200.0,3072,9069.39652
35500.0,1224,9077.1406
19300.0,1071,9083.970986
26800.0,2021,9096.83998
29900.0,966,9102.975821
29000.0,1136,9110.174532
27400.0,1309,9118.495011
25100.0,1208,9126.155178
34000.0,1813,9137.689183
28100.0,1315,9145.960901
36800.0,1977,9158.546693
17100.0,992,9164.93094
33000.0,1248,9172.928314
24700.0,1274,9180.943165
16900.0,1177,9188.381876
26800.0,1260,9196.352918
25900.0,1224,9204.026239
19100.0,1119,9211.0682
24700.0,1391,9220.087842
21400.0,1277,9228.153923
27500.0,854,9233.587379
29700.0,1087,9240.477577
45200.0,1380,9249.169678
18500.0,1275,9257.245094
19600.0,1141,9264.495174
26800.0,1154,9271.806612
25000.0,1351,9280.477048
37600.0,1146,9287.755017
26000.0,1349,9296.348809
28600.0,1986,9308.956922
19700.0,1207,9316.742978
29000.0,1210,9324.460283
16800.0,1225,9332.224363
15200.0,1454,9341.434017
20900.0,1079,9348.270894
27500.0,991,9354.50588
21900.0,876,9360.151053
20300.0,2267,9374.49347
17900.0,1209,9382.144917
36200.0,1382,9390.884095
19500.0,1382,9399.68771
23200.0,1405,9408.536629
31100.0,1594,9418.614499
42700.0,1288,9426.913799
24300.0,1619,9437.139754
18100.0,1176,9444.666721
25800.0,1431,9453.77
29400.0,1100,9460.755392
26200.0,1175,9468.399915
28700.0,1147,9475.632118
17500.0,1289,9483.859571
29600.0,1340,9492.385135
25600.0,1202,9499.97063
20500.0,1180,9507.521528
19100.0,4367,9535.198015
37200.0,846,9540.506322
20200.0,793,9545.508087
26500.0,1865,9557.435882
19600.0,1308,9565.90335
26700.0,1102,9573.048266
23000.0,1111,9580.191942
23800.0,1275,9588.21993
22600.0,1306,9596.526113
36700.0,1364,9605.107806
32100.0,809,9610.246929
35100.0,991,9616.500693
38300.0,1250,9624.436347
27000.0,1230,9632.384744
16500.0,653,9636.51047
30200.0,1068,9643.23846
24800.0,1229,9650.946045
25600.0,1382,9659.671274
30900.0,1180,9667.19204
33100.0,1235,9674.995478
23300.0,1234,9682.839419
31600.0,1589,9692.948932
26300.0,1514,9702.532883
19900.0,1197,9710.161809
21300.0,1405,9719.032342
31400.0,1312,9727.409629
25200.0,1220,9735.125054
16400.0,1221,9742.979245
33000.0,954,9749.026842
37700.0,1359,9757.754568
29100.0,1347,9766.379306
37400.0,942,9772.345905
30600.0,1553,9782.248487
25900.0,859,9787.719654
28100.0,1414,9796.758459
36200.0,1166,9804.152054
21700.0,1229,9811.908899
35400.0,1348,9820.514451
27000.0,1531,9830.310375
23000.0,1747,9841.398296
17600.0,1425,9850.56732
22700.0,1217,9858.365122
15700.0,961,9864.434669
40700.0,1340,9872.881624
33000.0,1050,9879.555353
30800.0,1383,9888.545608
34600.0,1544,9898.219472
32600.0,1484,9907.71715
24000.0,1325,9916.345535
27000.0,1231,9924.066986
18500.0,1422,9933.122425
40900.0,1905,9945.259448
23900.0,1338,9953.777947
21500.0,1328,9962.155794
31800.0,1688,9973.026099
38600.0,1189,9980.750273
18700.0,1506,9990.290419
27800.0,1151,9997.585928
34600.0,1661,10008.121238
27400.0,2186,10021.9712
29000.0,1332,10030.425323
40800.0,1273,10038.583696
26900.0,1240,10046.565837
38400.0,1280,10054.661301
25700.0,1236,10062.61914
26300.0,1333,10071.163844
35200.0,1108,10078.213035
28600.0,1209,10086.001287
37300.0,1417,10095.089136
17700.0,1148,10102.476293
26100.0,1113,10109.519865
27800.0,1493,10119.193631
19500.0,1024,10125.675704
33700.0,1097,10132.681044
25200.0,1584,10142.708864
26000.0,1291,10151.003489
24000.0,1073,10157.839711
31800.0,1344,10166.541451
28700.0,990,10172.72052
18900.0,974,10178.88401
27600.0,1178,10186.353832
22900.0,1396,10195.353129
39100.0,1678,10205.925323
27000.0,1180,10213.444609
23500.0,1413,10222.370497
36300.0,1130,10229.53379
23200.0,1192,10237.061312
24400.0,1253,10244.979371
31000.0,1339,10253.488239
29200.0,1296,10261.764752
27000.0,1450,10270.970664
32800.0,1357,10279.691437
37500.0,1206,10287.369475
34600.0,1268,10295.396012
24900.0,1077,10302.242043
34000.0,1285,10310.355037
30300.0,1231,10318.150958
24200.0,1217,10325.962254
26100.0,1160,10333.31347
34500.0,1315,10341.635396
25400.0,840,10347.049261
34600.0,1379,10355.830339
25300.0,900,10361.596986
38600.0,1248,10369.454879
33400.0,1168,10376.848309
32400.0,999,10383.333482
22600.0,1346,10391.78201
23100.0,1305,10399.987963
38900.0,1030,10406.613055
21800.0,1162,10414.1403
31700.0,1241,10421.916377
27800.0,1041,10428.500732
20300.0,953,10434.472347
21600.0,1182,10442.036587
34100.0,1210,10449.74733
27500.0,1195,10457.230953
41400.0,1476,10466.736719
31900.0,1179,10474.213982
18800.0,1139,10481.456564
21000.0,1066,10488.283485
28800.0,1435,10497.341768
36200.0,1222,10505.10623
26100.0,1460,10514.280661
29300.0,1142,10521.520045
29300.0,1119,10528.659231
27200.0,1368,10537.322065
29700.0,1207,10544.961568
31300.0,1307,10553.296637
35500.0,1113,10561.063284
28000.0,1072,10567.837927
28000.0,1156,10575.161572
26700.0,1226,10582.882786
15500.0,1043,10589.392359
38300.0,1346,10597.806477
30300.0,1257,10605.835026
19400.0,1361,10614.332263
30800.0,1407,10623.402944
33900.0,1190,10630.846072
36300.0,1119,10637.917026
37500.0,1169,10645.378856
23100.0,846,10650.813969
34300.0,1151,10658.068962
33900.0,1275,10666.070808
29300.0,1215,10673.711689
24700.0,1323,10682.199999
26000.0,1401,10691.033036
23300.0,1184,10698.496083
32100.0,1460,10707.776075
33200.0,1271,10715.734639
27400.0,1173,10723.133074
18200.0,1159,10730.46383
32100.0,1290,10738.716469
31900.0,1129,10745.818355
28100.0,1506,10755.297961
22200.0,1371,10764.131307
28600.0,1068,10770.924587
27400.0,1155,10778.172348
29300.0,1186,10785.651615
23900.0,1157,10792.99026
21200.0,1137,10800.188472
42600.0,1226,10807.986103
21900.0,1168,10816.073728
26600.0,1231,10823.86346
33900.0,1348,10832.353919
33900.0,1835,10844.02278
27500.0,1076,10850.752054
21400.0,1271,10858.802266
33600.0,1050,10865.395991
34600.0,1297,10873.637434
30600.0,1216,10881.914705
26000.0,1241,10889.83308
33500.0,1226,10897.667544
32400.0,1189,10905.11173
28300.0,1420,10914.157973
30800.0,1194,10921.800234
30400.0,1072,10928.728554
25500.0,1276,10936.998931
28900.0,1134,10944.115279
28100.0,970,10950.283026
29400.0,1117,10957.453546
23100.0,1469,10966.991499
27100.0,1066,10973.753739
13600.0,1307,10982.233542
25200.0,1265,10990.190431
27300.0,1076,10997.037861
19700.0,1369,11005.739224
21100.0,1283,11013.88639
22700.0,1537,11023.616836
39300.0,1214,11031.308457
28200.0,1725,11042.145768
29300.0,1145,11049.311233
22200.0,1184,11056.859571
31100.0,1484,11066.337801
33100.0,1194,11074.000828
21800.0,1324,11082.446597
21200.0,1007,11088.765529
35300.0,1338,11097.188983
38000.0,1365,11105.795756
31500.0,1584,11115.906209
48000.0,1177,11123.375343
30000.0,1134,11130.565291
14500.0,687,11134.894443
33000.0,1241,11142.829106
26400.0,1079,11149.762897
36300.0,945,11155.71282
21300.0,1267,11163.796655
27100.0,1185,11171.275183
27900.0,1588,11181.452961
34600.0,1394,11190.333449
21100.0,1482,11199.794369
35900.0,2013,11212.645704
23700.0,1318,11220.953489
43500.0,1191,11228.438016
31000.0,1386,11237.312696
25900.0,1685,11247.938758
32100.0,1509,11257.450426
30900.0,1437,11266.488787
33800.0,1318,11274.978116
30600.0,1613,11285.269436
27600.0,1393,11294.056736
30500.0,1717,11305.039908
18700.0,856,11310.471569
41000.0,1460,11319.790168
26300.0,1360,11328.402324
28200.0,1101,11335.360963
31700.0,1264,11343.320488
35200.0,1489,11352.658183
17100.0,1068,11359.520384
34000.0,1445,11368.706247
28500.0,1041,11375.277896
39100.0,1157,11382.571982
21800.0,1230,11390.436027
29600.0,1088,11397.343538
40200.0,1637,11407.645139
47000.0,1078,11414.49185
23700.0,1013,11420.870056
31500.0,1315,11429.121142
35500.0,1719,11440.032157
51500.0,1316,11448.323761
43800.0,1496,11458.442222
35400.0,1280,11466.52062
34000.0,2402,11481.675231
24800.0,1172,11489.027087
21300.0,1215,11496.834009
21500.0,1414,11505.867051
22500.0,1498,11515.410846
36300.0,1137,11522.583076
33500.0,1147,11529.755278
30800.0,1295,11537.934879
28400.0,1179,11545.341407
24000.0,1132,11552.43321
20600.0,1187,11559.911927
22800.0,1014,11566.348749
24500.0,1606,11576.572773
29800.0,1447,11585.981639
27400.0,1128,11593.419147
26600.0,1687,11604.089182
22900.0,1251,11611.972552
18100.0,1384,11620.644696
26800.0,1133,11627.806949
23900.0,1184,11635.386267
37100.0,1213,11643.065241
36600.0,1202,11650.619052
29500.0,1369,11659.253093
21900.0,1154,11666.542473
22600.0,1054,11673.197991
36200.0,1316,11681.511666
28900.0,1299,11689.643009
16100.0,1114,11696.648805
19800.0,1210,11704.287982
48600.0,1109,11711.305616
29400.0,865,11716.770902
27200.0,1272,11724.84191
27500.0,1040,11731.420106
25100.0,1065,11738.270413
32400.0,1382,11747.199527
12900.0,977,11753.367252
37200.0,1082,11760.334068
26100.0,1154,11767.587745
13500.0,1141,11774.875592
30900.0,1093,11781.838567
22600.0,1204,11789.497669
33300.0,1391,11798.287083
21600.0,1447,11807.490269
35600.0,1440,11816.569886
27200.0,1200,11824.174907
26700.0,1529,11833.917774
25100.0,1360,11842.487093
35800.0,1255,11850.623018
29100.0,1321,11858.997916
24600.0,1291,11867.127957
31100.0,942,11873.060928
25100.0,1195,11880.775514
30100.0,856,11886.219424
26500.0,1146,11893.453315
23500.0,1292,11901.607646
28700.0,1159,11908.934249
18900.0,1113,11916.043867
31500.0,1177,11923.612763
33000.0,1139,11930.815997
22500.0,1100,11937.858352
27100.0,1309,11946.10853
24600.0,1354,11954.678127
40300.0,1086,11961.498874
39700.0,1134,11968.617485
25600.0,1167,11976.043668
21300.0,939,11981.994612
31400.0,1141,11989.222788
44200.0,1033,11995.748353
29000.0,1123,12002.817859
24700.0,971,12009.012282
31700.0,1127,12016.089793
22000.0,1095,12023.07878
24900.0,1031,12029.599061
31200.0,1134,12036.784521
30200.0,1043,12043.387323
44200.0,1403,12052.233013
23300.0,1162,12059.559616
28500.0,1191,12067.258641
36400.0,1990,12079.899079
27300.0,1169,12087.354497
34100.0,1361,12095.970712
19800.0,1115,12103.013903
21300.0,1103,12109.995009
34700.0,1253,12117.918893
26800.0,1293,12126.129824
24200.0,1114,12133.264038
28200.0,1264,12141.611824
32800.0,1122,12148.779041
12700.0,1073,12155.678248
18800.0,924,12161.674649
39000.0,1627,12171.935266
27800.0,1116,12178.922625
31500.0,1276,12187.062326
33900.0,963,12193.141561
38600.0,1468,12202.506176
26500.0,1379,12211.258484
23200.0,1185,12218.764661
35200.0,1062,12225.589854
28000.0,1371,12234.274852
25000.0,1234,12242.04949
30700.0,1731,12252.944594
23500.0,1643,12263.517048
22500.0,1333,12272.057392
34800.0,1423,12281.166341
31400.0,1025,12287.713386
40800.0,1881,12299.674274
31100.0,1504,12309.190797
33800.0,1234,12316.929411
29900.0,1171,12324.441711
37500.0,1296,12332.61913
34200.0,1126,12339.852544
30600.0,1316,12348.237262
26200.0,1012,12354.680686
33800.0,1392,12363.451255
22500.0,1125,12370.495242
21800.0,1335,12379.006819
23500.0,1386,12387.771399
36700.0,1236,12395.526216
43200.0,1218,12403.274101
39500.0,1389,12412.021164
42000.0,1190,12419.618704
31800.0,1611,12429.85045
35500.0,1615,12440.173638
30300.0,1190,12447.80261
37000.0,1504,12457.348801
30600.0,1210,12465.029278
33400.0,1304,12473.380188
24700.0,1176,12480.757635
36300.0,1467,12490.206647
21000.0,1232,12497.974531
34700.0,1299,12506.176155
30500.0,1211,12513.767648
32300.0,1246,12521.626145
21100.0,1231,12529.49386
25500.0,1418,12538.424873
27500.0,1257,12546.321736
34300.0,1153,12553.616089
41900.0,1483,12563.001423
26800.0,870,12568.5831
35100.0,1625,12578.935497
21700.0,1257,12586.915831
28700.0,1360,12595.54984
25100.0,1494,12605.024333
24200.0,1240,12612.898666
18200.0,1057,12619.605754
38900.0,1121,12626.778003
45000.0,1933,12639.037592
30300.0,1232,12646.822031
31100.0,1778,12658.167093
31100.0,1652,12668.684153
21200.0,1167,12676.038233
18500.0,888,12681.877826
39600.0,923,12687.820999
42000.0,1284,12695.99334
35500.0,1373,12704.817444
24700.0,1564,12714.687823
39100.0,1278,12722.775742
15400.0,1261,12730.783756
18900.0,1038,12737.413766
23700.0,1304,12745.758172
30400.0,1148,12753.10024
22700.0,1363,12761.715927
34100.0,1443,12770.820049
35000.0,1271,12779.025752
25500.0,1648,12789.635208
33800.0,1208,12797.225229
21300.0,1087,12804.279874
25600.0,1069,12810.972144
31000.0,1212,12818.632047
45400.0,1121,12825.703876
30500.0,1591,12835.887946
44800.0,1231,12843.644174
30300.0,1501,12853.139844
35300.0,913,12858.922096
32100.0,1432,12867.973048
25600.0,1458,12877.184465
25100.0,1399,12886.054416
33800.0,1215,12893.659889
35900.0,1313,12901.935598
23900.0,1097,12908.884939
29400.0,1236,12916.797309
39700.0,1200,12924.506668
27600.0,1306,12932.776394
22200.0,1227,12940.521003
27600.0,1080,12947.430837
19300.0,1080,12954.267072
28800.0,1398,12963.09496
25600.0,1302,12971.364628
24400.0,1313,12979.734195
28100.0,1272,12987.823563
40200.0,1668,12998.332714
35600.0,1236,13006.134477
20600.0,1467,13015.455021
49600.0,1475,13024.793322
40400.0,1311,13033.075094
28700.0,1398,13042.094221
37600.0,1958,13054.511229
36800.0,1213,13062.327559
33600.0,934,13068.254176
30700.0,1322,13076.723459
31700.0,1343,13085.322655
35700.0,1457,13094.523606
27900.0,1449,13103.63574
31600.0,1704,13114.512894
17200.0,1309,13122.903836
44000.0,1531,13132.6484
23000.0,1135,13139.806928
32500.0,1301,13148.114701
25500.0,1639,13158.391232
25700.0,1054,13165.056751
40100.0,1112,13172.06003
20400.0,1308,13180.311558
37100.0,1144,13187.551213
37400.0,1307,13195.765701
29300.0,1261,13203.746381
31400.0,1268,13211.753107
17000.0,651,13215.85015
36300.0,1523,13225.457097
32200.0,1418,13234.412501
25400.0,1207,13242.268864
40700.0,1406,13251.058781
20500.0,1361,13259.679905
31500.0,1339,13268.261697
30800.0,1589,13278.342051
38700.0,1797,13289.846459
37300.0,1197,13297.500906
24000.0,1265,13305.441163
15300.0,1266,13313.496668
29600.0,1354,13322.068072
27800.0,1261,13330.000864
30000.0,1002,13336.408617
24100.0,947,13342.411106
39500.0,2026,13355.201069
31000.0,1353,13363.845046
22100.0,1416,13372.960071
43200.0,1738,13384.122346
24900.0,1550,13393.895232
31500.0,1621,13404.184327
31000.0,1240,13412.010472
17800.0,1372,13420.681948
42000.0,1305,13428.909202
15800.0,1475,13438.232459
30400.0,1767,13449.552137
31000.0,1271,13457.69193
30600.0,1545,13467.483346
23400.0,1121,13474.71209
24300.0,652,13478.845095
33500.0,976,13485.000309
25000.0,1122,13492.131978
19200.0,1323,13500.499722
37200.0,1254,13508.370663
38400.0,1166,13515.872579
33000.0,959,13521.931638
25500.0,995,13528.136865
20500.0,1220,13535.85889
39600.0,1150,13543.320534
32100.0,1258,13551.384382
27900.0,1185,13558.976621
29000.0,1037,13565.611338
36700.0,1137,13572.889307
32400.0,2082,13586.18629
23900.0,1308,13594.400083
36300.0,1357,13603.014217
24800.0,1163,13610.468203
34100.0,1598,13620.496643
27700.0,1224,13628.321828
34600.0,1570,13638.260742
23300.0,1298,13646.451808
39100.0,1786,13657.800719
26300.0,1206,13665.443042
24100.0,868,13670.988858
29200.0,1237,13678.981053
44600.0,1426,13688.066544
22800.0,1290,13696.1839
26300.0,1285,13704.288665
34800.0,1399,13713.133777
22400.0,1194,13720.690073
15200.0,1369,13729.347496
19900.0,1364,13738.173839
32000.0,1132,13745.447514
27600.0,1076,13752.293937
37000.0,1198,13759.950089
35300.0,1156,13767.235081
31000.0,1141,13774.497692
24600.0,1079,13781.391768
28500.0,875,13787.001047
26400.0,1050,13793.784622
21600.0,1031,13800.313917
47000.0,1315,13808.696597
31500.0,1197,13816.222983
21300.0,1616,13826.650527
24100.0,1124,13833.683336
33100.0,1188,13841.258896
33700.0,1174,13848.731687
16200.0,1657,13859.14466
37900.0,1196,13866.726257
31000.0,1212,13874.578185
9700.0,616,13878.488455
23400.0,865,13884.009314
16800.0,1110,13891.089249
22500.0,1032,13897.546901
22500.0,1159,13904.949706
29600.0,1262,13912.96097
46300.0,1183,13920.49186
29400.0,1175,13928.00627
36300.0,1404,13936.914606
29200.0,1459,13946.465434
38100.0,1867,13958.271919
35100.0,1139,13965.541376
19500.0,1067,13972.322899
21300.0,1169,13979.753913
27800.0,1161,13987.185756
43600.0,1215,13994.85236
31300.0,1204,14002.533514
34800.0,1360,14011.17912
41500.0,1237,14019.111557
31900.0,1320,14027.52942
23700.0,1586,14037.575229
30200.0,1324,14046.04432
23400.0,1135,14053.252442
17400.0,1570,14063.164982
28900.0,1225,14070.897589
23100.0,1171,14078.402014
24000.0,1363,14087.126462
20300.0,1068,14093.986696
29900.0,1248,14101.92075
25700.0,1115,14109.019316
28200.0,4300,14136.47305
28000.0,1653,14147.147992
19700.0,1084,14154.127384
34400.0,1175,14161.717972
27000.0,1108,14168.65929
28200.0,1083,14175.563796
31600.0,1758,14186.654841
23500.0,1192,14194.260622
33800.0,1034,14200.850989
25900.0,1051,14207.60715
37800.0,1351,14216.190687
28200.0,1108,14223.261594
29900.0,1614,14233.507542
26000.0,2041,14246.523421
25300.0,1228,14254.493731
27100.0,1412,14263.456414
33200.0,1305,14271.882605
27600.0,1260,14279.903149
28100.0,1539,14289.739029
31800.0,1645,14300.332638
25100.0,1317,14308.890013
27700.0,1341,14317.41624
35500.0,1684,14328.090598
25400.0,1403,14337.163567
30800.0,1475,14346.543627
33200.0,1292,14354.653698
44100.0,1331,14363.170549
38000.0,1107,14370.226049
25600.0,1181,14377.668712
26600.0,1351,14386.178563
26600.0,1264,14394.176884
23300.0,1180,14401.657566
34600.0,924,14407.613961
33900.0,992,14413.95002
38400.0,927,14419.796696
39500.0,1321,14428.101029
22400.0,1327,14436.495523
29600.0,954,14442.480379
24400.0,1922,14454.673287
25600.0,1365,14463.266489
42700.0,1183,14470.861825
27000.0,1411,14479.755542
35800.0,1119,14486.924088
31600.0,1465,14496.29774
34000.0,1641,14506.632781
19800.0,1374,14515.327179
27200.0,1240,14523.202649
37400.0,1242,14531.040183
31600.0,1983,14543.681429
20800.0,1232,14551.463505
30800.0,1444,14560.711727
30500.0,1177,14568.149492
33700.0,1176,14575.643287
19400.0,1313,14583.910819
33500.0,1013,14590.295797
41000.0,1271,14598.229113
38500.0,1041,14604.846401
26800.0,1109,14611.856756
23100.0,992,14618.170853
33200.0,1365,14626.765637
35300.0,1191,14634.278278
26300.0,1104,14641.319147
25600.0,1052,14648.008841
30600.0,1424,14657.151737
30600.0,1149,14664.493786
34100.0,1126,14671.557659
32700.0,971,14677.771135
23100.0,1339,14686.438183
24900.0,1300,14694.722249
27800.0,1139,14702.048251
35600.0,1313,14710.335092
26300.0,1219,14717.998319
35400.0,1287,14726.079371
18200.0,1294,14734.205027
26000.0,1266,14742.204312
27200.0,1208,14749.810803
22300.0,1288,14757.958654
36000.0,1181,14765.493853
32700.0,1739,14776.783738
38200.0,1160,14784.098346
32200.0,1196,14791.668823
20400.0,1507,14801.244788
35600.0,1865,14813.106119
25800.0,1433,14822.168072
45300.0,1246,14830.139579
37300.0,1149,14837.587973
26900.0,1181,14845.092917
27500.0,1167,14852.434546
26100.0,1328,14860.806914
33100.0,1235,14868.560854
30500.0,1994,14881.248449
29200.0,1861,14893.065024
27900.0,1333,14901.394514
29300.0,1333,14909.82557
34600.0,1848,14921.534893
43700.0,1279,14929.713307
32400.0,1438,14938.954481
35800.0,891,14944.574194
42700.0,1472,14953.821987
34800.0,1328,14962.211651
34500.0,1499,14971.806407
23700.0,896,14977.460244
24400.0,1155,14984.927795
28300.0,1454,14994.159493
32300.0,1303,15002.54508
22700.0,1163,15009.928013
24000.0,1061,15016.593961
24500.0,1326,15025.005055
19800.0,957,15031.047572
24800.0,1018,15037.43167
21300.0,1071,15044.12254
28000.0,1097,15050.977346
35900.0,1123,15058.217379
33300.0,916,15064.069403
35800.0,1378,15072.835198
36600.0,1280,15080.860898
32800.0,1212,15088.727413
35000.0,1448,15097.965881
26900.0,1096,15104.958736
34200.0,1635,15115.319054
25900.0,1166,15122.627845
33300.0,1093,15129.533144
22300.0,1185,15137.093051
20300.0,1156,15144.364613
28700.0,1252,15152.258318
39000.0,1217,15159.959557
21500.0,1276,15168.012163
25800.0,1249,15175.931894
30200.0,1254,15183.990625
28300.0,3026,15203.178936
28200.0,1335,15211.632119
37000.0,1108,15218.689829
31900.0,1315,15227.077454
34000.0,1176,15234.548135
20500.0,1223,15242.259586
21800.0,1179,15249.833626
47200.0,1405,15258.652071
39100.0,1801,15270.145681
35500.0,987,15276.327543
29000.0,1406,15285.259627
35900.0,1460,15294.553173
24000.0,1063,15301.256112
38000.0,1281,15309.376749
41800.0,2004,15322.134763
21300.0,1014,15328.560208
20900.0,859,15334.087057
25200.0,752,15338.89725
26600.0,1175,15346.397119
21700.0,1310,15354.73737
20900.0,760,15359.564148
36800.0,979,15365.876265
30800.0,1138,15373.012109
27900.0,1295,15381.490762
10400.0,451,15384.38718
21600.0,1181,15391.817146
43600.0,1276,15399.845605
21800.0,1265,15407.940473
28700.0,1203,15415.582051
42800.0,1250,15423.5539
8200.0,313,15425.523282
30300.0,1083,15432.419991
11400.0,594,15436.189807
27100.0,1221,15443.844553
33500.0,1313,15452.105442
23100.0,892,15457.897961
23600.0,1388,15466.670706
23400.0,1093,15473.591961
30500.0,1181,15481.085452
32200.0,1256,15488.999203
21000.0,1181,15496.626476
26200.0,1456,15505.816766
21500.0,1144,15513.14916
29200.0,1252,15521.05884
30700.0,691,15525.434831
26400.0,1158,15532.872977
25100.0,1156,15540.192475
18500.0,985,15546.472366
36700.0,1234,15554.411457
33100.0,1210,15562.19303
19900.0,796,15567.2716
23000.0,928,15573.142194
34300.0,1319,15581.475081
32800.0,1038,15588.013063
41600.0,1497,15597.630464
43100.0,1456,15606.811046
20100.0,1044,15613.458979
22100.0,1216,15621.09216
33000.0,1501,15630.510355
37300.0,1399,15639.28685
36700.0,1366,15647.919323
46200.0,1274,15656.111076
29300.0,1282,15664.283238
39200.0,1527,15673.976409
21300.0,1101,15680.885391
36500.0,1444,15690.101237
37600.0,1132,15697.2715
25500.0,1335,15705.78275
29400.0,1188,15713.270641
42700.0,1074,15720.089269
27900.0,922,15725.93584
26000.0,1136,15733.138867
22700.0,1212,15740.837828
33400.0,1340,15749.424397
18800.0,721,15753.929753
40100.0,1638,15764.357423
30600.0,1225,15772.072009
28300.0,1197,15779.781373
26800.0,800,15784.829772
37700.0,1079,15791.612046
42600.0,1451,15800.833228
40300.0,1799,15812.220104
40500.0,1138,15819.410561
13200.0,1029,15826.084105
38800.0,942,15832.169606
31600.0,1188,15839.723667
34300.0,1908,15851.77483
43200.0,1259,15859.872839
36200.0,1516,15870.237529
31400.0,1308,15878.655953
20100.0,1391,15887.464173
36500.0,1224,15895.184806
30500.0,1317,15903.664929
34700.0,1052,15910.249331
32500.0,1609,15920.475405
28100.0,1110,15927.494386
32500.0,1221,15935.248165
33200.0,1491,15944.752442
31800.0,1582,15954.668035
26500.0,1208,15962.403594
30500.0,1209,15970.031504
23900.0,1335,15978.491058
40800.0,1390,15987.266836
35400.0,1428,15996.392693
35800.0,1306,16004.685558
35800.0,1219,16012.435025
34500.0,1017,16018.845487
33500.0,1237,16026.717718
48400.0,1308,16035.050944
28900.0,1147,16042.40164
25500.0,1193,16049.904319
25500.0,1161,16057.353493
36400.0,1237,16065.824197
24000.0,1102,16072.905294
32200.0,2119,16086.310629
41200.0,1287,16094.377726
29700.0,1277,16102.50662
27500.0,1460,16111.690516
21100.0,1848,16123.314022
39900.0,1079,16130.314518
35400.0,1381,16139.037204
32700.0,1596,16149.13568
21000.0,1206,16156.842165
28500.0,1227,16164.642272
29500.0,1235,16172.476919
37000.0,1573,16182.414389
30600.0,1310,16190.677889
31100.0,1296,16198.857454
37200.0,1359,16207.448971
27000.0,1958,16219.918754
28300.0,1939,16232.068983
40200.0,1203,16239.654309
44200.0,1441,16248.854239
21100.0,1192,16256.481536
47800.0,1156,16263.853395
19500.0,1210,16271.675909
25200.0,926,16277.606805
30800.0,1357,16286.183755
42800.0,983,16292.38958
18000.0,1259,16300.380665
31100.0,1084,16307.229123
36100.0,1170,16314.629641
33500.0,1512,16324.281368
33000.0,1205,16331.990913
26100.0,1230,16339.81187
29600.0,1009,16346.223274
31500.0,1142,16353.461513
21000.0,1211,16361.111343
30400.0,1124,16368.3758
34000.0,1030,16374.910412
18200.0,972,16381.01028
42300.0,1008,16387.377071
36200.0,1367,16396.064267
41300.0,1167,16403.506344
33400.0,1084,16410.341334
27800.0,1037,16416.880056
46600.0,1794,16428.348446
28800.0,990,16434.57738
34300.0,1749,16445.61844
36800.0,1368,16454.272293
31200.0,1257,16462.301173
30100.0,1264,16470.412604
30000.0,1383,16479.104048
41700.0,1181,16486.519096
32200.0,1357,16495.084837
25000.0,1390,16503.986139
22400.0,1237,16512.052136
38600.0,1119,16519.088859
51000.0,1274,16527.219643
36000.0,1659,16537.78712
26700.0,1290,16546.061475
35600.0,1124,16553.394874
33100.0,1520,16562.977143
26500.0,1391,16572.647158
34400.0,1060,16579.28805
36700.0,1469,16588.595722
36300.0,1244,16596.434951
29400.0,1307,16604.60866
40900.0,1654,16615.042431
29000.0,1309,16623.304587
20000.0,1019,16629.715739
8700.0,450,16632.528655
26700.0,1200,16640.041868
36500.0,1294,16648.237805
29100.0,1107,16655.322014
40500.0,1276,16663.328028
28200.0,1112,16670.491448
31700.0,1314,16678.91993
32100.0,1142,16686.317868
35000.0,1325,16694.759398
26100.0,1195,16702.239705
43600.0,1162,16709.713842
44800.0,1110,16716.8662
20500.0,1065,16723.610862
32700.0,1028,16730.26386
31900.0,1101,16737.254972
27000.0,819,16742.415255
42000.0,1006,16748.753097
35700.0,1300,16756.883291
19900.0,1095,16763.88207
39300.0,951,16769.951091
39500.0,1050,16776.672902
37400.0,1173,16784.017376
22200.0,1008,16790.498363
35800.0,1489,16800.164316
24200.0,1262,16808.109797
41800.0,1169,16815.513394
41100.0,974,16821.679544
31500.0,1413,16830.644417
29000.0,1198,16838.241854
19000.0,1029,16844.734031
37100.0,1631,16855.020121
38600.0,1652,16865.650556
36100.0,1250,16873.669
27800.0,1240,16881.655042
34100.0,1130,16888.734037
36000.0,1045,16895.316595
39400.0,1321,16903.824416
39900.0,1507,16913.508374
26400.0,1241,16921.319588
22900.0,1171,16928.660759
34400.0,1094,16935.51881
38000.0,1297,16943.721784
35500.0,1356,16952.383956
20500.0,1191,16959.949403
33000.0,1279,16968.154455
30000.0,1323,16976.671648
47800.0,1144,16983.981019
31900.0,1121,16991.049812
22200.0,1156,16998.429239
42400.0,1182,17005.821553
33100.0,1126,17013.002837
32600.0,953,17019.056431
25000.0,1359,17027.626675
28400.0,1111,17034.575058
47800.0,1072,17041.3791
34600.0,1314,17049.659758
26000.0,1385,17058.462499
42200.0,1295,17066.687384
39600.0,1197,17074.26302
33200.0,1274,17082.331981
32100.0,1598,17092.435682
26100.0,1274,17100.511864
24300.0,1347,17109.228421
27900.0,1311,17117.456111
31500.0,1374,17126.23976
33200.0,1248,17134.16509
22800.0,1449,17143.2512
38100.0,1278,17151.241731
39800.0,869,17156.775029
34300.0,1309,17165.055679
33700.0,1180,17172.50364
28700.0,1324,17180.968217
41500.0,1230,17188.875719
40000.0,1433,17198.037411
27000.0,1224,17205.699811
25200.0,1315,17214.053291
37600.0,1391,17222.844604
25900.0,2392,17238.124893
30500.0,1157,17245.416281
19600.0,1262,17253.321005
26200.0,1280,17261.475163
28700.0,1435,17270.519264
26700.0,1161,17277.815107
39500.0,1330,17286.30994
45800.0,1775,17297.643028
23200.0,1187,17305.124639
30600.0,1239,17312.957526
43100.0,1203,17320.515587
36400.0,1255,17328.657273
43200.0,1086,17335.518961
37200.0,1116,17342.62512
35700.0,1376,17351.463546
38300.0,1286,17359.514772
39500.0,1880,17371.370637
31200.0,1239,17379.220875
27300.0,1119,17386.434816
29900.0,1454,17395.589452
22700.0,1234,17403.427273
32200.0,1444,17412.653072
25700.0,1363,17421.218111
24600.0,1116,17428.234489
28900.0,1480,17437.575387
28300.0,1658,17448.024451
33700.0,1338,17456.447463
22800.0,1689,17467.026504
39800.0,983,17473.192185
18800.0,1441,17482.301761
24800.0,1077,17489.15214
41100.0,935,17495.054279
30600.0,1420,17504.092226
39900.0,1327,17512.468237
31800.0,978,17518.741293
41300.0,1381,17527.575463
38000.0,1276,17535.642428
34400.0,1390,17544.436414
21000.0,1185,17551.882539
34400.0,1355,17560.49407
23200.0,1176,17568.006732
23000.0,1073,17574.819029
25600.0,1124,17581.839144
31200.0,1203,17589.518055
31200.0,1375,17598.180389
31100.0,1245,17606.02465
20700.0,968,17612.132002
34000.0,1222,17619.862868
25500.0,1586,17629.952671
30900.0,1384,17638.712265
33200.0,1210,17646.481949
50200.0,981,17652.70546
22500.0,1130,17659.913596
18400.0,1171,17667.45383
36300.0,1172,17674.887727
41500.0,1250,17682.969576
34100.0,1327,17691.463135
20300.0,838,17696.698363
30900.0,1422,17705.856439
36200.0,1136,17713.082366
25200.0,1162,17720.426498
29900.0,1179,17727.883742
35200.0,1278,17735.901757
41700.0,1105,17742.924299
40300.0,1481,17752.382205
30900.0,1194,17759.957502
31300.0,1005,17766.307767
34700.0,1018,17772.720683
35100.0,1184,17780.259092
34100.0,1205,17787.819794
21200.0,1153,17795.110702
38100.0,1270,17803.117063
29400.0,1340,17811.537346
44400.0,1166,17818.90696
41100.0,1245,17826.827516
41200.0,1442,17836.018359
20800.0,770,17840.869488
39400.0,1296,17849.153589
28900.0,1181,17856.688991
39900.0,1268,17864.813268
36800.0,1123,17871.950188
24500.0,1108,17878.956867
32600.0,1234,17886.797075
35800.0,977,17893.055018
26600.0,1258,17901.084792
40900.0,1296,17909.299693
37300.0,1141,17916.544686
20700.0,1213,17924.204127
39400.0,1373,17932.836837
41200.0,1229,17940.539661
34900.0,1164,17948.085526
33700.0,1142,17955.446629
26600.0,1068,17962.223003
31100.0,1062,17969.079135
41700.0,1222,17976.864492
29200.0,1235,17985.438244
32300.0,1305,17993.676326
39200.0,1073,18000.510582
25700.0,1304,18008.955022
46300.0,1007,18015.352701
28700.0,1662,18025.884297
27400.0,1083,18032.801983
30300.0,1648,18043.777403
39600.0,1196,18051.257282
36900.0,1095,18058.298567
32400.0,1933,18070.541933
34900.0,1408,18079.526357
39200.0,1292,18087.685581
33100.0,1190,18095.342977
35800.0,1343,18103.902499
31900.0,1394,18112.732691
26800.0,1094,18119.689116
29400.0,1310,18128.02312
33000.0,1148,18135.359316
33500.0,1169,18142.70525
39200.0,971,18148.884942
30700.0,1024,18155.409182
32400.0,951,18161.449626
31900.0,1165,18168.765166
29600.0,1168,18176.151674
26800.0,1212,18183.767867
30000.0,937,18189.73872
29700.0,1053,18196.369819
29400.0,1125,18203.486685
40300.0,1351,18212.095669
35300.0,1071,18218.846979
37000.0,1066,18225.577714
17200.0,887,18231.176481
44900.0,1026,18237.709846
36700.0,1279,18245.82954
26900.0,996,18252.08315
24800.0,1163,18259.477593
31000.0,1220,18267.390685
29900.0,1013,18273.766804
48200.0,1063,18280.526778
39000.0,889,18286.185288
48900.0,1505,18295.736401
40200.0,1284,18303.872639
26700.0,1124,18310.945914
15400.0,1067,18317.65749
24400.0,1245,18325.509226
30700.0,1172,18332.83647
5800.0,411,18335.407869
22200.0,1186,18342.848119
29800.0,1074,18349.722012
30400.0,1053,18356.333525
27600.0,1052,18362.936293
6200.0,366,18365.221954
29000.0,1166,18372.700908
33900.0,2167,18386.361647
33600.0,1253,18394.216959
34000.0,687,18398.539495
18500.0,1067,18405.220193
27100.0,1094,18412.070164
32600.0,1312,18420.302348
21700.0,697,18424.736748
20200.0,944,18430.711349
21200.0,1161,18438.097885
44300.0,1002,18444.460726
34600.0,1561,18454.213684
36000.0,1457,18463.70051
30800.0,1179,18471.104224
39300.0,986,18477.340262
22100.0,1107,18484.287403
36900.0,1092,18491.265481
34700.0,1158,18498.613936
33300.0,1232,18506.410366
38000.0,1091,18513.372774
30600.0,1371,18522.182378
9600.0,378,18524.520259
25000.0,656,18528.638447
10400.0,545,18532.062872
35900.0,1108,18538.989393
33000.0,2163,18552.677733
35500.0,1488,18562.078314
21600.0,1233,18569.784885
40700.0,1105,18576.826953
39300.0,1136,18584.014668
37500.0,1098,18590.883768
40100.0,1047,18597.495928
35900.0,1343,18606.007348
35100.0,1028,18612.692243
23400.0,1080,18619.567449
35100.0,1971,18632.00328
36600.0,1183,18639.455278
20800.0,2405,18654.572184
38700.0,1441,18663.698233
40400.0,950,18669.696503
29900.0,1388,18678.562859
33600.0,984,18684.680796
35300.0,1218,18692.45294
31000.0,1265,18700.505723
31700.0,1011,18706.976423
26100.0,1286,18715.172246
20800.0,1058,18721.901738
21300.0,1085,18728.881804
32800.0,1026,18735.266911
38200.0,1076,18741.993957
37900.0,1466,18751.345864
32000.0,1076,18758.196738
36800.0,992,18764.538966
24600.0,1239,18772.539059
34100.0,1158,18779.824077
35300.0,913,18785.729937
33800.0,1475,18795.278838
24300.0,1351,18803.872563
37700.0,1072,18810.657988
35100.0,1074,18817.498156
35000.0,945,18823.541884
23500.0,1129,18830.684206
35400.0,1164,18838.029882
30600.0,1454,18847.270063
34700.0,1102,18854.314263
26100.0,1278,18862.499669
40400.0,1207,18870.06422
39100.0,1187,18877.565845
26100.0,1048,18884.133654
30000.0,956,18890.117625
40600.0,1016,18896.540072
46600.0,1118,18903.615522
43200.0,981,18909.842628
35300.0,1173,18917.284199
26700.0,1328,18925.796689
29600.0,989,18932.081187
44500.0,993,18938.314732
39500.0,1033,18944.86335
40400.0,995,18951.184555
39700.0,1154,18958.448434
26400.0,1105,18965.440481
51000.0,1063,18972.151919
35300.0,1023,18978.661089
31700.0,1016,18985.005453
29700.0,1056,18991.605223
34700.0,1105,18998.657748
34200.0,1271,19006.68752
36800.0,986,19012.887037
33000.0,1260,19021.101125
24800.0,1244,19029.056387
30500.0,996,19035.396568
33300.0,957,19041.483667
46100.0,1076,19048.24313
22100.0,1224,19055.96522
38300.0,1025,19062.447039
30400.0,1045,19069.06886
32500.0,1046,19075.647694
44300.0,1090,19082.490031
32800.0,1103,19089.433138
34700.0,1020,19095.894715
37400.0,1198,19103.585356
22100.0,1043,19110.223564
28700.0,1076,19116.963489
36500.0,950,19122.968743
25000.0,1326,19133.203217
29600.0,1237,19141.029506
40800.0,987,19147.223512
34700.0,974,19153.387324
39600.0,1282,19161.645028
34000.0,1214,19169.376254
37100.0,1211,19177.051956
25400.0,1907,19189.290529
