#{"t_start": 1537461775.95126, "env_id": "AtlantisNoFrameskip-v4"}
r,l,t
14300.0,1327,5.3568
12800.0,963,7.584307
14900.0,1078,10.09818
29000.0,1657,14.028116
6700.0,758,15.791377
16100.0,1077,18.311213
13900.0,1146,20.986677
17800.0,1390,24.347696
18300.0,1438,30.279532
10000.0,1092,36.833331
29700.0,1784,47.513118
18200.0,1625,57.388891
14200.0,1043,63.598987
17900.0,1620,73.396798
16700.0,1292,81.176816
8600.0,721,85.451509
10900.0,1045,92.094126
20100.0,1522,101.287432
8700.0,837,106.447916
27000.0,1886,118.195601
24000.0,1174,125.754886
8400.0,1092,132.264092
7800.0,792,137.02323
12200.0,1346,145.248485
10400.0,1274,153.479661
18600.0,1488,162.497748
6300.0,947,168.299689
17700.0,1398,176.737235
24400.0,1576,186.536095
18000.0,1248,194.153939
21800.0,1457,203.502817
16100.0,1419,212.172213
17500.0,1196,219.832116
26200.0,1981,232.05183
14600.0,1339,240.358579
22300.0,1143,247.209267
16800.0,1311,254.982743
16800.0,1466,263.877968
8500.0,1132,270.972059
10900.0,1315,279.31006
8200.0,1046,285.702206
16200.0,1017,291.94366
8200.0,660,295.901004
16300.0,1418,304.661442
22300.0,1655,314.609369
9600.0,1097,321.305991
22300.0,1486,330.458695
17100.0,1500,339.709589
8700.0,787,344.354454
14500.0,1243,351.801276
19500.0,1412,360.166439
18600.0,1202,367.230845
32100.0,1983,379.024559
16300.0,1476,387.736883
28100.0,1866,398.838993
6200.0,818,404.161822
16200.0,1424,413.650748
27400.0,1714,424.969497
20300.0,1162,432.55288
13000.0,1232,441.02522
16900.0,1189,449.685011
9100.0,988,456.17816
5900.0,805,461.17386
19900.0,1168,469.63176
29500.0,1873,482.055712
15700.0,1384,490.922426
14400.0,968,496.999476
20800.0,1489,507.340834
12800.0,845,513.481494
19500.0,1393,522.928778
8400.0,778,528.05772
10000.0,996,534.286154
21200.0,1641,544.459842
17700.0,1447,553.460087
14800.0,1374,562.472851
14700.0,1256,570.80246
16100.0,1499,580.754429
20100.0,1564,590.667474
20600.0,1406,599.789656
13000.0,1074,606.897687
8600.0,1005,612.862734
26000.0,1513,621.939805
14700.0,961,627.639753
17000.0,1251,635.019315
24300.0,1657,644.991192
22100.0,1619,654.609276
10100.0,981,660.474284
17600.0,1406,668.832976
13100.0,867,673.943694
10200.0,914,679.337167
20300.0,1474,688.067734
28600.0,1995,699.975707
24900.0,1537,709.232364
7000.0,874,714.426484
9900.0,983,720.228113
12100.0,846,725.309503
25100.0,1558,734.48493
17300.0,1135,741.201543
13200.0,1078,747.580732
22600.0,1331,755.415788
10900.0,1001,761.785907
22900.0,1634,772.262672
17700.0,1490,781.776052
18700.0,1310,790.075613
14600.0,1404,799.04966
12300.0,1288,807.303841
6200.0,854,812.734725
10700.0,824,817.889272
17300.0,1348,827.082575
14000.0,946,833.819513
20300.0,1418,843.255961
11700.0,1159,850.704506
22300.0,1778,862.216196
10600.0,979,868.825252
11000.0,1019,875.807914
22200.0,1380,884.384555
15100.0,1337,892.882377
27600.0,1557,903.323672
16000.0,1490,913.174346
16400.0,1206,922.264977
13000.0,1229,930.47339
7300.0,722,935.158196
13400.0,1180,942.789432
12600.0,1120,949.972469
5400.0,752,954.848555
12100.0,1002,961.383836
17700.0,1375,970.232881
21500.0,1293,978.571032
15500.0,1347,987.34814
12900.0,1232,995.231989
7500.0,936,1001.189317
13900.0,1083,1008.245647
13800.0,1368,1016.881947
14800.0,911,1022.782215
7600.0,817,1028.029138
7700.0,1082,1035.041861
20500.0,1565,1045.078152
10600.0,1242,1053.021255
8000.0,680,1057.342268
29900.0,2035,1070.323689
30200.0,1895,1082.48739
15800.0,1064,1089.251347
25500.0,1534,1098.959003
12700.0,917,1104.714711
16500.0,1588,1114.973457
26500.0,1978,1127.809584
18600.0,1587,1138.112318
12400.0,1002,1144.533335
7600.0,823,1149.810841
11900.0,701,1154.322144
13000.0,1038,1160.885517
12900.0,1274,1168.958902
13000.0,1257,1176.981768
11300.0,908,1182.786566
16000.0,1086,1189.640906
10700.0,1273,1197.769994
12300.0,1432,1206.933883
8000.0,662,1211.121751
5800.0,874,1216.912282
14300.0,1344,1225.493305
27300.0,1493,1235.285055
30800.0,1400,1244.092894
16600.0,1333,1252.966285
20800.0,1129,1260.986874
22400.0,1390,1270.073425
23600.0,1955,1282.744947
11700.0,1038,1289.657083
7900.0,704,1294.39936
7500.0,720,1299.126807
7500.0,780,1304.132376
15200.0,1042,1310.850908
17200.0,1226,1318.738168
8600.0,866,1324.40377
16500.0,1193,1332.087991
11500.0,991,1338.491637
26200.0,1378,1347.322053
11900.0,1016,1353.882818
14500.0,1251,1361.969138
16500.0,1370,1370.715221
14100.0,1243,1378.658715
11400.0,1002,1385.048983
22300.0,1646,1395.611079
24200.0,1540,1405.446164
9200.0,838,1410.806867
13600.0,1066,1417.625427
15400.0,1189,1424.778769
8900.0,987,1430.650943
13800.0,1192,1437.702954
9900.0,812,1442.467471
23500.0,1510,1451.414854
16500.0,1422,1459.857802
13100.0,1082,1466.79104
13600.0,1164,1474.194532
8400.0,1080,1481.101369
4000.0,705,1485.575931
21700.0,1615,1495.944361
18900.0,1501,1505.60803
15300.0,1498,1515.11961
6900.0,1018,1521.632878
19700.0,1282,1529.80515
13800.0,941,1535.791258
10200.0,1105,1542.911698
18600.0,1475,1552.725512
9900.0,755,1557.621749
7000.0,1061,1564.293334
21000.0,2085,1577.743891
10500.0,1105,1584.808358
9700.0,711,1589.295318
12000.0,969,1595.468248
8600.0,1039,1602.171419
9000.0,872,1607.75915
9400.0,989,1614.072483
9700.0,1017,1620.605957
14900.0,1156,1627.998377
21600.0,1500,1637.588379
8300.0,742,1642.24749
16800.0,1422,1651.207327
19200.0,967,1657.284308
16500.0,1428,1666.494051
9900.0,803,1671.563124
15900.0,1117,1678.624007
17700.0,1414,1687.651088
10700.0,942,1693.607955
10300.0,868,1699.137074
12000.0,1028,1705.664284
11400.0,965,1711.774061
7400.0,815,1716.910476
10800.0,1139,1724.171787
4900.0,856,1729.623056
8000.0,969,1735.804589
9700.0,1074,1742.587613
13600.0,1310,1750.889329
13400.0,1213,1758.605614
6000.0,789,1763.602081
21700.0,1543,1773.469859
10400.0,1232,1781.380276
10700.0,1065,1788.292406
15900.0,1047,1794.997623
4600.0,638,1799.141353
12300.0,1023,1805.7156
11100.0,1262,1814.22848
8100.0,839,1819.469553
8600.0,840,1824.693212
9900.0,1245,1832.456422
6900.0,701,1836.821862
2700.0,680,1841.05596
11300.0,818,1846.249114
19900.0,1454,1855.911431
18100.0,1235,1865.094032
8000.0,1061,1873.33195
6400.0,806,1878.467863
21800.0,1583,1888.814888
4800.0,764,1893.801167
5900.0,601,1897.769267
13000.0,829,1903.06349
11600.0,1122,1910.130113
4100.0,675,1914.607928
12500.0,814,1919.795203
17300.0,1346,1929.08272
8300.0,1016,1936.326719
8000.0,1020,1943.748574
22500.0,1636,1955.591661
4800.0,678,1960.284752
7100.0,816,1965.790131
3900.0,651,1970.126348
6100.0,764,1975.355278
10100.0,793,1980.660567
5600.0,819,1986.331916
14800.0,1142,1994.108494
13200.0,1375,2003.185286
14400.0,1174,2011.32786
7500.0,893,2017.345337
19000.0,1075,2024.724525
8300.0,1018,2031.756008
13900.0,1194,2040.080317
16100.0,1377,2049.679707
13600.0,1447,2059.422626
14300.0,1134,2067.14231
8100.0,842,2072.78551
9100.0,1003,2079.540112
11000.0,843,2085.243541
5600.0,768,2090.459957
11600.0,918,2096.312375
16000.0,1021,2102.39377
14500.0,1077,2108.720132
3700.0,588,2112.156156
10300.0,757,2116.610498
12200.0,1373,2124.922453
6000.0,761,2129.557387
8300.0,1084,2135.972222
12400.0,1274,2143.661394
5200.0,831,2148.774394
13100.0,1132,2155.749701
8700.0,958,2161.707871
19600.0,1693,2171.981032
7900.0,982,2177.957853
19400.0,1668,2187.823143
3800.0,784,2192.43938
29800.0,1888,2205.017072
17400.0,1424,2214.563532
6500.0,828,2220.026398
17700.0,1280,2228.522232
4600.0,737,2233.369457
21800.0,1113,2240.632396
7500.0,975,2247.082496
7700.0,827,2252.464698
7300.0,779,2257.624376
17800.0,1052,2264.787794
18300.0,1469,2274.374168
10700.0,1038,2281.314044
10000.0,726,2286.161757
11300.0,1193,2294.08896
15500.0,1142,2301.624806
8600.0,818,2306.983555
11400.0,1144,2314.913964
13900.0,940,2320.940921
11100.0,946,2326.540049
5400.0,585,2329.979132
15500.0,966,2335.688282
13800.0,1485,2344.486963
8600.0,765,2348.980601
17500.0,1114,2355.591919
11300.0,1010,2361.575405
9400.0,1016,2368.37842
14000.0,977,2374.749149
4900.0,604,2378.970961
22600.0,1401,2388.414438
17400.0,1365,2397.586964
17900.0,1250,2405.92881
9900.0,918,2412.076429
16600.0,1488,2422.225205
14200.0,1244,2430.871866
17800.0,1390,2439.886008
9800.0,1092,2447.129725
8200.0,735,2452.164721
24900.0,1679,2463.357302
12100.0,1078,2470.413663
17700.0,1724,2482.047362
19300.0,1292,2490.900037
17300.0,1423,2500.875187
27600.0,1752,2512.662779
14800.0,1302,2521.51016
3900.0,590,2525.00818
23600.0,1739,2535.403869
21100.0,1502,2544.292398
16200.0,1471,2553.57814
12100.0,821,2559.169611
12200.0,1247,2567.566043
14900.0,1345,2576.758474
23600.0,1742,2588.321724
18500.0,1470,2598.184043
6300.0,679,2602.554098
21800.0,1656,2613.426754
8900.0,818,2618.776363
21500.0,1599,2628.88965
14800.0,1551,2638.280405
14900.0,1358,2646.962591
27900.0,2083,2660.064288
5100.0,921,2666.253493
20500.0,1575,2676.900674
10500.0,996,2683.44524
13700.0,1368,2692.293444
24200.0,1499,2701.242773
11700.0,768,2705.792495
18300.0,1313,2713.775719
7500.0,935,2720.184889
14900.0,1532,2730.844881
10800.0,948,2737.185642
15100.0,1421,2746.73621
11100.0,1060,2753.934864
19000.0,1415,2763.276577
12800.0,1142,2770.727321
12200.0,869,2776.390905
17200.0,1689,2787.483881
16700.0,1788,2799.538069
19800.0,1925,2812.584625
17800.0,1297,2821.250017
19000.0,1475,2830.991181
15800.0,1548,2841.128496
16100.0,1257,2849.514616
22100.0,1563,2860.020654
21300.0,1656,2870.873802
39800.0,2374,2885.127723
14900.0,1158,2892.354286
15100.0,1411,2900.664699
18200.0,1380,2908.811251
17500.0,1564,2918.922764
19000.0,1476,2929.386298
11300.0,1459,2940.488641
25100.0,1466,2950.734834
16100.0,1377,2959.870022
29200.0,2026,2973.584431
10300.0,836,2979.403147
10800.0,956,2986.207795
21600.0,1625,2997.246756
18600.0,1655,3008.874559
16300.0,1364,3018.063579
20100.0,1713,3029.573502
29000.0,1788,3041.622419
16800.0,1043,3048.506377
13600.0,1444,3058.398128
8700.0,890,3064.43559
22100.0,1292,3073.294714
24500.0,1829,3085.681515
16500.0,1583,3096.386599
6800.0,960,3102.918321
30200.0,1728,3114.889355
21300.0,1353,3124.080862
11800.0,1236,3132.294758
20400.0,1609,3143.135854
13100.0,971,3149.80456
16800.0,1416,3159.33861
15500.0,1255,3167.892883
17600.0,1442,3177.653391
17900.0,1177,3185.604968
19800.0,1039,3192.300041
16600.0,1444,3200.904516
12200.0,1043,3207.598973
34100.0,1974,3220.736
14700.0,1458,3230.252478
8800.0,1042,3237.014953
11900.0,1327,3245.727019
13400.0,1206,3253.724914
8800.0,972,3260.143115
17900.0,1182,3268.085271
11500.0,946,3274.424227
17900.0,1197,3282.474011
12100.0,1276,3291.028823
10300.0,1138,3298.88334
12000.0,902,3304.835862
20100.0,1422,3314.73427
9800.0,1013,3321.605935
18800.0,1131,3329.147795
12400.0,969,3335.629053
18000.0,1515,3345.896017
14000.0,1420,3355.486805
13100.0,1346,3364.620019
35900.0,1873,3377.190838
15400.0,1485,3386.991484
20300.0,1335,3396.106479
13100.0,846,3401.702513
7000.0,1138,3409.856749
10100.0,1040,3416.834061
7500.0,728,3421.669185
16200.0,1412,3431.432165
14800.0,1423,3442.800393
13900.0,959,3449.499289
5300.0,636,3453.715643
11700.0,1016,3460.64706
7200.0,673,3465.336746
5900.0,548,3468.885273
20300.0,1378,3478.155087
23800.0,1961,3491.424804
25700.0,1713,3503.114277
25800.0,1866,3515.924045
15000.0,1104,3523.218564
33400.0,2083,3537.702377
23300.0,1440,3548.190256
2400.0,557,3553.323179
14000.0,843,3559.351597
11300.0,998,3566.085817
8000.0,772,3571.254646
17000.0,1201,3579.449648
8300.0,923,3585.665033
15800.0,1181,3593.507554
15400.0,1313,3602.710805
9000.0,826,3608.150059
9300.0,866,3613.942311
13900.0,1179,3621.844244
19600.0,1579,3632.66433
14300.0,1056,3640.262716
13400.0,1120,3647.873698
28500.0,1985,3661.484225
17400.0,1621,3672.589588
11500.0,963,3679.054227
13700.0,1160,3686.955478
8700.0,935,3693.226933
13300.0,1044,3700.562563
19300.0,1484,3710.785395
16000.0,1396,3720.363942
12300.0,1327,3729.625948
16200.0,1499,3741.303508
20100.0,1225,3749.820937
11300.0,978,3756.389271
11500.0,966,3762.875854
14700.0,1068,3770.013817
18100.0,1608,3780.913724
14100.0,1389,3790.186772
12700.0,962,3796.607617
14000.0,1069,3803.712959
26000.0,1285,3812.309459
16400.0,1117,3819.807651
15700.0,1304,3828.377008
19000.0,1092,3834.842815
17800.0,998,3840.742326
18100.0,1157,3847.607427
13100.0,1169,3854.566806
13600.0,1279,3862.126741
11200.0,915,3867.530382
17300.0,1043,3873.741095
21000.0,1345,3881.853441
23400.0,1311,3889.628893
16000.0,1330,3897.499938
16500.0,1511,3906.518017
18100.0,1278,3914.088464
14900.0,1511,3923.045707
15000.0,1148,3929.840197
11200.0,1000,3936.043025
19200.0,1248,3944.250009
13500.0,1283,3952.597653
22000.0,1851,3964.823128
11800.0,1122,3972.059484
18000.0,1346,3980.779224
29100.0,1313,3989.198303
25600.0,1916,4001.8912
26800.0,1868,4013.063492
12400.0,825,4017.941576
20000.0,1368,4026.072817
14400.0,1188,4033.092121
27400.0,1788,4044.013966
9200.0,1043,4050.158506
11300.0,1205,4057.271359
24900.0,1504,4066.203373
24800.0,1143,4072.922009
13800.0,1131,4079.604652
7500.0,916,4085.009409
11800.0,947,4090.57766
26000.0,1713,4100.744436
4900.0,926,4106.205905
29100.0,1788,4116.8123
23700.0,1976,4128.735697
14300.0,1140,4135.536718
20600.0,1630,4145.233462
20200.0,1201,4153.051019
29600.0,1816,4164.368912
35700.0,2292,4178.488477
26000.0,1786,4190.149556
11000.0,1040,4197.567884
25200.0,1331,4207.222033
7500.0,886,4213.464048
26400.0,1294,4222.239872
16200.0,1470,4231.815128
24400.0,1748,4242.478538
24300.0,1543,4252.046082
27200.0,1905,4263.666514
30500.0,2039,4276.918216
16100.0,1199,4284.09681
26900.0,1523,4293.340918
17000.0,1147,4300.784847
3900.0,681,4304.819638
17800.0,1211,4312.137307
18100.0,1613,4322.115699
17300.0,1658,4331.967381
23100.0,1556,4341.269881
29100.0,1734,4351.665486
16800.0,1149,4358.534756
29400.0,1650,4368.509256
18700.0,1552,4378.104797
5800.0,917,4384.100306
25700.0,1645,4395.080512
27700.0,1671,4407.420712
15700.0,1167,4415.757897
15100.0,1283,4424.94948
20300.0,1663,4436.552467
13700.0,1365,4446.229667
20700.0,1554,4455.992463
15500.0,1776,4466.657657
35400.0,2263,4480.213772
30100.0,1456,4490.583976
31400.0,2104,4504.686296
26200.0,1882,4517.043394
8100.0,903,4522.950006
17500.0,1379,4532.28413
12300.0,1070,4540.904586
15700.0,1374,4551.811797
12400.0,1144,4560.919586
33000.0,2354,4577.471786
21400.0,1621,4588.699721
9700.0,776,4593.890776
24800.0,1552,4604.764265
30300.0,1913,4619.107579
16600.0,1276,4628.053196
18600.0,1315,4637.587084
22900.0,1642,4649.594424
23000.0,1913,4662.991386
45100.0,2791,4682.948594
12100.0,1369,4692.52586
42400.0,2346,4708.859752
25900.0,1990,4722.930238
36200.0,2077,4737.368785
41900.0,2648,4755.836948
20100.0,1548,4766.572438
17200.0,1688,4778.695548
27700.0,1993,4792.840128
30000.0,1879,4807.867666
21000.0,1325,4818.713412
13600.0,950,4826.25105
24900.0,1875,4842.558602
12700.0,1413,4853.352537
22500.0,1444,4863.330794
16200.0,1210,4871.645963
49100.0,2950,4892.203026
42100.0,2445,4909.036561
21500.0,1280,4917.715098
37700.0,1962,4931.106531
30300.0,2100,4945.489554
48000.0,2410,4961.936054
19000.0,1554,4972.456647
17600.0,1257,4981.106847
5900.0,720,4986.065571
28900.0,2241,5002.031407
22500.0,1769,5014.178084
16200.0,1068,5021.910149
20500.0,1364,5031.400479
8000.0,1018,5038.610138
21800.0,1531,5049.229544
11100.0,789,5055.172103
24300.0,1903,5068.281404
18900.0,1596,5079.133695
21500.0,1714,5090.862298
43700.0,2378,5107.170188
29100.0,2100,5122.103053
26600.0,1893,5135.364161
27800.0,1409,5145.540893
20500.0,1330,5154.575487
24800.0,1641,5165.674912
25500.0,2238,5181.060058
39000.0,2385,5197.761408
22800.0,1750,5210.369628
16200.0,1716,5222.355093
13700.0,1210,5230.663924
19600.0,1427,5240.61144
33700.0,2225,5256.073876
17300.0,1407,5265.990246
16500.0,1253,5274.489117
17300.0,1372,5283.738527
37600.0,2200,5299.352536
21800.0,1946,5313.310921
47500.0,2367,5329.722274
17800.0,1590,5340.591626
44900.0,2636,5358.826341
15400.0,1274,5367.68051
14800.0,1494,5378.162362
38600.0,2167,5393.245797
31500.0,1957,5406.729845
17500.0,1544,5417.22718
19100.0,1798,5429.318509
28600.0,1982,5443.279365
18500.0,1535,5453.953186
58600.0,2939,5473.984493
32900.0,2056,5488.03404
24800.0,1347,5497.329492
11100.0,1266,5506.019693
53200.0,2974,5526.526741
39400.0,2093,5540.635236
40300.0,2563,5558.826018
14600.0,1594,5569.592531
19300.0,1618,5580.452981
13300.0,1391,5589.882722
57100.0,2954,5607.577646
17800.0,1600,5617.056087
21400.0,1535,5626.223857
36200.0,1956,5639.055929
46200.0,2623,5656.546238
39200.0,1952,5669.394573
28600.0,1739,5680.973824
22700.0,1544,5691.10743
44400.0,2454,5707.407502
48400.0,2845,5726.151696
32800.0,2072,5739.885614
44000.0,2471,5756.233093
29400.0,1557,5767.037441
27200.0,1560,5778.444542
15400.0,1370,5787.744115
11900.0,1413,5797.6151
16900.0,1582,5808.700125
17700.0,1653,5820.006433
20800.0,1200,5829.344789
23400.0,1740,5841.841236
21000.0,1241,5850.415485
60900.0,3682,5875.89921
39600.0,2090,5890.420702
9300.0,868,5896.370795
29100.0,1542,5906.993197
22800.0,1578,5917.978686
47600.0,2513,5935.322601
6500.0,860,5941.237444
12700.0,1074,5948.707412
54600.0,2664,5967.486817
13700.0,1070,5974.789484
45500.0,2521,5992.324667
16400.0,1292,6001.327872
7100.0,967,6008.05045
14600.0,1477,6018.490406
15500.0,1579,6029.636321
18500.0,1410,6039.453023
20100.0,1291,6048.37816
13400.0,1066,6055.821553
41500.0,2548,6073.541883
13900.0,1042,6080.688495
7400.0,1071,6088.097993
15100.0,1370,6097.896587
19900.0,1580,6109.304496
44500.0,2756,6128.459351
6800.0,681,6133.249048
13600.0,1084,6140.803797
13700.0,1139,6148.601145
15100.0,1364,6157.976652
38100.0,2505,6175.601013
21800.0,1785,6187.975668
25000.0,1858,6200.502549
7500.0,969,6207.264146
27500.0,1921,6220.504403
18200.0,1402,6230.139254
47000.0,2521,6247.494943
42200.0,2224,6262.629025
17100.0,1277,6271.329726
22600.0,2138,6286.246518
28900.0,2401,6303.062239
47300.0,2756,6322.640854
32000.0,2363,6339.397333
37700.0,2252,6355.295564
26300.0,1866,6368.18603
44700.0,1966,6382.029824
6600.0,1047,6389.277751
20700.0,1597,6400.396859
27800.0,1922,6413.773477
11200.0,1077,6421.052885
27700.0,1786,6433.577273
20100.0,1296,6442.491917
34800.0,2011,6456.378946
37800.0,2227,6471.609381
27300.0,1423,6480.068787
34300.0,1911,6491.406223
19700.0,1406,6499.693062
33000.0,2306,6513.378883
20400.0,1375,6521.531163
34100.0,1879,6532.798167
33500.0,2149,6545.512662
28100.0,1768,6557.166462
22000.0,1745,6569.059755
24200.0,1689,6580.628373
25900.0,1498,6590.862618
30900.0,1902,6604.05701
21700.0,1501,6614.491952
25900.0,1873,6627.167233
21200.0,1515,6637.918307
26200.0,1621,6649.098304
19500.0,1145,6656.811221
17700.0,1376,6665.776757
18700.0,1656,6675.614505
9800.0,829,6680.497872
54400.0,2448,6695.014771
45500.0,2445,6709.59487
46800.0,2760,6726.054384
8900.0,1061,6732.564401
35500.0,2037,6745.062037
39000.0,2520,6762.982615
39900.0,2332,6779.380285
44000.0,2791,6799.007372
35000.0,2052,6812.565934
25300.0,1745,6822.987651
27700.0,2104,6835.506636
37300.0,2376,6849.641654
17200.0,1066,6856.517543
24400.0,1253,6863.89662
12000.0,1062,6870.149994
28700.0,2343,6884.085862
48500.0,2661,6899.895594
6800.0,914,6905.304362
69100.0,3500,6926.107641
29300.0,1458,6934.723096
32200.0,2231,6947.963394
31800.0,2222,6961.126916
20100.0,1640,6970.826243
45900.0,2911,6988.117193
62700.0,3823,7012.720553
22000.0,1743,7024.581812
27000.0,2133,7039.098842
41800.0,2246,7056.307255
27400.0,1684,7068.149827
36400.0,2168,7083.221366
40000.0,2280,7099.425909
35000.0,2031,7113.280685
39800.0,2508,7128.943225
40300.0,2607,7144.427838
45800.0,3239,7163.934562
25100.0,1870,7176.878182
10000.0,1096,7184.148607
53900.0,3025,7202.615118
29100.0,1919,7214.02248
44600.0,2632,7230.038193
26500.0,1693,7240.121772
16800.0,1550,7249.281327
14200.0,1495,7258.282273
39400.0,2546,7275.334493
10400.0,1068,7282.450236
6700.0,735,7287.216647
7800.0,918,7293.234976
22600.0,1693,7304.780094
30200.0,2174,7319.48001
31200.0,2151,7333.962531
16100.0,1079,7341.223256
31900.0,1768,7352.941791
34900.0,2442,7369.292162
36100.0,2404,7385.662869
24800.0,1364,7394.99158
25400.0,1399,7404.283308
55300.0,3236,7426.366653
39400.0,2424,7442.873596
29200.0,2094,7457.298026
7800.0,1049,7465.001854
19400.0,1201,7473.110795
33900.0,2163,7487.980112
43000.0,2479,7505.452468
55000.0,2806,7525.058461
42300.0,2471,7541.943372
42400.0,2347,7557.526402
27400.0,1514,7567.630757
45900.0,2481,7584.01855
33300.0,2333,7599.69495
46900.0,2791,7618.551863
35300.0,2078,7632.532385
34300.0,2370,7648.782708
66600.0,3220,7670.600585
48800.0,2584,7687.993413
47100.0,2821,7707.3024
32200.0,2209,7721.925393
32800.0,2234,7736.747519
20200.0,2130,7751.234713
59700.0,3022,7771.894024
40700.0,2601,7789.788783
64500.0,3413,7812.727819
26900.0,2229,7827.747343
48200.0,3239,7849.491094
54300.0,3224,7870.939856
49600.0,2743,7889.168867
35800.0,2610,7906.772513
79600.0,5329,7942.352514
26500.0,2311,7957.754353
20700.0,1788,7969.48735
28800.0,1900,7982.299831
9900.0,946,7989.061862
32800.0,2233,8004.787774
17100.0,1446,8016.198036
10400.0,1115,8024.233707
10100.0,915,8030.607085
28600.0,1976,8044.445363
6300.0,782,8049.68423
29100.0,2392,8065.827264
26300.0,1903,8078.588739
73800.0,3568,8102.971241
24500.0,1330,8111.927502
16200.0,1202,8120.017071
22400.0,1902,8132.893976
26100.0,1854,8145.618734
19700.0,1531,8155.937356
26500.0,1712,8167.49555
35600.0,2284,8183.146283
18700.0,1378,8192.438248
36300.0,2205,8207.369413
17400.0,1385,8216.735571
20800.0,1463,8226.572073
8600.0,999,8233.387671
18900.0,1214,8241.537357
45500.0,2266,8256.822958
29000.0,2046,8270.600209
17600.0,1406,8280.236641
32000.0,2204,8295.203293
39500.0,2382,8311.607225
11400.0,1082,8319.152535
86800.0,4427,8345.785739
27400.0,1964,8357.454563
21100.0,1550,8366.636555
45400.0,3102,8385.471023
23000.0,1737,8395.919742
38900.0,2761,8412.387823
43800.0,2758,8428.979645
27400.0,1886,8440.174036
42600.0,2522,8455.161966
16000.0,1531,8464.243692
49200.0,2817,8480.957619
49300.0,3415,8501.173875
32900.0,2195,8514.208322
65600.0,3645,8537.060038
42700.0,2842,8556.020793
43300.0,2537,8572.917116
22800.0,1868,8584.509959
36500.0,2746,8600.83973
25600.0,2081,8613.126231
38800.0,2386,8627.288369
40700.0,2534,8642.340051
22700.0,1467,8652.107495
21700.0,1785,8663.918439
26100.0,1512,8674.185914
20800.0,1406,8682.585531
47000.0,2543,8699.233106
47400.0,2729,8716.726147
37800.0,2438,8731.24689
77100.0,3564,8752.455355
37700.0,2446,8766.933482
90100.0,4430,8796.435744
29100.0,1811,8809.096236
32900.0,2027,8822.755692
39500.0,2664,8840.937231
8700.0,1147,8848.330821
58700.0,2932,8866.42984
43100.0,2778,8884.049266
60800.0,3607,8905.458599
38600.0,2202,8918.471622
75900.0,5131,8949.115571
46200.0,2892,8966.153717
33300.0,2490,8981.282045
8200.0,1239,8988.860035
32000.0,2054,9001.274627
22900.0,1723,9011.619771
39200.0,2699,9028.096767
49700.0,2842,9045.57085
25400.0,1813,9056.288165
21400.0,1743,9066.757847
15000.0,1329,9074.813234
27300.0,2137,9087.793897
85200.0,4568,9114.956442
49200.0,2808,9131.833416
21300.0,1763,9142.219162
39300.0,2240,9155.459023
15900.0,1448,9164.018909
22100.0,1909,9175.539813
61900.0,3155,9194.146616
49200.0,2664,9209.881589
40000.0,2425,9225.557988
21900.0,1731,9237.074614
37400.0,2082,9249.549081
32300.0,2280,9263.070606
25700.0,1793,9273.897676
33100.0,2373,9288.036057
25500.0,1446,9296.541565
25300.0,2096,9309.102815
45700.0,2581,9324.433628
41000.0,2544,9339.574687
31500.0,2167,9352.489589
8200.0,874,9357.619818
43900.0,2586,9372.935714
25100.0,1464,9381.557001
84700.0,4747,9410.134045
38400.0,2279,9423.614534
30600.0,1973,9435.269829
22700.0,1403,9443.530261
43700.0,2344,9457.418828
25200.0,1365,9465.506469
14700.0,1493,9474.307991
39300.0,2830,9491.368543
52100.0,3105,9509.758219
17800.0,1488,9518.558725
39500.0,2490,9533.263885
26900.0,1664,9543.099703
67100.0,3596,9564.361718
26100.0,2106,9576.873652
38500.0,2760,9593.227283
62100.0,3090,9611.535679
6300.0,719,9615.735433
32500.0,2237,9629.261257
49000.0,2380,9643.405473
53000.0,2877,9661.954101
11000.0,914,9667.328615
40900.0,2338,9681.160222
44400.0,2025,9693.195512
23300.0,1718,9704.250915
26200.0,1446,9713.321707
38900.0,2566,9729.410541
9500.0,940,9735.314509
56900.0,2850,9752.632044
52800.0,2890,9769.801039
21400.0,1516,9778.747849
24400.0,1529,9787.868503
33900.0,1921,9799.961739
9100.0,948,9805.798688
54400.0,2925,9825.936317
41200.0,2026,9839.671463
23900.0,1847,9852.078387
45600.0,2595,9869.643142
67300.0,3522,9894.839135
38900.0,2068,9909.886666
39500.0,2358,9926.344989
39100.0,2357,9942.86487
67200.0,3185,9965.253401
29600.0,2203,9980.377137
46600.0,2541,9997.738865
27300.0,1382,10007.320414
22400.0,1536,10018.098023
46400.0,2524,10035.432281
48500.0,2666,10051.439552
30100.0,2449,10066.028797
58900.0,3242,10087.466333
27000.0,1914,10101.159115
43500.0,2569,10119.17588
63000.0,3381,10142.442275
42700.0,2622,10160.945278
58400.0,3101,10182.293147
50700.0,3026,10203.471087
45200.0,3160,10225.331784
36100.0,2193,10240.656026
38900.0,2563,10258.627604
27900.0,1810,10271.180087
37700.0,2381,10287.737426
38200.0,2079,10302.460054
46700.0,2568,10320.481257
35200.0,2082,10335.311348
47900.0,2793,10354.712592
48600.0,2772,10374.180731
63200.0,3603,10396.868109
54200.0,3266,10417.326828
29300.0,1912,10430.045622
53100.0,2684,10447.800382
39800.0,2262,10462.992644
64000.0,3174,10484.343969
35600.0,2375,10500.591853
56500.0,2853,10519.455999
39100.0,2382,10533.621411
10500.0,995,10539.47755
20300.0,1242,10546.831604
46900.0,2847,10564.812498
23900.0,1766,10576.607533
74800.0,3999,10603.697441
88900.0,4271,10631.722859
22800.0,1524,10642.104189
79500.0,3364,10666.009559
43900.0,2486,10684.59076
34400.0,2137,10699.415746
77100.0,3713,10725.35653
50700.0,2695,10744.324036
30000.0,1754,10756.421332
61700.0,3090,10777.898988
32300.0,1877,10790.889987
43800.0,2599,10808.895026
59200.0,3206,10831.329997
58500.0,2670,10849.726587
73000.0,3544,10870.871517
68200.0,3771,10893.24621
82800.0,4291,10921.414958
39700.0,2635,10939.226919
29600.0,1868,10951.768078
39000.0,2191,10966.631656
86800.0,4490,10997.144211
87900.0,4492,11028.364661
50400.0,3205,11052.445407
20600.0,1652,11063.980682
16400.0,1554,11074.767934
35200.0,2445,11091.312493
33200.0,2091,11105.161747
44300.0,2924,11124.642559
27500.0,1899,11137.567702
12000.0,1378,11146.660987
9600.0,1021,11153.42936
24600.0,1624,11164.08834
58500.0,3321,11186.19302
61600.0,2838,11204.892504
55100.0,2994,11223.925284
40100.0,2610,11239.422613
26600.0,1769,11249.92114
55000.0,2759,11266.313395
28300.0,2059,11278.481137
109400.0,5190,11309.342228
52000.0,2907,11326.860294
14400.0,1151,11333.775428
64600.0,3989,11357.42663
88800.0,4723,11385.391548
53700.0,2846,11402.469252
92700.0,4372,11432.360713
76900.0,5021,11467.230786
70300.0,3805,11493.729243
49500.0,2731,11512.077769
45700.0,2653,11529.566028
30300.0,1738,11541.181933
45600.0,2758,11559.663473
44600.0,2561,11577.029366
35100.0,1991,11589.424727
48900.0,2641,11605.052833
19200.0,1650,11614.797672
94500.0,4379,11641.133855
102900.0,5462,11678.295332
48800.0,2637,11694.607696
54400.0,3042,11712.717294
18800.0,1660,11722.548538
25600.0,1540,11731.738955
10200.0,1180,11738.873764
100700.0,6464,11777.466902
74400.0,4338,11803.22243
33000.0,2022,11815.386486
34200.0,2344,11829.402517
33000.0,2191,11842.653659
128700.0,6791,11883.000791
49100.0,2979,11900.837265
69200.0,3389,11920.917837
35600.0,2162,11933.734623
119600.0,6574,11972.773767
66700.0,3772,11995.975654
121500.0,5286,12027.611804
11300.0,986,12033.423288
32700.0,2318,12047.14081
73200.0,4216,12072.64424
70900.0,3450,12093.157841
88400.0,3795,12116.884617
26500.0,1948,12128.460577
51800.0,2956,12146.519359
45100.0,2858,12163.649488
73200.0,4173,12188.495354
53900.0,2910,12205.792008
40600.0,2608,12221.504498
19900.0,1645,12231.399528
31400.0,2680,12247.272481
66300.0,3605,12268.974422
64600.0,3542,12290.297457
26600.0,1779,12300.870989
31700.0,2091,12313.292952
64000.0,3630,12335.315402
22700.0,1663,12345.174211
22400.0,1581,12354.641732
68900.0,3377,12376.439796
84700.0,4268,12404.384344
28200.0,1965,12416.357039
87200.0,4255,12442.395523
23800.0,1498,12451.542599
45700.0,3084,12470.176661
97400.0,4784,12498.622775
92800.0,5211,12529.532254
77500.0,3746,12551.862429
44900.0,2702,12567.768792
22300.0,1819,12578.499754
84600.0,5044,12608.720775
70200.0,4254,12634.132434
38400.0,2441,12648.989326
18700.0,1641,12658.618815
25700.0,1414,12667.026437
62400.0,3502,12687.77222
43900.0,2924,12705.78311
98900.0,4577,12733.13742
91700.0,4566,12760.245157
47800.0,2703,12776.478912
39000.0,2385,12790.60278
66500.0,3783,12813.248526
36100.0,2468,12828.056534
54800.0,2792,12844.451529
37700.0,1944,12855.901525
109500.0,5766,12890.10526
19000.0,1690,12900.514006
49000.0,2786,12917.158127
61300.0,3046,12935.308454
18200.0,1519,12944.337747
68800.0,3862,12967.368535
17900.0,1408,12975.680216
22100.0,1715,12986.22629
116900.0,5852,13020.914914
73600.0,3585,13042.311624
45000.0,3090,13060.514324
70500.0,4017,13084.431999
93600.0,4381,13110.752944
36900.0,2156,13123.555552
194700.0,9642,13181.622675
28400.0,2220,13194.900319
85000.0,4044,13219.878238
109600.0,5767,13253.823709
169500.0,9373,13310.648673
39500.0,2538,13327.0976
64700.0,3109,13345.616196
102100.0,4625,13373.178311
47600.0,2826,13390.4383
17000.0,1298,13398.259253
33400.0,2553,13413.294383
20100.0,1588,13422.887322
96000.0,4566,13449.892546
30600.0,1618,13459.38883
28900.0,1710,13469.749075
141400.0,7651,13514.937578
24200.0,2196,13527.883443
17500.0,1695,13537.869644
176800.0,7518,13582.214551
17100.0,1520,13591.463475
104800.0,5286,13623.104017
58500.0,3261,13642.35644
202200.0,8743,13694.338248
65600.0,3085,13712.773834
325700.0,14338,13797.511477
40500.0,2571,13812.640121
10900.0,891,13817.846027
140500.0,6941,13859.017987
25200.0,2132,13871.620249
25900.0,1534,13880.808262
78600.0,4377,13907.133897
13700.0,1442,13915.579902
11300.0,1238,13922.860839
29600.0,2143,13935.53677
16700.0,1154,13942.46304
29600.0,2379,13956.502918
52300.0,3151,13975.401038
17700.0,1551,13984.537998
71900.0,3621,14006.509512
71600.0,3332,14026.869477
59700.0,3107,14045.589646
122800.0,5979,14081.174955
29100.0,1711,14091.29092
53400.0,3547,14112.539184
17500.0,1414,14120.879114
111700.0,5824,14155.278527
140400.0,7362,14198.857023
73500.0,4320,14224.634715
81400.0,3615,14246.288388
47000.0,2688,14262.231003
71600.0,4021,14285.967971
116200.0,6379,14324.35508
56800.0,3224,14343.438457
51300.0,3316,14363.31902
90100.0,4929,14392.703302
62400.0,3503,14413.645808
36900.0,2379,14427.755965
34600.0,2390,14441.976045
40700.0,2403,14456.175186
107400.0,5536,14488.884067
52900.0,3100,14507.502075
70600.0,3973,14531.433898
9800.0,1123,14538.072759
38600.0,2518,14553.252018
62300.0,3562,14574.426767
40400.0,2518,14589.692272
109700.0,5469,14626.112914
95200.0,4564,14653.214584
35700.0,2275,14666.719481
58700.0,3317,14686.594316
19100.0,1282,14694.261746
141000.0,6623,14733.476608
56100.0,3234,14752.754833
97000.0,4441,14779.177706
19300.0,1516,14788.176131
19000.0,1198,14795.207893
78800.0,3768,14817.411079
71000.0,3694,14839.376441
80000.0,4265,14864.881171
47700.0,2820,14881.546531
44200.0,2641,14897.409653
88300.0,4225,14922.473872
76600.0,3489,14943.225551
58400.0,3123,14961.727282
19300.0,1353,14969.669779
71600.0,3994,14993.549075
76400.0,4138,15018.131517
125300.0,5622,15051.493449
75000.0,4153,15076.241025
38900.0,2124,15088.741906
83400.0,4459,15115.177283
15600.0,1643,15125.426587
60100.0,2998,15143.812705
54900.0,2982,15161.651988
67400.0,3254,15181.070358
63500.0,3415,15201.433105
82500.0,4035,15225.364181
38900.0,2479,15239.96119
37000.0,2544,15255.099884
37200.0,2616,15270.856132
71200.0,3856,15293.687643
11200.0,1095,15300.112754
35200.0,2144,15312.807814
63500.0,3214,15331.779489
47200.0,2562,15346.92451
48300.0,2685,15362.776719
74300.0,3498,15383.598174
23200.0,1590,15392.986829
7200.0,982,15398.773902
59600.0,3360,15418.699896
74200.0,3602,15439.938292
27400.0,1804,15450.569955
10400.0,895,15455.817092
54600.0,3106,15474.166234
104700.0,4886,15503.408912
31900.0,2126,15515.876145
51900.0,2819,15532.528744
58000.0,3091,15550.816981
47300.0,2829,15567.856208
142100.0,7338,15611.382192
8100.0,844,15616.318849
37500.0,2493,15631.192863
108500.0,5089,15661.531305
16300.0,1004,15667.563442
43800.0,2147,15680.378354
177400.0,7683,15726.186963
44600.0,2616,15741.638153
37100.0,2404,15755.949789
34000.0,2391,15770.288577
20000.0,1399,15778.530647
117900.0,6124,15814.933228
69000.0,3261,15834.220991
76700.0,3894,15857.24806
59500.0,3357,15877.1933
34600.0,2134,15889.84533
124500.0,6263,15927.015839
100500.0,4585,15954.158026
17600.0,1299,15961.817981
130200.0,6325,15999.203109
53100.0,3100,16017.668109
29000.0,1966,16029.235474
63800.0,3337,16048.944969
37300.0,2065,16061.109232
27200.0,1508,16069.979853
111900.0,5678,16103.606646
62900.0,3466,16124.206805
37200.0,2426,16138.546344
62200.0,3954,16161.96647
67500.0,3955,16185.298382
144200.0,6351,16222.997013
23300.0,1815,16233.742051
78300.0,3791,16256.379863
68200.0,4019,16280.399253
37200.0,2158,16293.10423
176700.0,6889,16334.120956
88000.0,4160,16358.77871
90400.0,4589,16386.09746
60500.0,3410,16406.298706
65400.0,3791,16429.133314
80700.0,3742,16451.232635
108300.0,4858,16479.916294
89400.0,4184,16505.004687
16300.0,1500,16513.75558
75600.0,3803,16536.263127
58500.0,3292,16556.089191
56100.0,3258,16575.674668
73400.0,3902,16598.764816
157200.0,6740,16639.096167
36400.0,2317,16652.83902
28300.0,1903,16664.370891
82800.0,4211,16689.290519
62700.0,3410,16709.901962
119100.0,5761,16744.093007
74700.0,3954,16767.495563
74600.0,3689,16789.304496
156000.0,6320,16826.872386
63000.0,3467,16847.607018
45700.0,2733,16863.796289
138000.0,5742,16898.493034
35000.0,2227,16911.8708
84400.0,4475,16938.56578
92400.0,4464,16965.38159
184800.0,9409,17021.292514
39000.0,2601,17036.790542
39600.0,2846,17053.750002
108500.0,6044,17089.524234
125400.0,5855,17124.252906
31200.0,1854,17135.165223
194400.0,8686,17187.035734
18900.0,1656,17196.793301
43900.0,2724,17212.913219
81800.0,4060,17236.950306
49700.0,3220,17255.938467
62300.0,3833,17278.689253
481700.0,19334,17393.635937
145700.0,6642,17433.132989
65100.0,3351,17453.06634
27400.0,1714,17463.134845
8900.0,917,17468.616514
31400.0,2491,17483.287642
32800.0,2034,17495.268995
85900.0,4187,17520.23291
486900.0,20929,17644.340227
17400.0,1553,17653.554215
189000.0,8416,17703.31333
64800.0,3689,17725.563172
17700.0,1695,17735.695767
16900.0,1751,17746.051
83500.0,4429,17772.982434
55100.0,3336,17792.721181
17500.0,1365,17800.783998
70100.0,4293,17826.293879
16700.0,1444,17835.037199
68300.0,3416,17856.758039
42800.0,2355,17871.059906
29500.0,1919,17882.436732
74500.0,3753,17904.566346
195000.0,9057,17958.674203
35500.0,2466,17973.348773
91000.0,4227,17998.54876
74300.0,4627,18026.055119
108500.0,5616,18059.551993
56100.0,3136,18078.301689
290900.0,13571,18159.26701
116400.0,5608,18192.896279
97400.0,5299,18224.452993
130800.0,6910,18265.29054
49200.0,3159,18284.237174
126000.0,6162,18322.611803
180000.0,7997,18371.011542
29600.0,1860,18382.052768
64600.0,3283,18401.586981
271800.0,11412,18469.742347
68200.0,3772,18492.086001
65900.0,3989,18515.897684
59200.0,3318,18535.598008
81700.0,4070,18559.924047
238500.0,9647,18617.625974
39500.0,2585,18632.877922
178300.0,7787,18680.200024
9700.0,930,18685.675197
74300.0,4216,18710.882213
34100.0,1586,18720.312109
89200.0,4055,18744.371717
29400.0,1899,18755.620174
219800.0,9641,18813.013207
26700.0,1529,18822.080708
24700.0,1682,18832.015359
17500.0,1475,18840.755868
330900.0,13017,18918.7538
26100.0,1739,18929.223785
56100.0,2637,18944.928405
216000.0,10224,19005.80813
66300.0,4010,19029.584556
27700.0,1636,19039.206928
206100.0,8640,19090.712751
