#{"env_id": "KungFuMasterNoFrameskip-v4", "t_start": 1538327134.4498365}
r,l,t
700.0,1047,4.626811
600.0,1103,7.246128
600.0,863,9.292644
200.0,867,11.35551
0.0,850,13.377208
200.0,934,15.606124
0.0,738,17.395017
200.0,676,19.022544
1200.0,1261,22.076598
1300.0,860,24.1461
1300.0,1014,27.366907
800.0,832,32.40154
100.0,699,36.639774
500.0,912,42.20473
600.0,1197,49.500679
200.0,1316,57.479263
200.0,825,62.572066
500.0,977,68.565732
100.0,868,73.795815
700.0,905,79.272332
1000.0,896,84.72579
300.0,857,89.992536
700.0,812,94.896113
400.0,820,99.920784
1000.0,1185,107.111156
400.0,736,111.544975
400.0,761,116.144779
500.0,702,120.436069
300.0,869,125.764225
900.0,940,131.464489
900.0,936,137.196666
0.0,852,142.385473
300.0,865,147.610945
0.0,813,152.833854
600.0,916,158.35057
600.0,1020,164.608701
1100.0,959,170.43747
700.0,806,175.328734
600.0,782,180.062477
200.0,789,184.889982
700.0,846,190.093458
900.0,891,195.532995
1000.0,968,201.452016
0.0,797,206.354307
200.0,931,212.017187
0.0,882,217.315305
0.0,673,221.431715
1300.0,1123,228.304118
0.0,768,232.966009
500.0,955,238.781282
1100.0,1204,246.132274
900.0,826,251.141396
1100.0,880,256.450579
300.0,874,261.812692
1000.0,910,267.344913
1000.0,1003,273.524031
800.0,944,279.310993
400.0,983,285.319749
400.0,907,290.897295
1500.0,956,296.697125
700.0,1037,302.966757
600.0,895,308.425091
500.0,1081,315.095589
1800.0,1204,322.561642
1200.0,932,328.304913
400.0,1015,334.787456
300.0,1008,340.927038
1000.0,1154,347.999135
200.0,1079,354.499587
600.0,755,359.085617
1000.0,1136,366.013662
400.0,617,369.791473
500.0,710,374.085232
900.0,945,379.829967
1200.0,986,385.808139
600.0,775,390.509161
500.0,1043,396.910939
500.0,995,403.024489
500.0,843,408.268309
900.0,858,413.598316
1800.0,1269,421.344806
400.0,1006,427.499314
1300.0,1259,435.226589
200.0,542,438.54034
1400.0,1133,445.406555
1300.0,1005,451.526697
300.0,970,457.802237
1600.0,972,463.657558
1500.0,1180,470.874005
1800.0,1413,479.611788
1000.0,1240,487.154933
1400.0,1157,494.289219
0.0,731,498.782358
500.0,1017,504.961132
100.0,801,509.93545
900.0,1044,516.234112
100.0,689,520.670898
1100.0,1278,528.551095
1000.0,1017,534.7527
1100.0,990,540.808949
1600.0,1055,547.411774
700.0,1105,554.08441
400.0,859,559.288715
1100.0,1137,566.234856
500.0,629,570.128747
200.0,766,574.810291
1800.0,1474,583.728395
400.0,1168,590.821418
1200.0,986,596.903479
600.0,879,602.255131
1200.0,984,608.382038
2300.0,979,614.295519
1600.0,932,619.94445
1500.0,1031,626.202475
1300.0,875,631.529692
500.0,915,637.084825
700.0,936,642.826647
1400.0,928,648.537288
1600.0,1006,654.812857
400.0,860,660.071442
800.0,942,665.846518
900.0,816,670.805998
1200.0,1070,677.484592
1200.0,1192,684.685541
200.0,1010,690.831965
1000.0,1026,697.116385
1000.0,801,703.501972
1100.0,722,707.840236
3100.0,1337,715.931966
1900.0,876,721.20489
1200.0,987,727.241037
1200.0,879,732.643796
1700.0,1287,740.511107
1200.0,896,745.929976
2500.0,1205,753.311065
1300.0,942,759.000236
3000.0,1132,766.242035
1100.0,1075,772.846492
300.0,1095,779.484407
300.0,922,785.175759
700.0,1081,791.724233
500.0,738,796.297296
1200.0,1365,804.704493
2000.0,1143,811.652636
1400.0,956,817.500309
300.0,886,822.889282
800.0,899,828.396845
3100.0,1544,837.790663
2300.0,1286,845.731079
1000.0,930,851.483147
1800.0,1099,858.170458
1800.0,953,863.990413
1700.0,1131,870.829319
2300.0,1140,877.695701
1900.0,1069,884.141556
600.0,706,888.782648
900.0,790,893.548172
1000.0,936,899.25742
800.0,943,905.003642
1500.0,952,910.8152
900.0,1205,918.175011
2200.0,1323,926.19883
3500.0,1365,934.585636
1200.0,836,939.696446
800.0,822,944.703051
900.0,850,949.918702
3300.0,1474,958.962242
2300.0,1106,965.687935
1000.0,1022,971.934
1700.0,927,977.54623
2200.0,1161,984.737056
1400.0,1115,991.685114
800.0,947,997.458993
1600.0,1026,1003.75409
2300.0,1067,1010.697761
1800.0,922,1016.314209
3800.0,1324,1024.347548
2400.0,1154,1031.383593
2200.0,764,1036.141446
2800.0,1531,1045.43063
1200.0,867,1050.830904
2700.0,1351,1059.255565
2900.0,1087,1065.92673
4500.0,1468,1075.33667
2500.0,1270,1083.086874
3400.0,1374,1091.554904
1700.0,1205,1098.905678
1800.0,1119,1105.777039
400.0,1079,1112.302932
1900.0,1037,1118.64182
2300.0,1281,1126.462118
1500.0,1229,1134.524179
2600.0,1358,1142.846827
3200.0,1622,1152.723283
2800.0,1047,1159.084634
2000.0,1006,1165.181317
4000.0,1453,1173.960603
1700.0,998,1179.991279
5900.0,1515,1189.224473
3400.0,1064,1196.067282
2000.0,992,1202.07152
1100.0,1028,1208.295333
3300.0,1204,1215.604513
2800.0,1304,1223.525711
1000.0,758,1228.15281
900.0,1079,1234.812636
1400.0,1028,1241.0547
1200.0,978,1247.077203
4000.0,1368,1255.506364
5200.0,1535,1264.875005
5100.0,1515,1274.206735
4100.0,1432,1282.961789
3800.0,1072,1289.470123
2000.0,1039,1295.826178
4700.0,1653,1305.988004
2000.0,981,1312.025918
3400.0,1192,1320.153625
4600.0,1652,1330.200946
10100.0,1794,1341.130841
6800.0,1804,1352.125866
6300.0,1371,1360.497424
6000.0,1436,1369.340716
8000.0,1739,1380.39856
4700.0,1699,1390.910581
2200.0,1006,1397.127364
4300.0,1222,1404.617581
1900.0,1032,1410.835674
3000.0,1098,1417.574709
4800.0,1658,1427.597657
1900.0,1052,1434.107756
4900.0,1005,1440.260191
2600.0,1025,1447.000088
4300.0,1470,1456.006718
4800.0,1414,1464.618459
5900.0,1426,1473.32339
3900.0,1128,1480.407351
2900.0,1307,1488.457361
5200.0,1643,1498.571237
2300.0,1160,1506.137123
3200.0,1294,1513.992212
2000.0,1042,1520.33671
3900.0,1401,1529.190314
1800.0,1117,1535.935904
3800.0,1267,1543.628497
300.0,912,1549.147637
1900.0,909,1554.736696
3200.0,1274,1562.623048
4500.0,1258,1570.298946
2300.0,969,1576.257233
1600.0,1029,1582.5253
3400.0,1067,1589.016981
7000.0,1450,1597.818717
7800.0,1389,1606.394258
6300.0,1298,1614.26333
8800.0,1733,1624.759334
13500.0,2173,1638.125275
6300.0,1483,1647.086602
3000.0,1243,1654.700841
8900.0,2089,1667.414766
2900.0,1088,1674.153491
4600.0,1604,1683.93401
1400.0,976,1690.410663
6700.0,1806,1701.401188
8300.0,1680,1711.622422
5400.0,1506,1720.720386
1700.0,979,1726.72339
1700.0,1080,1733.263988
400.0,968,1739.325105
3000.0,1083,1746.013519
1300.0,970,1752.343893
4500.0,1460,1761.342725
4600.0,1517,1770.670055
4600.0,1331,1778.750183
5800.0,1301,1786.790439
5700.0,1420,1795.457118
1400.0,952,1801.251949
9300.0,2169,1815.167791
8800.0,2019,1827.661014
7300.0,1841,1838.878381
9300.0,2308,1853.187198
2700.0,1382,1861.620357
3300.0,1279,1869.363672
2700.0,1149,1877.745339
8600.0,1925,1889.625256
5000.0,1385,1898.14114
8800.0,1913,1909.842156
5700.0,2021,1922.123901
3300.0,1395,1930.683472
6200.0,1854,1942.591935
4700.0,1470,1951.596227
2500.0,1000,1957.705693
2900.0,1348,1966.078329
3600.0,1242,1973.716812
6100.0,1763,1984.54165
5000.0,1453,1993.37781
5200.0,1477,2002.933015
6300.0,1260,2010.613534
8000.0,1625,2020.604924
1800.0,858,2025.837453
5000.0,1548,2035.198061
2700.0,1095,2041.945064
7700.0,1388,2050.423168
5800.0,1577,2060.09812
7200.0,1513,2069.439485
5800.0,1246,2077.059466
4500.0,1191,2084.341013
3800.0,1262,2092.016187
6200.0,1423,2100.660811
4100.0,1203,2107.961424
4600.0,1261,2115.917202
10900.0,1844,2127.218762
12800.0,2071,2140.04478
2100.0,1021,2146.30183
4600.0,1173,2153.605343
200.0,768,2158.239671
3400.0,1198,2165.531362
4700.0,1289,2173.458608
11600.0,2131,2186.448534
2300.0,844,2191.639639
2100.0,954,2197.400377
4600.0,1246,2204.95101
8700.0,1646,2215.085975
12600.0,2153,2228.215685
10800.0,1904,2239.868109
6000.0,1323,2247.867841
7600.0,1412,2256.593513
12200.0,2421,2271.395635
10400.0,1656,2281.55631
10300.0,1909,2293.315358
6800.0,1428,2302.104395
12200.0,2070,2314.809923
11800.0,2040,2327.455759
5600.0,1421,2336.098256
2900.0,1151,2343.149952
5600.0,1348,2351.288387
13100.0,2417,2366.24771
4100.0,1368,2374.638421
7700.0,1603,2384.345222
5600.0,1196,2391.818296
9900.0,1713,2402.263027
12700.0,2328,2416.650733
17500.0,2764,2434.182832
5200.0,1627,2444.10121
3400.0,1247,2451.682334
7700.0,1633,2461.725406
6200.0,1298,2469.630914
6500.0,1493,2478.787079
7100.0,1194,2486.132244
11800.0,2182,2500.207876
8200.0,1531,2509.610284
10500.0,1575,2519.47628
13500.0,1766,2530.160293
7000.0,1417,2538.85133
12900.0,1909,2550.508821
4400.0,1170,2557.671823
7800.0,1457,2566.577011
7800.0,1138,2573.457332
5400.0,1397,2582.082287
5200.0,1534,2591.450427
2700.0,1132,2598.317318
3200.0,1081,2604.845369
4500.0,1369,2613.199563
10500.0,1834,2624.454829
4700.0,1138,2631.484552
8900.0,1771,2642.491596
12700.0,1982,2654.772898
8500.0,1745,2665.443277
6300.0,1635,2675.357832
9600.0,1875,2686.851675
10200.0,1949,2698.787713
11800.0,1902,2710.442685
6900.0,1423,2719.152057
14900.0,2139,2732.365854
6900.0,1600,2742.11398
6900.0,1643,2752.305818
8200.0,1837,2763.545142
7600.0,1510,2772.804772
5700.0,1494,2781.921716
5600.0,1324,2789.992169
6100.0,1570,2799.575861
9800.0,1936,2811.311877
16800.0,2207,2824.930447
8300.0,1802,2835.885273
4800.0,1206,2843.149585
11800.0,1714,2853.556482
6700.0,1434,2862.377548
9200.0,1713,2872.882758
15300.0,2039,2885.486907
5200.0,1357,2893.759666
6000.0,1321,2901.812284
10700.0,1957,2913.74162
5600.0,1340,2921.846568
2600.0,1049,2928.369607
7700.0,1414,2937.025017
11900.0,1947,2949.085412
4300.0,1298,2956.993589
7300.0,1501,2966.239804
12200.0,1909,2977.924516
8400.0,1529,2987.366094
2700.0,1068,2993.908152
6000.0,1569,3003.554906
7500.0,1466,3012.440863
5500.0,1366,3020.748436
6700.0,1404,3029.316062
4500.0,1131,3036.15185
9100.0,1510,3045.6167
9900.0,1785,3056.505445
7100.0,1478,3065.712191
7900.0,1518,3075.042906
1200.0,778,3079.887663
6100.0,1554,3089.548588
5900.0,1138,3096.487398
7100.0,1734,3107.005573
1900.0,1037,3113.300736
2600.0,989,3119.301465
3200.0,1137,3126.194113
6900.0,1692,3136.505282
4800.0,1359,3144.850037
6000.0,1330,3153.063953
3800.0,1317,3161.03683
4500.0,1434,3169.746206
4500.0,1222,3177.290162
2900.0,844,3182.380692
1600.0,894,3187.7631
8300.0,1552,3197.372901
3200.0,1100,3204.055033
6500.0,1398,3212.58262
5100.0,1350,3220.839011
8800.0,1599,3230.555595
7300.0,1482,3239.661957
4600.0,1097,3246.310205
5400.0,1183,3253.583031
10200.0,2238,3267.282318
12100.0,2004,3279.502384
10200.0,1999,3291.675956
14400.0,2605,3307.701197
11300.0,2227,3321.225075
0.0,810,3326.144453
8500.0,1631,3336.188035
7700.0,1910,3347.728733
2200.0,1036,3354.078716
8700.0,1921,3365.885783
14900.0,2501,3381.161514
15200.0,2490,3396.514801
13800.0,2108,3409.496061
9600.0,1794,3420.440919
12300.0,2230,3434.064222
9100.0,1912,3445.755687
9200.0,1550,3455.16374
14600.0,2361,3469.586999
8700.0,1944,3482.11625
3100.0,1217,3489.493899
3900.0,1192,3496.878623
3600.0,1144,3503.889183
5000.0,1231,3511.35688
700.0,1006,3517.493269
12200.0,1778,3528.405334
5700.0,1509,3537.614522
7100.0,1363,3545.871261
9300.0,1808,3556.963777
9000.0,1656,3567.276345
3200.0,1138,3574.163838
11800.0,1905,3585.830597
3400.0,1017,3592.238438
5400.0,1151,3599.345088
6300.0,1486,3608.4175
5700.0,1178,3615.569337
5100.0,1278,3623.385087
9400.0,2218,3637.076613
8900.0,1822,3648.222325
9300.0,1960,3660.461088
13100.0,2147,3673.73327
8700.0,1819,3684.824452
12700.0,2311,3699.030849
10500.0,2017,3711.349478
7400.0,1497,3720.476476
9600.0,1643,3730.565939
8200.0,1619,3740.637851
14200.0,2134,3753.651536
8500.0,1548,3763.186373
13500.0,1862,3774.588993
17100.0,2210,3788.444659
8700.0,1556,3797.963331
3900.0,1056,3804.394708
12600.0,1945,3816.367546
26300.0,3162,3835.745185
15500.0,2220,3849.290362
1800.0,847,3854.434518
2800.0,1043,3860.792212
15400.0,1858,3872.141194
15000.0,1812,3883.289962
11600.0,1905,3894.947978
19300.0,2585,3911.397561
17200.0,2451,3926.500659
8900.0,1676,3936.704443
10400.0,1765,3947.361282
7200.0,1487,3956.370493
6600.0,1651,3966.918984
5500.0,1472,3975.923848
6900.0,1636,3986.042569
5300.0,1361,3994.369688
6700.0,1761,4005.12398
7400.0,1899,4016.810795
5500.0,1444,4025.657059
9100.0,2038,4038.209893
8900.0,1931,4050.004628
5800.0,1484,4059.103295
6600.0,1577,4068.816843
2400.0,1153,4075.802362
7600.0,1725,4086.324246
4500.0,1316,4094.357993
9100.0,1815,4105.641219
8600.0,1905,4117.368949
9700.0,2010,4129.614198
4900.0,1284,4137.401764
6900.0,1954,4149.435905
7400.0,1636,4159.687759
6500.0,1392,4168.169014
18100.0,2721,4184.782095
17500.0,2779,4201.779645
2300.0,942,4207.602807
900.0,845,4212.848746
6200.0,1465,4221.726168
10900.0,2076,4234.655317
11100.0,2055,4247.233131
2900.0,1200,4254.543496
3300.0,1296,4262.606455
17100.0,2490,4277.949876
5200.0,1140,4284.88062
5700.0,1473,4293.892994
8700.0,2958,4311.937351
7200.0,1539,4321.41348
4800.0,1296,4329.356584
3200.0,1032,4335.630702
5400.0,1418,4344.278487
6500.0,1614,4354.178262
16900.0,2637,4370.722201
7200.0,1395,4379.432067
7000.0,1542,4388.92346
4700.0,1292,4396.72907
4300.0,1067,4403.226696
8100.0,1402,4411.815251
10100.0,1801,4422.894754
4000.0,1231,4430.379836
11200.0,1954,4442.27989
14200.0,3108,4461.265206
10700.0,1730,4471.769297
14400.0,1837,4483.014888
7200.0,1481,4492.125075
13400.0,2147,4505.313619
8000.0,1683,4515.540252
3700.0,1118,4522.50272
5400.0,1531,4531.795926
4100.0,1371,4540.151038
4700.0,1488,4549.286652
4700.0,1614,4559.112181
2300.0,935,4564.799271
6100.0,1587,4574.449793
7200.0,1760,4585.269338
3200.0,1279,4593.155777
5500.0,1808,4604.466651
2100.0,1136,4611.489664
600.0,882,4616.869943
1200.0,1045,4623.308861
7300.0,1500,4632.442402
12900.0,2266,4646.281883
11700.0,2086,4658.977183
13500.0,1872,4670.346145
18100.0,2764,4687.232171
11100.0,2150,4700.43842
7700.0,1764,4711.213806
8500.0,1729,4721.779992
15800.0,2320,4735.855723
8000.0,1578,4745.736891
6100.0,1485,4754.767272
10600.0,1602,4764.556506
19500.0,2958,4782.699687
6600.0,1488,4791.82208
9000.0,1878,4803.338948
13000.0,2197,4816.790395
14200.0,2169,4830.030664
20200.0,2736,4846.738807
15100.0,2200,4860.20497
20800.0,2683,4876.650291
11300.0,1886,4888.726647
7300.0,1636,4898.679518
7900.0,1584,4908.474107
9700.0,1730,4919.322958
18400.0,2357,4933.762355
11300.0,1656,4943.88869
12100.0,3845,4967.699384
6800.0,1622,4977.666693
9900.0,1743,4988.438547
11200.0,2040,5000.810202
14100.0,2535,5016.411327
2700.0,1043,5022.72272
8500.0,1693,5033.414268
5600.0,1253,5041.003092
9500.0,1962,5053.015501
9800.0,2147,5066.158633
9700.0,2101,5079.085555
5700.0,1832,5090.181252
9700.0,2086,5102.980106
5600.0,1522,5112.234364
5800.0,1505,5121.460284
7200.0,1692,5131.790498
8800.0,1894,5143.395203
16800.0,3314,5163.639575
8100.0,2036,5176.188879
10900.0,2644,5192.471275
8300.0,2061,5204.98755
7700.0,1990,5217.245611
6900.0,1482,5226.348467
7600.0,1464,5235.503632
5700.0,1238,5243.121364
2600.0,1039,5249.493325
9600.0,1686,5259.849622
5000.0,1614,5269.67386
1800.0,1077,5276.322492
2300.0,1169,5283.481621
3100.0,1684,5293.774437
3500.0,1433,5302.475214
3400.0,1136,5309.409717
5900.0,1626,5319.589485
4000.0,1544,5329.008036
8100.0,1839,5340.278897
9500.0,2104,5353.144747
8400.0,2243,5366.823625
5400.0,1587,5376.601741
8400.0,2220,5390.221599
10600.0,1934,5402.019568
6900.0,1862,5413.38879
9800.0,2358,5428.056373
11400.0,2193,5441.44911
12500.0,2379,5456.266841
8200.0,1727,5466.86286
4800.0,1477,5475.895595
9600.0,2758,5492.733753
14900.0,2644,5508.89305
8000.0,1851,5520.263765
5100.0,1311,5528.368241
17600.0,2678,5544.758982
8000.0,1550,5554.196679
11200.0,1903,5565.803481
7900.0,1745,5576.419839
5300.0,1284,5584.272005
5300.0,1230,5591.888087
2300.0,1050,5598.394282
4900.0,1557,5607.984742
9400.0,1961,5620.096208
7900.0,1517,5629.41936
3800.0,1341,5637.643102
7900.0,1912,5649.480353
2800.0,954,5655.269302
8200.0,1912,5666.961951
6800.0,1579,5676.718208
2900.0,1096,5683.40894
5300.0,1631,5693.299793
1700.0,876,5698.68637
3400.0,1477,5707.798908
6900.0,1643,5717.872638
9700.0,2011,5730.213661
4000.0,1353,5738.450342
6200.0,1414,5747.107435
6200.0,1419,5755.752079
4500.0,1575,5765.387953
6900.0,1630,5775.558455
3600.0,1369,5783.992003
1000.0,1044,5790.330697
5000.0,1493,5799.401297
5100.0,1300,5807.387866
3000.0,1412,5815.986336
2900.0,1360,5824.421041
5200.0,1871,5836.002496
6600.0,1840,5847.163952
7400.0,1579,5856.839092
10000.0,2050,5869.28933
3500.0,1050,5875.794182
3400.0,1479,5884.799494
4100.0,1179,5892.047214
2600.0,1036,5898.323691
4700.0,1345,5906.48469
5800.0,1772,5917.31698
5000.0,1470,5926.247714
8600.0,1764,5937.021148
8300.0,2165,5950.248732
3000.0,1190,5957.598892
2700.0,825,5962.676491
4000.0,1257,5970.269443
2700.0,1160,5977.375758
3000.0,1259,5985.00525
4000.0,1382,5993.50387
3100.0,1250,6001.292814
2900.0,1261,6009.061524
1900.0,1048,6015.480983
1200.0,986,6021.588476
2200.0,1083,6028.259037
4700.0,1388,6036.729959
6200.0,1568,6046.247973
3400.0,1482,6055.30391
4700.0,1418,6063.953444
10700.0,2267,6077.898457
15100.0,2523,6093.390711
9700.0,1642,6103.550362
12100.0,2389,6118.163092
9400.0,1919,6129.853349
7300.0,1745,6140.598501
9900.0,2080,6153.377466
6300.0,1410,6161.982402
10500.0,1983,6174.218425
7800.0,1869,6185.652619
21800.0,3540,6207.180022
9200.0,1949,6218.993453
7000.0,1589,6228.745871
7200.0,1738,6239.327997
11300.0,1898,6250.83915
9100.0,1947,6262.863289
9600.0,1643,6272.91192
8800.0,1997,6285.210492
9300.0,1857,6296.673514
14700.0,2368,6311.222977
25400.0,2986,6329.503496
11100.0,2151,6342.648688
8900.0,1909,6354.221656
7500.0,1756,6365.28054
7300.0,1628,6375.200979
7500.0,2083,6387.99874
7800.0,1908,6399.729674
4800.0,1436,6408.483731
11900.0,1945,6420.302345
7500.0,1793,6431.358662
5500.0,1542,6440.775891
10600.0,1940,6452.773634
9500.0,2005,6465.080252
5700.0,1300,6473.038326
12100.0,2291,6487.298675
13900.0,2671,6503.598357
13100.0,2329,6517.884982
13100.0,2092,6530.774972
9700.0,1639,6540.724642
8500.0,1627,6550.699086
12400.0,2139,6563.801374
13900.0,2242,6577.429248
10800.0,2282,6591.601902
15100.0,2673,6607.906192
9000.0,2123,6620.895502
8200.0,1614,6630.875653
6300.0,1646,6640.868235
9800.0,1762,6651.654969
10800.0,2505,6667.028124
11300.0,2211,6680.68593
7400.0,1749,6691.38429
2500.0,1231,6698.834773
3900.0,1243,6706.439768
3200.0,1520,6715.771119
6300.0,1688,6726.11272
9400.0,2145,6739.251711
6000.0,1393,6747.713373
8300.0,1585,6757.592672
11600.0,2073,6770.22601
10500.0,1696,6780.656463
6800.0,1650,6790.707251
3800.0,1275,6798.529201
14200.0,2233,6812.097537
5800.0,1602,6821.921638
4600.0,1504,6831.262542
8100.0,1697,6841.6575
9100.0,1862,6852.99554
9300.0,2363,6867.445015
11700.0,2111,6880.37049
8000.0,1768,6891.209151
5800.0,1576,6900.796742
9900.0,2597,6916.626357
10300.0,2610,6932.662251
7000.0,1913,6944.385575
6500.0,1920,6956.127196
6200.0,1692,6966.48247
3200.0,1460,6975.357604
12000.0,2888,6993.067979
9600.0,2471,7008.377707
9100.0,2082,7021.251879
11700.0,2264,7035.253449
14300.0,2627,7051.309087
5400.0,2075,7063.992973
8200.0,1693,7074.331228
8600.0,1869,7085.87556
13500.0,2803,7103.13783
8100.0,1813,7114.333766
6800.0,1773,7125.237494
3400.0,1160,7132.313106
2200.0,1068,7138.798708
7700.0,1941,7150.948276
7000.0,1692,7161.426053
2600.0,1449,7170.216478
3000.0,1444,7179.047613
4700.0,1580,7188.671414
5400.0,1756,7199.406232
9000.0,2015,7211.772631
7000.0,1805,7222.892229
9800.0,2072,7235.609143
3500.0,1202,7242.934277
8400.0,1986,7255.097347
11700.0,2645,7271.405643
7300.0,1675,7281.686189
12100.0,2310,7295.798679
8700.0,2077,7308.751572
6500.0,1700,7319.162157
9800.0,1948,7331.115458
8100.0,1670,7341.363128
8400.0,1580,7350.98402
10000.0,2053,7363.546433
3100.0,1113,7370.402291
10500.0,2124,7383.389972
6400.0,1610,7393.192843
2400.0,1017,7399.368331
7300.0,1958,7411.352757
6100.0,1646,7421.526175
10600.0,2128,7434.544953
5700.0,1676,7444.852115
3600.0,1295,7452.859548
8500.0,1721,7463.427769
8900.0,1783,7474.25464
6700.0,1690,7484.635819
5800.0,1291,7492.583818
9000.0,2021,7504.854236
2400.0,1259,7512.572081
4300.0,1345,7520.877752
8300.0,2011,7533.24057
11400.0,2453,7548.236368
7500.0,1871,7559.665568
12400.0,2677,7576.071516
1100.0,925,7581.765912
2700.0,1243,7589.378557
8500.0,2090,7602.345813
7000.0,1714,7612.817492
6400.0,1588,7622.583205
7200.0,1541,7632.048711
3000.0,1157,7639.14318
4700.0,1508,7648.408152
5100.0,1319,7656.455274
8900.0,1669,7666.712634
4800.0,1557,7676.27355
9000.0,2093,7689.0821
6600.0,1771,7699.803921
4600.0,1581,7709.632864
3700.0,1476,7718.65858
12400.0,2021,7731.081271
16400.0,2674,7747.501509
7000.0,1637,7757.437882
14800.0,2338,7771.821422
7700.0,1571,7781.440688
10800.0,1621,7791.283998
9200.0,1656,7801.420266
8600.0,1783,7812.347038
5100.0,1581,7822.002805
9100.0,1803,7833.030663
7300.0,1570,7842.652618
10100.0,1981,7855.000742
13400.0,2058,7867.676104
7400.0,1470,7876.69827
5700.0,1685,7886.993234
6600.0,1460,7895.990459
9000.0,2024,7908.342591
4900.0,1687,7918.690883
7800.0,1835,7930.083483
9200.0,2094,7942.923145
5800.0,1742,7953.506982
9700.0,1908,7965.293496
6600.0,1925,7977.034932
4800.0,1569,7986.576859
6500.0,1700,7997.039705
9300.0,1913,8008.852796
8700.0,1759,8019.608495
10000.0,2126,8032.575174
3900.0,1516,8041.805025
9600.0,2163,8055.077585
4900.0,1484,8064.190917
10500.0,1976,8076.384855
8400.0,1947,8088.200624
6400.0,1477,8097.223514
7300.0,1438,8105.986673
8800.0,1764,8116.859051
7700.0,1871,8128.225092
9200.0,2283,8142.282764
11100.0,2579,8158.045449
11700.0,2741,8174.801947
7100.0,2202,8188.354101
9400.0,2549,8203.994629
8600.0,2122,8217.080675
7900.0,2202,8230.675078
8700.0,2298,8244.811745
10600.0,2564,8260.472859
6600.0,1851,8271.881749
6000.0,1696,8282.194089
16000.0,2747,8298.924404
8500.0,2074,8311.594783
6600.0,1763,8322.381428
800.0,839,8327.525283
1100.0,1000,8333.633724
1200.0,935,8339.313225
1400.0,1107,8346.053615
3600.0,1082,8352.703106
10400.0,2282,8366.581116
5200.0,1317,8374.641298
9000.0,2025,8387.122354
3500.0,1128,8394.079063
7900.0,1815,8405.248067
5400.0,1517,8414.578703
11300.0,2327,8429.047321
7100.0,1681,8439.40902
9300.0,2184,8452.686584
14000.0,2807,8469.988032
6300.0,1705,8480.596165
6400.0,1701,8490.965853
11000.0,2143,8504.128019
12400.0,2497,8519.359972
10400.0,2254,8533.063682
3000.0,1737,8543.620599
5100.0,1725,8554.217075
5100.0,1625,8564.181501
8900.0,2273,8578.165462
5900.0,1728,8588.795594
4800.0,1414,8597.436707
3500.0,1411,8606.174491
7800.0,1864,8617.638452
8800.0,1921,8629.38335
8600.0,1905,8640.977859
8800.0,2176,8654.395801
3100.0,1299,8662.308523
8000.0,2158,8675.526659
6100.0,1874,8686.983616
8600.0,2072,8699.686352
7300.0,1855,8711.048322
3800.0,1265,8718.867712
8800.0,1970,8730.907722
14600.0,2537,8746.43742
10700.0,2315,8760.564989
8900.0,1957,8772.571577
7300.0,1905,8784.401111
6000.0,1500,8793.507631
9300.0,1920,8805.374781
9800.0,2557,8821.02989
4800.0,1415,8829.758518
7700.0,1949,8841.706861
4700.0,1489,8850.907177
9000.0,2052,8863.536466
6100.0,1398,8872.040378
5500.0,1493,8881.288568
8400.0,1902,8892.990654
4600.0,1221,8900.412489
12700.0,2580,8916.31149
10100.0,2037,8928.731381
7700.0,1725,8939.366325
7500.0,1576,8949.016271
6000.0,1362,8957.358176
9400.0,1771,8968.193912
6800.0,1819,8979.310584
7000.0,1653,8989.426503
5900.0,1807,9000.453103
8400.0,1874,9011.968707
9800.0,1970,9024.060347
7700.0,1693,9034.478645
9000.0,2060,9047.023627
6100.0,1976,9059.186019
7400.0,1860,9070.502449
4400.0,1469,9079.363535
8100.0,2032,9091.756396
5900.0,1493,9100.885617
6100.0,1604,9110.804351
7700.0,2095,9123.552023
8200.0,1706,9134.145468
15600.0,3057,9152.972311
9300.0,1806,9164.048311
8900.0,2010,9176.336419
10100.0,2197,9189.732421
12200.0,2565,9205.500571
17100.0,2847,9223.130485
16400.0,2779,9240.230361
16800.0,2960,9258.774827
5900.0,1358,9267.048758
9300.0,1735,9277.701057
17800.0,2656,9293.822855
20400.0,2605,9310.189752
14800.0,2269,9323.996044
10800.0,2112,9337.039484
7200.0,1527,9346.279177
9000.0,1842,9357.522154
10000.0,1836,9368.746811
13000.0,2198,9382.248088
6800.0,1544,9391.67201
16600.0,2998,9409.88625
11100.0,2507,9425.222739
7500.0,1730,9436.280491
12100.0,2095,9448.978262
5100.0,1591,9458.605276
6900.0,1882,9470.186166
4800.0,1338,9478.410041
10300.0,2345,9492.705531
9700.0,1900,9504.409719
4600.0,1476,9513.504915
4700.0,1507,9522.698054
6100.0,1352,9530.902199
12900.0,2721,9547.563423
6200.0,1667,9557.894978
12000.0,2239,9571.710033
10200.0,2126,9584.687625
11800.0,2343,9599.038308
15300.0,2708,9615.537709
4400.0,1548,9625.056584
6200.0,1544,9634.435838
11500.0,2221,9647.946286
2200.0,1038,9654.297006
2400.0,1217,9661.782512
8200.0,1837,9672.997219
4000.0,1365,9681.312167
9600.0,2061,9694.035846
5700.0,1651,9704.152823
10600.0,2527,9719.822267
4700.0,1719,9730.403735
5800.0,1692,9740.693609
4500.0,1632,9750.571002
8500.0,1842,9761.84679
16300.0,2938,9780.058663
5600.0,1697,9790.592679
6500.0,1685,9801.097657
7400.0,1816,9812.356348
9700.0,2072,9825.018379
13400.0,2526,9840.612916
16400.0,2562,9856.362798
14700.0,2795,9873.477544
16200.0,2829,9890.697916
11400.0,2371,9905.22895
19100.0,2906,9922.976472
6400.0,1578,9932.591681
8500.0,2025,9945.035078
7600.0,1684,9955.317522
10500.0,1861,9966.706022
17600.0,2286,9980.674484
14700.0,2177,9993.944228
11500.0,1716,10004.437061
2000.0,850,10009.666205
9700.0,1812,10020.703358
18500.0,2857,10038.16436
3200.0,1204,10045.51723
11900.0,2094,10058.465437
7300.0,1549,10067.953099
7000.0,1514,10077.214462
10600.0,2131,10090.133662
4700.0,1406,10098.768902
8800.0,1966,10110.732595
12300.0,2308,10124.884939
15000.0,2886,10142.699229
7400.0,1742,10153.449847
4400.0,1300,10161.427246
10200.0,2308,10175.539808
8800.0,2144,10188.511955
12200.0,2411,10203.163217
6100.0,1469,10212.153004
15700.0,2964,10230.387393
17700.0,2996,10248.705862
6700.0,1539,10258.168154
19400.0,3192,10277.721679
8900.0,1949,10289.721606
13300.0,2654,10306.065832
18500.0,3688,10328.59008
11100.0,2691,10345.037821
17800.0,3858,10368.702361
5400.0,1305,10376.766192
5500.0,1555,10386.273551
10400.0,2166,10399.570315
7600.0,2196,10413.121828
11300.0,2960,10431.434765
6500.0,2256,10445.324521
8600.0,2053,10457.848257
14100.0,3210,10477.891652
9900.0,2291,10491.786126
15300.0,3417,10512.693597
12400.0,2731,10529.299849
8000.0,1805,10540.838973
8900.0,1884,10552.232659
6400.0,1637,10562.285083
7900.0,1735,10572.822827
6200.0,1316,10580.787691
7500.0,1734,10591.426506
5300.0,1395,10599.865515
5700.0,1386,10608.251183
6400.0,1614,10618.107566
6700.0,1543,10627.515658
10600.0,1832,10638.828865
9600.0,1915,10650.555672
11100.0,2121,10663.629138
6700.0,1632,10673.78728
10000.0,1902,10685.275561
2000.0,1015,10691.446941
18000.0,2534,10706.968672
19900.0,2724,10723.661888
13400.0,2464,10738.679468
13200.0,2063,10751.452673
12200.0,2395,10766.099955
8200.0,1951,10777.940019
16300.0,3162,10797.392809
3900.0,1537,10806.913205
7700.0,2020,10819.491476
2900.0,1047,10825.948579
800.0,833,10831.150049
3200.0,1314,10839.089435
6100.0,1635,10849.131426
4400.0,1492,10858.233047
2800.0,1029,10864.556179
7700.0,1887,10876.200861
9100.0,2002,10888.408518
10100.0,1747,10899.128899
12000.0,2639,10915.387561
6800.0,1523,10924.821221
14800.0,2302,10938.844583
8300.0,1487,10947.931331
7900.0,1537,10957.454457
10500.0,2196,10970.859472
14700.0,2795,10987.75606
1600.0,911,10993.293227
4200.0,1476,11002.32944
5100.0,1391,11010.858757
20900.0,3608,11032.969669
7400.0,1697,11043.284844
20400.0,3505,11064.742906
9300.0,2095,11077.600579
9900.0,2420,11092.564615
7700.0,1486,11101.628405
13300.0,2269,11115.447526
13300.0,2459,11130.476121
12200.0,2378,11145.028938
10100.0,1952,11156.950881
12700.0,2414,11171.818485
14800.0,2783,11188.711635
10800.0,2063,11201.435438
9900.0,2473,11216.506222
9300.0,1898,11228.137696
8500.0,2277,11242.0537
8100.0,1906,11253.752154
1900.0,1079,11260.266259
7800.0,1869,11271.874898
9100.0,1732,11282.517344
5200.0,1423,11291.316962
10500.0,2199,11304.854861
9800.0,2237,11318.522705
6200.0,1409,11327.131501
5700.0,1549,11336.608447
6500.0,1825,11347.729626
10400.0,2371,11362.248418
5400.0,1332,11370.38724
11600.0,2397,11384.943574
4700.0,1438,11393.66785
9400.0,2379,11408.323154
4200.0,1304,11416.257256
5700.0,1633,11426.338882
8900.0,2015,11438.753834
9500.0,2251,11452.867669
4100.0,1377,11461.527734
6800.0,1685,11471.732285
9900.0,2441,11486.882564
10100.0,2291,11500.758815
8200.0,2268,11514.736516
12300.0,2250,11528.630825
9000.0,2258,11542.460093
11100.0,2161,11555.732433
8100.0,1957,11567.659081
17800.0,3105,11586.681278
10500.0,2384,11601.414252
3000.0,1302,11609.290868
10200.0,2642,11625.615909
9800.0,2076,11638.321728
7700.0,2036,11650.691197
4000.0,1499,11659.902655
5100.0,1423,11668.629351
4000.0,1576,11678.362139
5600.0,1885,11689.910141
8900.0,2281,11703.806349
6700.0,1568,11713.368894
11500.0,2549,11728.828317
8200.0,2061,11741.66084
11500.0,2566,11757.451455
14800.0,3033,11776.132044
5500.0,1804,11787.32243
8100.0,2498,11802.605626
5900.0,1604,11812.459679
4300.0,1476,11821.623444
3700.0,1531,11831.000087
3600.0,1423,11839.753005
9400.0,2265,11853.623371
9500.0,2526,11869.092658
7800.0,2040,11881.556776
11800.0,2220,11895.136933
10300.0,1986,11907.360422
13800.0,2660,11923.619838
7900.0,1966,11935.560492
6900.0,1866,11946.976997
3800.0,1389,11955.441462
7500.0,2085,11968.197441
10100.0,2634,11984.361551
6100.0,2017,11996.703136
11700.0,2782,12013.788039
7500.0,1949,12025.894827
11700.0,2590,12041.73148
8400.0,1981,12053.95717
7800.0,2038,12066.49104
4500.0,1644,12076.711434
7000.0,2003,12089.082426
4900.0,1610,12099.035971
9800.0,2658,12115.318549
11600.0,2076,12128.050377
2800.0,973,12133.991301
8100.0,1961,12146.005855
1200.0,812,12150.960001
2900.0,1222,12158.492569
6100.0,2094,12171.300351
15000.0,3228,12191.063951
13900.0,2624,12207.205939
5500.0,1482,12216.313199
13800.0,2469,12231.429479
12000.0,2142,12244.549358
9700.0,2077,12257.339047
16700.0,2452,12272.355277
16100.0,2566,12288.174371
12600.0,2018,12300.711045
15700.0,2563,12316.454627
15500.0,2741,12333.210626
12400.0,2093,12346.260989
12300.0,2467,12361.593911
6500.0,1534,12371.026984
5500.0,1541,12380.496532
14400.0,2413,12395.37812
4000.0,1248,12403.048427
6700.0,1801,12414.308997
5800.0,1285,12422.28882
9200.0,2029,12435.067531
10200.0,2014,12447.435484
12700.0,2337,12461.912464
8100.0,1788,12472.911847
4300.0,1511,12482.142838
4700.0,1621,12492.064102
6500.0,1481,12501.254982
5900.0,1224,12508.716471
3000.0,1102,12515.407155
3800.0,1268,12523.369224
8500.0,1908,12535.005417
15700.0,2523,12550.455156
6900.0,1730,12561.002152
14700.0,2563,12576.844981
7100.0,1941,12588.778979
6100.0,1730,12599.39089
14000.0,2672,12615.816942
14600.0,2563,12631.556162
16200.0,2341,12646.212088
12700.0,2287,12660.23508
10800.0,2070,12672.872241
12500.0,2588,12688.769903
9500.0,1731,12699.362045
16100.0,2672,12715.981804
14400.0,2602,12731.94799
7900.0,2510,12747.517716
12000.0,2412,12762.259256
14600.0,2903,12780.065991
15000.0,3319,12800.436832
10100.0,2201,12813.924635
9000.0,2418,12828.753152
14000.0,3093,12847.699359
12000.0,2794,12864.9909
10100.0,2581,12880.889282
8900.0,2134,12894.023513
10600.0,2600,12910.085992
10200.0,2346,12924.425844
11300.0,2436,12939.403167
9800.0,2294,12953.537443
4600.0,1560,12963.048865
5500.0,1569,12972.641841
6200.0,1854,12983.996143
11500.0,2096,12996.764816
11500.0,2451,13011.927038
8200.0,1830,13023.154379
13800.0,2193,13036.650197
14300.0,2518,13052.197297
17300.0,3022,13070.628548
20200.0,3112,13089.625428
7600.0,2216,13103.103581
14100.0,2926,13121.216848
9600.0,2389,13135.872918
11100.0,2583,13151.681322
9400.0,2233,13165.378466
9700.0,2123,13178.4849
10200.0,1956,13190.544235
9700.0,2292,13204.557935
14200.0,2504,13220.128958
12100.0,2509,13235.454433
6100.0,1765,13246.282843
8100.0,1973,13258.413806
12000.0,2568,13274.13318
10900.0,2447,13289.22676
12500.0,2817,13306.576431
10400.0,2235,13320.278159
5500.0,1615,13330.24667
10200.0,2594,13346.221903
8000.0,1903,13357.838183
7600.0,1897,13369.443541
6200.0,1653,13379.594858
4800.0,1671,13389.859304
4300.0,1098,13396.584955
7600.0,2125,13409.708922
11700.0,2591,13425.952338
13300.0,2979,13444.303944
10400.0,2268,13458.080175
5900.0,1819,13469.323852
5200.0,1398,13477.903852
2600.0,1148,13484.855307
7600.0,1837,13496.318764
10100.0,2487,13511.556896
8700.0,2143,13524.776352
1800.0,1124,13531.629149
3000.0,1109,13538.399775
3500.0,1472,13547.503668
11700.0,2560,13563.269777
4300.0,1423,13572.079911
7800.0,2102,13585.149659
3300.0,1194,13592.389147
6700.0,1742,13603.224585
5900.0,1601,13612.989328
7900.0,2018,13625.316186
7100.0,1740,13636.061368
7200.0,1637,13646.162991
5800.0,1460,13655.091652
8700.0,1870,13666.596905
4200.0,1685,13676.943686
9700.0,2019,13689.364022
9200.0,2057,13701.948402
12100.0,2312,13715.96685
12400.0,2132,13729.064008
11000.0,1832,13740.298673
11400.0,2217,13753.842324
1700.0,1036,13760.231137
7700.0,1771,13771.13413
9500.0,2075,13783.875693
8500.0,1861,13795.180382
4400.0,1440,13804.14488
8400.0,1509,13813.431862
14700.0,2394,13828.110306
11900.0,2390,13842.829049
300.0,647,13846.778783
12000.0,2313,13860.94729
7000.0,1604,13870.87095
6400.0,1701,13881.41227
16700.0,3311,13901.767099
11000.0,1946,13913.727724
17900.0,3256,13933.947954
14300.0,2242,13947.739536
15800.0,2943,13965.890892
6000.0,1876,13977.387216
13800.0,2724,13994.354872
12500.0,2602,14010.382492
10300.0,2152,14023.543024
9800.0,1745,14034.28401
9800.0,2146,14047.500355
12600.0,2324,14061.893386
7200.0,1711,14072.356098
6900.0,1528,14081.762078
9000.0,1844,14093.242481
11300.0,2470,14108.440293
10600.0,2235,14122.237493
8500.0,2029,14134.795382
8000.0,1957,14146.890289
12800.0,2254,14160.801827
15100.0,2665,14177.118187
15600.0,2584,14192.929692
11400.0,2545,14208.459974
1800.0,1280,14216.289832
7100.0,2147,14229.361273
9100.0,2159,14242.602268
12300.0,2466,14257.6864
7500.0,1976,14269.772481
9100.0,2554,14285.426372
16000.0,3541,14307.042407
11000.0,2509,14322.42946
4900.0,1514,14331.845261
9800.0,2236,14345.663242
11600.0,2653,14362.154755
4800.0,1470,14371.258768
2900.0,1297,14379.148271
6400.0,1821,14390.250294
15600.0,3054,14408.966178
7200.0,1755,14419.680273
4400.0,1155,14426.791291
6300.0,1875,14438.436715
10900.0,2521,14453.957803
8000.0,2156,14467.235963
800.0,896,14472.745826
12200.0,2644,14488.852521
7300.0,2073,14501.564693
7800.0,1911,14513.352662
6900.0,2001,14525.742936
14200.0,2869,14543.491236
8900.0,2489,14558.880742
13300.0,3156,14578.244592
15700.0,3041,14596.832498
13700.0,2829,14614.245849
11100.0,2742,14631.031009
2300.0,1392,14639.57753
3100.0,1491,14648.80703
3700.0,1470,14657.822123
5800.0,1714,14668.534127
9100.0,2047,14681.1356
5100.0,1686,14691.498319
4600.0,1481,14700.570442
6000.0,1636,14710.748403
11500.0,2720,14727.601241
8900.0,2273,14741.584268
7000.0,1887,14753.076336
13300.0,3317,14773.649538
12200.0,2634,14789.670945
4200.0,1527,14798.960504
4800.0,1628,14808.931585
7300.0,2169,14822.168998
7800.0,2098,14835.062841
8300.0,2144,14848.514778
13700.0,3078,14867.491991
15000.0,3613,14889.602363
4700.0,1630,14899.487056
13900.0,2629,14915.713033
7400.0,1726,14926.387242
8100.0,1825,14937.564544
2500.0,1267,14945.384574
2300.0,1188,14952.680964
4600.0,1334,14960.783014
6400.0,1644,14971.177563
6600.0,1641,14981.231173
8400.0,2126,14994.40725
7900.0,1708,15004.862286
5200.0,1790,15015.963993
8600.0,2104,15028.836038
9700.0,2462,15043.828261
9200.0,2303,15057.914975
17100.0,3082,15076.787976
5800.0,1884,15088.256849
2300.0,1282,15096.169169
2400.0,1132,15103.059449
10700.0,2338,15117.297196
3100.0,1044,15123.636916
16800.0,2560,15139.276677
11000.0,2205,15152.682406
15800.0,2453,15167.69678
19000.0,2802,15185.073916
16100.0,2466,15200.284581
14800.0,2640,15216.50843
15500.0,2773,15233.600043
6500.0,1294,15241.428918
5500.0,1479,15250.427414
5700.0,1731,15260.993871
7200.0,1632,15270.915907
5400.0,1419,15279.650581
4400.0,1251,15287.295279
7400.0,1768,15298.095967
12800.0,2509,15313.587653
13900.0,2230,15327.221352
11400.0,1962,15339.29583
26000.0,3699,15361.824069
14900.0,2260,15375.700605
9000.0,2058,15388.329848
17900.0,3070,15407.374471
17500.0,2457,15422.470546
12300.0,2129,15435.58603
6000.0,1200,15442.899059
12700.0,2127,15455.870136
4400.0,1069,15462.379768
8700.0,1813,15473.526741
3300.0,941,15479.289693
1500.0,884,15484.90613
800.0,835,15489.957239
2100.0,1018,15496.239932
14200.0,2174,15509.51371
15300.0,2334,15523.805592
20800.0,2522,15539.361818
17700.0,2528,15554.893448
27800.0,3220,15574.51284
24300.0,3020,15593.031826
26400.0,3283,15613.165504
7700.0,1605,15623.04266
2300.0,863,15628.350024
4000.0,1339,15636.542295
7600.0,1397,15645.091401
9300.0,1837,15656.424133
1600.0,878,15661.782995
16300.0,2328,15676.060771
15200.0,2152,15689.300156
8800.0,1767,15700.07997
4300.0,1288,15708.0634
9800.0,1545,15717.492748
10600.0,1765,15728.421379
12500.0,1886,15739.946266
23600.0,2798,15757.084154
22200.0,2800,15774.36373
28100.0,3758,15797.449557
14800.0,2437,15812.426797
8300.0,1666,15822.657701
7900.0,1675,15832.922783
13500.0,2133,15845.869162
19600.0,2709,15862.539763
14500.0,2269,15876.455645
8700.0,1687,15887.030264
12300.0,2285,15900.985679
10200.0,2492,15916.771927
11300.0,2196,15930.142816
8400.0,1800,15941.219869
14200.0,2074,15954.168495
10500.0,2280,15968.115269
6100.0,1797,15979.093599
11900.0,2575,15994.834517
10900.0,2491,16009.977294
6900.0,1863,16021.497269
10300.0,1939,16033.584017
11000.0,2456,16048.648288
12900.0,2518,16064.08711
23400.0,3084,16082.94757
23900.0,3326,16103.326335
13200.0,2143,16116.387819
14000.0,2436,16131.469898
24800.0,3632,16153.793302
13200.0,2196,16167.26566
300.0,765,16171.99482
10600.0,2087,16184.698546
6200.0,1681,16195.024045
15800.0,3205,16214.601288
11500.0,2762,16231.556377
14000.0,2816,16248.940162
6400.0,1548,16258.572559
16400.0,2871,16276.120859
8900.0,1692,16286.403534
13300.0,2201,16299.923793
9300.0,1845,16311.250421
14200.0,2849,16328.66987
19000.0,2774,16345.700522
8200.0,1971,16357.741435
15700.0,2904,16375.405867
14600.0,2849,16392.697977
11300.0,2274,16406.680647
7700.0,1711,16417.134576
900.0,1030,16423.4935
11800.0,2201,16436.929111
8900.0,2021,16449.278668
13500.0,2670,16465.578225
20700.0,3668,16487.928777
6800.0,1750,16498.659588
8500.0,2127,16511.761061
7800.0,1907,16523.310582
6000.0,1626,16533.359109
12000.0,2458,16548.53976
7300.0,1853,16559.917023
12600.0,2580,16575.87283
17800.0,3072,16594.913753
7000.0,1696,16605.190467
9000.0,2172,16618.468868
13400.0,2508,16633.835694
10100.0,2216,16647.439975
4700.0,1117,16654.31497
6400.0,1490,16663.369008
6500.0,1637,16673.512966
10400.0,2348,16687.80297
7400.0,1821,16698.869702
10500.0,2454,16713.777237
20700.0,3306,16734.1768
12400.0,2205,16747.698087
13900.0,2451,16762.520789
11600.0,2132,16775.718005
12000.0,2169,16789.122483
9700.0,1824,16800.283809
7700.0,1786,16811.164126
10000.0,1784,16822.11666
15400.0,2652,16838.418519
10600.0,2057,16850.929389
8900.0,1838,16862.190208
14700.0,2853,16879.587386
15000.0,3133,16898.825327
10400.0,2512,16914.20229
8900.0,2459,16929.374986
10200.0,2771,16946.382158
10900.0,2873,16964.021292
11600.0,2718,16980.677207
8800.0,2507,16996.070848
11600.0,2565,17011.942288
7900.0,1836,17023.370809
19900.0,4242,17049.452478
4600.0,1417,17058.519919
8300.0,1972,17070.63807
6700.0,1856,17082.083318
8700.0,2169,17095.305212
15700.0,2956,17113.269153
12000.0,2662,17129.575384
15500.0,2784,17146.618775
20400.0,3434,17167.7001
10500.0,2343,17182.043971
14100.0,2585,17198.01112
15800.0,2954,17216.109162
23100.0,4029,17241.042571
8600.0,2340,17255.728081
9000.0,2017,17268.11504
6300.0,1709,17278.458614
5300.0,1386,17287.071154
10400.0,2797,17304.24167
8900.0,2035,17316.630743
7600.0,2212,17330.183071
16000.0,3164,17349.703131
4500.0,1649,17359.814071
12300.0,2497,17375.151477
6300.0,1673,17385.499856
9000.0,1858,17396.983211
18000.0,3206,17416.615673
4500.0,1492,17425.768766
13300.0,2993,17444.329184
9300.0,2301,17458.402353
16200.0,2737,17475.3385
11000.0,2278,17489.133442
11500.0,2080,17501.863566
15200.0,2666,17518.083557
24000.0,3618,17540.634136
10700.0,1985,17552.739887
17500.0,3212,17572.2947
18900.0,3544,17594.090753
12800.0,2742,17610.798676
5100.0,1524,17620.055062
4300.0,1253,17627.758346
8600.0,2168,17641.065691
5300.0,1579,17650.915618
10500.0,2454,17665.918445
13400.0,2778,17683.142588
11400.0,2759,17700.016333
8100.0,2133,17713.127492
11900.0,2666,17729.514896
13800.0,2467,17744.647112
13500.0,2525,17760.118865
7000.0,1475,17769.206471
13800.0,2209,17782.878892
11000.0,2375,17797.527806
11600.0,2349,17811.972591
14900.0,2558,17827.447276
16300.0,2713,17844.188294
3900.0,1483,17853.382468
7800.0,1639,17863.375098
11600.0,2572,17879.029698
13100.0,2471,17894.316078
10200.0,2537,17909.756551
17400.0,3432,17931.070647
11700.0,2281,17945.018695
17000.0,3781,17968.14825
14500.0,2566,17983.938242
8600.0,2458,17999.254765
14400.0,2746,18015.94944
12000.0,2441,18030.883818
12400.0,2799,18047.946573
19900.0,3596,18069.750705
11300.0,2632,18085.772383
5400.0,1826,18096.910502
5600.0,1723,18107.525913
2000.0,1067,18114.08117
8700.0,2153,18127.404754
16700.0,3346,18147.77958
9300.0,2230,18161.281969
6100.0,1763,18172.106431
14700.0,3151,18191.555198
11000.0,2135,18204.650553
13400.0,2921,18222.507128
14100.0,2786,18239.625513
6000.0,1657,18249.785365
2500.0,1069,18256.294862
4700.0,1360,18264.57555
10200.0,2063,18277.231833
10800.0,2206,18290.684717
10600.0,2344,18305.13431
5700.0,1678,18315.41186
7000.0,1868,18326.780654
13200.0,2185,18340.175642
14900.0,2546,18355.737014
10300.0,2060,18368.275147
14000.0,2864,18385.743107
11600.0,2516,18401.070752
