#{"env_id": "AssaultNoFrameskip-v4", "t_start": 1538101424.2848577}
r,l,t
210.0,544,3.469073
378.0,648,5.003982
315.0,609,6.452272
210.0,558,7.776112
189.0,475,8.906217
189.0,381,9.813667
231.0,660,11.395574
273.0,653,13.002635
294.0,485,14.153147
189.0,625,15.630443
210.0,574,16.993443
210.0,550,18.293094
126.0,448,19.358363
315.0,539,20.63939
231.0,659,22.214261
273.0,575,23.571961
189.0,546,24.866045
231.0,416,26.110332
252.0,645,30.043355
294.0,714,35.405457
378.0,725,40.87912
210.0,526,44.770994
231.0,715,50.19091
189.0,639,54.996052
168.0,489,58.670825
231.0,577,62.994285
315.0,667,68.046761
126.0,349,70.591972
189.0,588,75.01388
336.0,735,80.526985
126.0,449,83.879144
126.0,458,87.322584
168.0,422,90.424886
378.0,755,96.107437
252.0,665,101.109036
336.0,607,106.052333
378.0,671,111.050376
273.0,457,114.440594
252.0,629,119.214434
378.0,715,124.920636
252.0,576,129.247083
189.0,443,132.588805
210.0,782,138.440976
273.0,562,142.703152
315.0,695,148.047799
252.0,531,151.992543
315.0,640,156.824678
231.0,474,160.281183
189.0,570,164.488204
168.0,381,167.345317
168.0,586,171.788398
336.0,513,175.707869
105.0,446,179.031695
336.0,607,183.964046
315.0,672,188.955661
252.0,583,193.311781
168.0,330,195.749082
189.0,480,199.342097
252.0,606,203.87077
273.0,525,207.797482
189.0,580,212.148953
252.0,665,217.192658
252.0,547,221.279471
252.0,510,225.186736
189.0,601,229.692191
189.0,493,233.386905
294.0,651,238.276047
168.0,418,241.409
399.0,730,246.901986
357.0,538,251.02195
189.0,577,255.368079
231.0,560,259.565813
189.0,636,264.238216
252.0,515,268.037471
210.0,473,271.545532
357.0,545,275.588366
231.0,660,280.548788
357.0,663,285.630411
252.0,609,290.417439
231.0,660,295.325979
210.0,478,298.899017
378.0,581,303.299404
189.0,566,307.567854
189.0,492,311.295805
84.0,481,314.844146
294.0,674,319.76531
294.0,675,324.696162
378.0,708,330.060262
189.0,573,334.325602
189.0,349,336.876922
336.0,707,342.156333
189.0,599,346.631508
210.0,447,349.890658
210.0,521,353.667998
189.0,663,358.575988
399.0,690,363.674389
315.0,481,367.210538
231.0,493,370.882377
105.0,428,374.050134
147.0,579,378.350855
399.0,742,383.839093
252.0,444,387.073984
210.0,639,391.798552
315.0,626,396.464631
189.0,486,400.03264
210.0,523,403.884696
399.0,724,409.240856
315.0,537,413.214203
189.0,444,416.520403
399.0,610,421.017118
105.0,295,423.208072
294.0,612,427.775688
210.0,574,432.010374
231.0,627,436.660497
336.0,541,440.675932
252.0,508,444.434352
210.0,677,449.457158
315.0,707,454.792862
231.0,620,459.393803
336.0,699,464.461911
231.0,546,468.566069
357.0,542,472.679389
336.0,708,477.759257
168.0,635,481.952573
252.0,517,485.346083
252.0,637,489.555995
189.0,381,491.801813
189.0,495,494.865503
210.0,507,497.841594
273.0,661,501.789286
126.0,243,503.261849
252.0,551,506.670073
357.0,725,511.045539
210.0,539,514.33743
399.0,737,518.877195
399.0,620,522.647246
210.0,702,526.98188
273.0,628,530.831597
273.0,695,535.077591
189.0,515,538.261855
378.0,592,541.930012
378.0,673,546.003381
231.0,705,550.405735
315.0,540,554.484415
252.0,542,558.485329
357.0,641,563.285991
336.0,524,567.130836
168.0,418,570.200407
126.0,417,573.267829
252.0,483,576.892782
252.0,545,581.004125
189.0,475,584.584982
420.0,837,590.928711
294.0,492,594.607012
357.0,668,599.620285
189.0,403,602.64289
252.0,673,607.784868
462.0,660,613.009973
189.0,663,618.188519
315.0,722,624.614363
315.0,606,629.465864
210.0,513,633.292399
189.0,554,637.498973
210.0,452,640.886478
525.0,740,646.477365
231.0,526,650.397996
168.0,406,653.40273
273.0,699,658.667896
189.0,380,661.501736
336.0,602,666.017981
294.0,602,670.484363
336.0,523,674.376903
357.0,694,679.519647
210.0,614,684.110192
399.0,715,689.560447
357.0,704,694.986688
189.0,495,698.716422
357.0,578,702.97002
126.0,385,705.782482
189.0,490,709.399421
441.0,637,714.1164
273.0,735,719.550989
357.0,504,723.331697
273.0,679,728.410034
231.0,538,732.397917
294.0,721,737.829728
399.0,636,742.503012
252.0,475,746.027957
147.0,361,748.699803
189.0,718,754.047207
231.0,501,757.864409
168.0,483,761.483782
315.0,731,766.947304
294.0,712,772.236304
63.0,256,774.100933
168.0,494,777.799272
231.0,412,780.827705
231.0,680,785.814617
168.0,479,789.363254
357.0,650,794.233674
189.0,564,798.454582
273.0,572,802.684306
147.0,413,805.744465
231.0,575,810.068695
210.0,546,813.972544
210.0,637,818.717419
189.0,607,823.209802
231.0,593,827.620626
231.0,654,832.439154
399.0,649,837.262772
294.0,662,842.182724
252.0,588,846.494187
273.0,555,850.619246
378.0,722,856.062681
252.0,620,860.620412
252.0,516,864.399788
378.0,653,869.292533
210.0,499,873.014371
105.0,311,875.311824
168.0,448,878.646524
273.0,740,884.136359
315.0,678,889.163878
294.0,642,893.953151
336.0,615,898.486232
189.0,379,901.233867
399.0,638,905.934998
357.0,541,909.949125
168.0,320,912.264807
231.0,559,916.41876
462.0,847,922.774204
189.0,519,926.586417
357.0,800,932.401159
210.0,802,938.287358
294.0,602,942.668829
105.0,189,943.995751
210.0,548,947.940409
336.0,703,952.103691
294.0,654,955.958834
231.0,844,960.929178
315.0,563,964.250979
231.0,530,967.370513
231.0,373,969.548343
189.0,534,972.723796
189.0,565,976.037871
273.0,529,979.152866
273.0,603,982.702941
189.0,687,986.752391
210.0,502,989.758463
189.0,613,993.347084
189.0,426,995.842511
420.0,724,1000.185704
336.0,701,1004.329678
231.0,644,1008.132557
315.0,642,1011.911616
168.0,413,1014.30961
357.0,620,1018.802432
378.0,640,1023.283259
168.0,551,1027.164448
273.0,675,1032.385076
210.0,598,1036.906957
336.0,731,1042.422916
315.0,778,1048.152299
357.0,774,1053.314054
399.0,734,1057.838751
399.0,732,1062.228648
336.0,718,1066.604902
231.0,446,1069.35462
252.0,641,1073.195419
168.0,289,1074.85793
168.0,253,1076.335724
189.0,497,1079.224687
378.0,572,1082.610691
168.0,389,1084.87211
378.0,677,1088.895884
273.0,839,1093.906938
420.0,825,1099.309514
273.0,732,1103.812152
420.0,721,1108.171418
189.0,511,1111.337934
210.0,647,1115.188656
294.0,539,1118.375387
273.0,694,1122.472037
168.0,441,1125.057941
210.0,621,1128.744958
231.0,584,1132.182048
378.0,723,1136.452243
420.0,701,1140.58797
210.0,344,1142.610319
336.0,544,1145.807535
231.0,732,1150.150938
420.0,908,1155.573541
294.0,576,1158.986718
273.0,594,1162.564672
252.0,478,1165.532212
273.0,701,1169.865057
273.0,805,1174.724515
378.0,864,1179.838954
336.0,656,1183.716862
315.0,732,1188.040556
462.0,928,1193.73709
189.0,557,1197.473733
336.0,814,1202.520206
399.0,831,1207.722534
336.0,638,1211.873846
357.0,765,1216.632469
273.0,781,1221.297705
273.0,797,1226.088438
315.0,733,1230.501366
357.0,689,1234.610703
210.0,688,1238.694473
189.0,535,1241.972699
231.0,673,1246.2461
315.0,635,1250.013925
315.0,639,1253.828142
315.0,806,1258.623124
315.0,761,1263.159223
294.0,517,1266.207417
147.0,477,1269.041414
504.0,890,1274.742536
168.0,417,1277.22485
168.0,474,1280.03902
210.0,581,1283.502539
273.0,737,1287.916389
189.0,707,1292.136818
189.0,475,1294.977272
252.0,709,1299.22304
189.0,662,1303.179427
273.0,750,1307.69864
336.0,637,1311.500722
483.0,819,1316.397011
168.0,498,1319.365687
189.0,392,1321.702718
189.0,627,1325.474285
273.0,626,1329.267492
420.0,707,1333.515783
420.0,819,1338.431002
462.0,746,1343.058698
294.0,747,1347.605688
252.0,703,1352.029245
420.0,659,1357.076313
399.0,561,1361.300435
357.0,606,1365.743818
252.0,578,1369.635828
378.0,783,1374.796169
189.0,720,1379.355754
210.0,560,1383.639988
294.0,769,1389.453058
504.0,1072,1397.580393
294.0,707,1402.86584
378.0,751,1408.576714
252.0,835,1415.092369
210.0,465,1418.775064
399.0,809,1423.759951
504.0,938,1429.381828
315.0,544,1432.768346
273.0,671,1438.555175
231.0,673,1443.874611
273.0,544,1448.019015
378.0,726,1453.655469
252.0,481,1457.360997
315.0,614,1462.043013
588.0,1306,1472.213141
399.0,661,1477.340076
336.0,671,1482.558111
294.0,893,1489.519884
294.0,866,1496.161258
189.0,506,1500.073959
147.0,532,1504.100468
189.0,705,1509.526483
315.0,695,1514.918447
378.0,845,1521.415601
399.0,859,1527.968697
441.0,858,1534.617629
441.0,656,1539.666514
378.0,979,1547.473803
168.0,421,1550.741288
294.0,575,1555.197303
252.0,640,1560.086082
399.0,1052,1567.752433
189.0,543,1572.17425
168.0,596,1576.714329
294.0,769,1582.700562
252.0,839,1589.212569
441.0,855,1595.752297
315.0,788,1601.748047
210.0,539,1605.8416
336.0,751,1611.577426
294.0,733,1617.191027
399.0,909,1624.131499
441.0,934,1631.272661
294.0,763,1637.120476
189.0,661,1642.103091
525.0,1067,1650.221848
378.0,626,1654.926096
336.0,781,1660.833857
357.0,800,1666.951187
462.0,798,1672.96756
210.0,382,1675.83485
420.0,803,1681.938624
168.0,347,1684.550508
399.0,926,1691.605973
315.0,669,1696.789773
420.0,862,1703.341126
546.0,986,1710.875933
399.0,790,1716.897483
462.0,1134,1725.47473
399.0,1018,1733.341381
546.0,1069,1741.659517
420.0,726,1747.150448
315.0,779,1753.031183
294.0,671,1758.540081
399.0,731,1764.110793
378.0,730,1769.954992
462.0,1013,1777.854351
315.0,804,1784.018428
231.0,403,1787.089846
483.0,901,1794.024296
336.0,828,1800.450871
357.0,763,1806.370686
210.0,611,1811.053679
252.0,444,1814.487077
189.0,521,1818.498216
420.0,963,1825.940084
378.0,886,1832.823115
420.0,881,1839.710988
483.0,1075,1848.101043
483.0,895,1854.98265
231.0,507,1858.847237
189.0,476,1862.461008
462.0,819,1868.809747
483.0,671,1873.972193
525.0,987,1881.639645
189.0,545,1885.86779
483.0,1215,1895.3257
210.0,478,1898.937087
609.0,1316,1909.132405
189.0,608,1913.820674
252.0,733,1919.483066
504.0,1100,1928.004791
399.0,866,1934.736742
399.0,1669,1947.74485
420.0,908,1954.773111
252.0,576,1959.339281
378.0,858,1965.90487
744.0,1341,1976.319799
294.0,764,1982.228211
420.0,817,1988.543276
504.0,1244,1998.958619
399.0,1317,2009.133662
462.0,1422,2020.151595
681.0,2149,2036.839256
630.0,1699,2050.06125
483.0,1311,2060.323416
441.0,800,2066.534789
294.0,609,2071.950494
567.0,1345,2082.301733
315.0,732,2087.938044
682.0,1631,2100.574613
672.0,1558,2112.681371
378.0,1279,2122.590287
378.0,905,2129.583541
546.0,1470,2140.941309
714.0,1510,2153.247226
693.0,1525,2165.059553
378.0,765,2170.989669
713.0,1780,2184.832655
693.0,1924,2199.778997
693.0,1506,2211.547316
849.0,1555,2223.956452
672.0,1188,2233.837206
630.0,1427,2244.941302
693.0,1227,2254.473697
672.0,1738,2267.963154
378.0,699,2273.420745
713.0,1444,2284.592162
713.0,1066,2292.916979
672.0,1443,2304.077796
693.0,1468,2316.147327
546.0,1276,2326.056505
798.0,1626,2338.630856
703.0,1224,2348.208423
755.0,1579,2360.430138
703.0,1255,2370.100607
661.0,1308,2380.248274
745.0,1250,2390.520246
745.0,1140,2399.377304
661.0,1545,2411.348676
807.0,1252,2421.11502
745.0,1257,2430.798594
713.0,1539,2442.711959
734.0,1167,2451.647182
672.0,1438,2460.264183
786.0,1069,2468.584174
525.0,1012,2474.598698
776.0,1672,2484.566222
839.0,1257,2492.029323
671.0,1803,2502.779667
630.0,1344,2510.800295
724.0,1279,2518.421359
776.0,1032,2525.103456
734.0,1319,2532.998872
640.0,1406,2541.353427
785.0,1417,2549.8301
848.0,1245,2557.231994
713.0,1319,2565.109963
661.0,1449,2573.807351
588.0,1181,2580.820444
805.0,1523,2590.758797
724.0,1130,2597.4878
504.0,1096,2604.003686
661.0,1422,2612.506853
588.0,1483,2621.35326
651.0,972,2627.221723
671.0,1319,2635.133565
734.0,1382,2643.403232
609.0,1086,2649.895457
754.0,1313,2657.87772
848.0,1378,2666.091632
775.0,1280,2673.776312
682.0,1736,2684.164448
1298.0,2676,2700.193628
713.0,1287,2708.366207
609.0,1173,2716.113094
609.0,893,2723.443822
546.0,1052,2731.562463
315.0,668,2736.697665
546.0,798,2742.889118
651.0,1528,2754.632359
681.0,1812,2768.552124
859.0,1416,2779.488172
661.0,1397,2790.245202
609.0,1187,2799.304791
483.0,835,2805.652746
703.0,1341,2815.867518
703.0,1266,2825.535782
798.0,1376,2834.462162
816.0,1539,2843.689008
588.0,813,2849.746652
630.0,958,2857.13961
420.0,658,2862.191133
681.0,1052,2870.241857
661.0,1096,2878.587645
819.0,1187,2887.657468
399.0,670,2892.824291
682.0,1218,2902.149082
787.0,1380,2912.879921
787.0,1394,2923.80088
671.0,1217,2933.240942
806.0,1582,2945.535931
567.0,1021,2953.391098
713.0,1861,2967.845695
703.0,1076,2976.18793
462.0,1099,2984.672126
651.0,1120,2993.292613
755.0,1194,3002.503686
838.0,1291,3012.44092
567.0,953,3019.89993
703.0,1276,3027.873639
546.0,1022,3034.556032
651.0,1095,3044.454128
724.0,1296,3055.208137
714.0,1602,3066.859699
682.0,1325,3074.79552
798.0,1248,3082.270684
609.0,1086,3088.705442
399.0,587,3092.176292
441.0,1089,3098.667287
640.0,1313,3107.327051
714.0,1132,3116.074993
734.0,939,3123.305187
630.0,1249,3133.072175
462.0,1057,3141.320716
724.0,1062,3149.524665
609.0,1047,3157.603223
651.0,1024,3165.567435
336.0,599,3170.165827
588.0,845,3176.724371
848.0,1189,3185.95355
672.0,920,3193.033866
693.0,1022,3200.931548
744.0,1162,3209.922911
693.0,1255,3219.623618
661.0,1238,3229.274439
826.0,1389,3240.107601
693.0,1295,3250.125651
588.0,1300,3260.311805
682.0,1246,3269.993074
692.0,1057,3278.108044
682.0,1187,3287.333485
504.0,1248,3297.02301
441.0,734,3302.703098
776.0,1187,3311.909259
703.0,1576,3324.183906
744.0,1707,3337.457085
588.0,963,3344.958635
682.0,1127,3353.530088
609.0,1037,3360.894149
546.0,1123,3368.378989
546.0,969,3374.552089
909.0,1380,3383.21102
869.0,1163,3390.952819
483.0,835,3396.087095
567.0,996,3402.770521
399.0,706,3407.174638
525.0,905,3413.315773
336.0,543,3416.775984
357.0,588,3420.463675
546.0,779,3425.120085
420.0,725,3429.666888
630.0,832,3434.683197
651.0,1073,3441.307354
723.0,976,3447.471018
546.0,899,3453.420041
693.0,1064,3460.631123
775.0,1204,3468.279771
797.0,1188,3475.398103
693.0,1270,3483.473693
567.0,1057,3490.034079
399.0,923,3496.668448
651.0,1161,3505.532394
714.0,989,3512.729172
661.0,997,3520.145288
975.0,1561,3531.564974
724.0,946,3538.303538
483.0,671,3543.081424
588.0,924,3549.715312
609.0,1061,3557.329375
849.0,1512,3568.26437
567.0,770,3573.729195
651.0,1024,3581.065865
630.0,1396,3591.439315
420.0,736,3596.402162
462.0,1023,3602.706091
651.0,834,3608.957836
724.0,1191,3616.431581
787.0,1089,3623.089467
693.0,1057,3629.450989
546.0,797,3634.260044
483.0,648,3638.181177
399.0,539,3641.494481
525.0,771,3646.334215
462.0,732,3650.710991
504.0,669,3654.700293
441.0,874,3659.981495
588.0,962,3665.763124
609.0,828,3670.719757
504.0,1253,3678.274929
525.0,764,3682.921536
483.0,945,3688.60545
609.0,1086,3695.135944
588.0,950,3700.849447
609.0,965,3706.637193
765.0,1320,3714.606526
399.0,730,3719.100686
703.0,1287,3727.067615
609.0,894,3732.544205
640.0,1580,3742.053568
672.0,1283,3749.815787
630.0,1029,3756.002472
483.0,930,3761.599348
651.0,1185,3768.725658
672.0,1252,3776.309175
786.0,1501,3785.445342
483.0,1118,3792.296111
776.0,1220,3799.713669
294.0,701,3803.950459
420.0,925,3810.181878
462.0,686,3814.811025
420.0,646,3818.703435
672.0,1469,3828.481865
755.0,1045,3835.234397
630.0,1060,3842.054161
525.0,932,3848.050977
713.0,1036,3854.93783
546.0,876,3861.067279
776.0,1151,3868.481477
462.0,716,3873.02951
546.0,931,3878.991725
609.0,979,3885.257012
420.0,1025,3891.786933
703.0,1160,3899.204706
640.0,1151,3906.598058
661.0,1021,3913.170226
682.0,1175,3920.712801
640.0,1539,3930.652314
693.0,1419,3939.754338
462.0,796,3944.831086
525.0,1180,3952.400464
630.0,1157,3959.795963
483.0,734,3964.47174
703.0,1316,3972.996895
420.0,735,3977.71842
588.0,1054,3984.441812
703.0,1120,3991.589561
567.0,1056,3998.354153
588.0,834,4003.665789
651.0,996,4010.266037
651.0,1060,4017.053008
441.0,685,4021.58725
682.0,1281,4029.790603
797.0,1280,4038.027699
785.0,1333,4046.575747
880.0,1376,4055.401037
525.0,898,4061.125987
588.0,898,4066.878318
922.0,1504,4076.59924
671.0,1280,4084.816879
713.0,1226,4092.743003
735.0,1128,4099.97948
504.0,927,4106.061142
703.0,1258,4114.128071
745.0,975,4120.136875
661.0,1194,4127.289165
703.0,1285,4134.864667
745.0,1130,4141.539268
567.0,895,4146.811858
754.0,1188,4153.818145
745.0,839,4158.807151
588.0,975,4164.733802
609.0,894,4170.107686
682.0,1091,4176.559482
462.0,769,4181.130935
931.0,1565,4190.448899
785.0,1314,4198.217739
682.0,960,4203.885086
567.0,801,4208.632579
743.0,1357,4216.713206
525.0,671,4220.651805
889.0,1253,4228.055729
441.0,881,4233.278495
682.0,1130,4240.080972
567.0,962,4245.833327
630.0,1035,4251.935213
682.0,1485,4260.749303
504.0,896,4266.022122
682.0,1141,4272.910186
420.0,755,4277.413172
651.0,996,4283.427246
336.0,516,4286.442825
399.0,700,4290.570791
546.0,909,4295.926415
609.0,1052,4302.212504
609.0,893,4307.48004
567.0,950,4313.152124
609.0,912,4318.671606
357.0,609,4322.347887
567.0,1148,4329.136011
986.0,1745,4339.500364
651.0,1062,4345.776468
734.0,1123,4352.393475
567.0,1061,4358.737865
670.0,1197,4365.84742
399.0,734,4370.236001
588.0,1148,4377.009609
546.0,929,4382.577778
797.0,1151,4389.370798
546.0,607,4392.951112
588.0,1122,4399.572732
609.0,972,4405.295278
525.0,828,4410.174428
189.0,413,4412.604441
567.0,929,4418.255148
888.0,1378,4426.398077
147.0,251,4427.860005
420.0,702,4431.991151
588.0,1177,4438.956665
504.0,1059,4445.252588
671.0,1055,4451.531163
336.0,580,4455.025006
462.0,1021,4461.071428
588.0,967,4466.804227
483.0,844,4471.852635
441.0,882,4477.093669
252.0,638,4480.869589
703.0,1393,4489.197553
849.0,1566,4498.504068
661.0,1127,4505.138033
357.0,605,4508.702906
483.0,789,4513.405322
336.0,865,4518.522245
651.0,1185,4525.528153
609.0,832,4530.448874
859.0,1310,4538.228088
525.0,909,4543.635103
546.0,707,4547.915523
672.0,1219,4555.239838
546.0,668,4559.143693
483.0,923,4564.677035
735.0,1356,4572.734766
609.0,1070,4579.063707
567.0,947,4584.673144
504.0,846,4589.68993
357.0,667,4593.745043
692.0,1069,4600.078589
588.0,1078,4606.533183
462.0,896,4611.816181
399.0,626,4615.487879
766.0,1142,4622.321075
441.0,765,4626.802694
651.0,1018,4632.820034
693.0,1092,4639.302887
682.0,947,4644.918772
703.0,1221,4652.129072
682.0,915,4657.524684
818.0,972,4663.304933
672.0,909,4668.694162
567.0,1016,4674.685214
693.0,996,4680.575374
879.0,1419,4689.040889
630.0,1142,4695.831921
609.0,953,4701.554861
661.0,1069,4707.875029
713.0,1111,4714.522332
651.0,1022,4720.628061
504.0,661,4724.524905
546.0,843,4729.6057
441.0,702,4733.763939
703.0,1006,4739.780335
378.0,639,4743.60657
630.0,1150,4750.520754
776.0,1259,4757.969798
682.0,1131,4764.744647
546.0,960,4770.461059
703.0,1124,4777.118248
672.0,896,4782.40923
651.0,973,4788.212978
588.0,1058,4794.461298
734.0,1282,4802.076131
858.0,1095,4808.585796
672.0,890,4813.852924
630.0,1216,4821.027376
703.0,868,4826.152764
693.0,1054,4832.457129
745.0,941,4838.04493
745.0,1168,4844.97174
837.0,1298,4852.669346
420.0,678,4856.648839
869.0,1157,4863.519246
682.0,1009,4869.450475
808.0,1192,4876.517724
693.0,960,4882.186476
462.0,764,4886.738628
661.0,1124,4893.454561
483.0,835,4898.390823
378.0,725,4902.655176
661.0,1299,4910.423924
703.0,1122,4917.104225
525.0,888,4922.403177
776.0,1015,4928.447981
588.0,882,4933.685676
378.0,631,4937.470347
483.0,643,4941.241293
808.0,1419,4949.797304
807.0,1281,4957.436244
786.0,1377,4965.646045
483.0,738,4969.96879
483.0,669,4973.935196
630.0,885,4979.147717
483.0,851,4984.185407
567.0,1026,4990.265512
755.0,1001,4996.247641
399.0,730,5000.53447
399.0,795,5005.239299
734.0,1299,5012.958066
745.0,1138,5019.708924
879.0,1220,5027.045338
755.0,1041,5033.294827
713.0,1355,5041.328937
734.0,1069,5047.64403
838.0,963,5053.33076
898.0,1285,5061.04419
889.0,1437,5069.615158
630.0,854,5074.708033
588.0,1142,5081.521782
808.0,1376,5089.648882
703.0,997,5095.615407
567.0,736,5099.978385
630.0,1203,5107.111426
816.0,1399,5115.417758
714.0,1053,5121.676779
588.0,651,5125.507568
567.0,991,5131.510607
651.0,997,5137.470942
567.0,775,5142.066331
828.0,1349,5150.062987
567.0,1026,5156.161638
755.0,960,5161.899481
693.0,1091,5168.439299
713.0,1004,5174.412479
441.0,508,5177.472157
546.0,676,5181.447137
609.0,981,5187.317327
651.0,897,5192.59905
672.0,935,5198.151102
441.0,614,5201.838871
766.0,884,5207.107268
703.0,1077,5213.468471
483.0,746,5217.848169
703.0,1186,5224.877409
692.0,1062,5231.22437
807.0,1156,5238.149324
651.0,1127,5244.917173
651.0,1032,5251.109309
252.0,479,5253.95823
901.0,1127,5260.6916
273.0,414,5263.106837
765.0,1079,5269.55558
765.0,946,5275.124638
651.0,902,5280.503406
609.0,1154,5287.378582
745.0,963,5293.219238
703.0,1260,5300.794101
546.0,1218,5308.034184
651.0,1031,5314.131357
630.0,1216,5321.405412
692.0,1249,5328.829776
703.0,1062,5335.089774
630.0,956,5340.730467
995.0,1298,5348.407345
693.0,832,5353.342945
713.0,1123,5360.013056
105.0,192,5361.101013
672.0,1017,5367.177326
724.0,927,5372.648372
651.0,901,5378.101547
682.0,1169,5385.126941
870.0,1066,5391.430803
785.0,1226,5398.727391
693.0,1117,5405.40074
651.0,1188,5412.471916
672.0,958,5418.135784
609.0,1249,5425.490158
651.0,1164,5432.385765
651.0,852,5437.393039
724.0,1187,5444.441289
827.0,1200,5451.562976
921.0,1350,5459.584972
588.0,829,5464.487801
525.0,818,5469.335883
651.0,1196,5476.404565
807.0,1134,5483.082968
881.0,1091,5489.525974
816.0,1414,5497.98802
766.0,940,5503.537834
838.0,1570,5512.825222
702.0,1263,5520.326709
714.0,1179,5527.300502
859.0,1136,5534.121982
713.0,1033,5540.215251
661.0,960,5545.898261
671.0,1121,5552.58013
630.0,800,5557.288419
839.0,1025,5563.444443
756.0,1030,5569.563468
714.0,1063,5575.869654
766.0,1063,5582.237933
462.0,801,5586.976846
703.0,1065,5593.30901
651.0,762,5597.798141
630.0,992,5603.638277
713.0,1137,5610.431618
651.0,898,5615.73327
817.0,970,5621.534854
735.0,929,5627.118525
703.0,1177,5634.138617
713.0,1218,5641.33234
777.0,1092,5647.778362
839.0,1203,5654.959902
724.0,965,5660.636896
869.0,1346,5668.67316
724.0,961,5674.326306
567.0,790,5678.998491
734.0,1252,5686.441829
744.0,932,5691.942357
630.0,928,5697.516155
567.0,928,5702.982763
682.0,1062,5709.325099
745.0,1056,5715.590922
829.0,1124,5722.25678
724.0,1125,5728.882664
672.0,999,5734.822353
640.0,928,5740.283699
693.0,1064,5746.655796
766.0,1106,5753.181712
693.0,964,5758.908635
713.0,1055,5765.172933
651.0,1095,5771.726974
651.0,961,5777.391855
693.0,1062,5783.652528
735.0,1107,5790.171182
441.0,674,5794.175462
1036.0,1377,5802.365308
672.0,916,5807.753723
672.0,835,5812.695741
724.0,1009,5818.805209
609.0,879,5823.985239
808.0,924,5829.517847
754.0,1089,5836.029524
1059.0,1146,5842.795197
682.0,1062,5849.086201
745.0,1163,5855.940343
630.0,933,5861.465682
724.0,992,5867.350439
420.0,637,5871.190456
702.0,1071,5877.586084
651.0,1029,5883.671929
651.0,982,5889.533132
755.0,1282,5897.148591
923.0,1061,5903.490179
630.0,945,5909.041177
483.0,864,5914.235282
693.0,929,5919.821754
693.0,1075,5926.153704
231.0,384,5928.40464
849.0,1058,5934.679095
817.0,1085,5941.137496
776.0,1213,5948.391058
672.0,990,5954.333518
651.0,947,5960.062755
713.0,1125,5966.726515
1014.0,1595,5976.223432
651.0,1219,5983.445227
962.0,1312,5991.215915
703.0,1077,5997.750825
734.0,935,6003.264252
252.0,316,6005.10947
661.0,995,6011.034706
672.0,1057,6017.298365
735.0,1025,6023.324133
879.0,1006,6029.322434
671.0,1185,6036.404021
787.0,1222,6043.72251
734.0,1069,6050.071453
651.0,868,6055.19918
703.0,1119,6061.798778
567.0,803,6066.570153
672.0,1181,6073.558193
672.0,1028,6079.687114
776.0,979,6085.455043
672.0,930,6090.935546
755.0,936,6096.441857
776.0,991,6102.280001
651.0,1185,6109.309224
858.0,1122,6115.930258
702.0,905,6121.331731
399.0,735,6125.642822
692.0,1073,6131.994953
745.0,1096,6138.452684
567.0,739,6142.801369
504.0,886,6148.044254
859.0,1040,6154.204154
651.0,809,6158.979255
682.0,1023,6165.028434
483.0,737,6169.350283
754.0,1024,6175.43029
630.0,919,6180.904098
483.0,781,6185.536878
672.0,1147,6192.297911
745.0,1029,6198.396169
692.0,1157,6205.244365
931.0,1105,6211.806175
609.0,832,6216.708732
858.0,991,6222.68193
672.0,893,6227.963827
766.0,876,6233.13051
525.0,854,6238.138139
672.0,1024,6244.215834
630.0,964,6249.94434
651.0,1013,6256.054511
932.0,1117,6262.68778
525.0,967,6268.475788
336.0,514,6271.53599
870.0,1161,6278.569241
630.0,992,6284.44048
713.0,1023,6290.514134
399.0,684,6294.560044
756.0,1058,6300.832717
766.0,973,6306.621939
870.0,1246,6314.087575
661.0,934,6319.574638
546.0,932,6325.096014
546.0,991,6330.932945
879.0,1204,6338.056781
672.0,1032,6344.152813
735.0,1143,6350.971662
964.0,1098,6357.665739
744.0,1031,6363.812802
672.0,1247,6371.26602
651.0,996,6377.151873
609.0,839,6382.084486
651.0,873,6387.219983
672.0,955,6392.901462
525.0,873,6398.090112
859.0,1191,6405.181139
735.0,933,6410.834332
661.0,1023,6416.877223
703.0,1030,6423.041692
828.0,1038,6429.190151
723.0,1145,6436.04672
525.0,663,6439.965158
672.0,1151,6446.768491
441.0,526,6449.831885
682.0,1147,6456.584892
754.0,1130,6463.439678
755.0,1121,6470.132986
775.0,1316,6477.905504
651.0,1026,6484.060172
336.0,510,6487.046638
546.0,831,6492.022014
672.0,993,6497.903691
661.0,1026,6503.947716
504.0,886,6509.223969
661.0,1198,6516.358458
588.0,917,6521.825532
703.0,1123,6528.472763
818.0,1332,6536.371551
713.0,1059,6542.607412
1174.0,1863,6553.699898
672.0,1190,6560.781267
734.0,1024,6566.891315
888.0,1604,6576.552627
504.0,798,6581.334664
609.0,865,6586.413949
671.0,1195,6593.459463
672.0,1218,6600.719834
713.0,1124,6607.348895
682.0,939,6612.923812
462.0,737,6617.382325
693.0,1125,6624.038466
682.0,1088,6630.491453
630.0,934,6636.014502
756.0,970,6641.772191
735.0,1061,6648.288735
776.0,1125,6654.943555
567.0,1057,6661.256022
682.0,993,6667.143042
640.0,1191,6674.213219
818.0,1319,6682.041294
682.0,973,6687.800886
588.0,764,6692.329145
609.0,840,6697.267201
755.0,1314,6705.075801
755.0,1037,6711.217727
766.0,1067,6717.644892
1079.0,1397,6725.992364
828.0,1438,6734.552166
754.0,1022,6740.812045
847.0,1094,6747.302779
693.0,989,6753.228621
588.0,864,6758.340179
777.0,994,6764.23232
703.0,1059,6770.460835
703.0,841,6775.462911
713.0,1005,6781.474215
839.0,1187,6788.558987
692.0,965,6794.23092
838.0,1034,6800.354272
724.0,980,6806.150978
651.0,892,6811.460483
588.0,1129,6818.360252
567.0,954,6824.004181
755.0,1279,6831.590182
441.0,703,6835.716449
880.0,1257,6843.168541
483.0,859,6848.336775
880.0,1118,6855.04812
693.0,1223,6862.310931
839.0,1217,6869.499681
651.0,1185,6876.482484
744.0,1091,6882.936342
671.0,1017,6888.98502
724.0,1092,6895.490463
630.0,893,6900.802993
672.0,969,6906.537642
462.0,701,6910.636764
807.0,1214,6917.975598
462.0,750,6922.416741
609.0,881,6927.657616
651.0,1114,6934.377429
546.0,959,6940.050247
745.0,1156,6946.900338
588.0,764,6951.41456
671.0,1253,6958.83263
399.0,575,6962.27923
630.0,803,6967.218526
483.0,978,6973.082589
588.0,1058,6979.411819
378.0,611,6982.989998
682.0,1254,6990.378353
744.0,1159,6997.223779
692.0,1162,7004.100911
672.0,1181,7011.190367
693.0,1089,7017.760093
880.0,1475,7026.657441
546.0,882,7031.922553
765.0,1287,7039.604209
525.0,897,7044.927905
630.0,832,7049.818915
567.0,1135,7056.590693
1025.0,1373,7064.782637
630.0,1063,7071.106286
399.0,641,7074.909547
703.0,1191,7081.959085
650.0,1245,7089.351604
880.0,1249,7096.893339
609.0,1385,7105.19182
630.0,788,7109.887834
713.0,1284,7117.608259
786.0,1021,7123.640546
661.0,1380,7131.786277
714.0,1080,7138.182681
420.0,616,7141.797992
525.0,950,7147.377041
672.0,917,7152.824671
651.0,1017,7158.87281
672.0,794,7163.546691
567.0,1236,7170.865198
420.0,721,7175.094798
714.0,871,7180.305578
744.0,1195,7187.373598
795.0,1068,7193.772567
462.0,839,7198.712153
735.0,994,7204.681032
765.0,1118,7211.346817
714.0,1158,7218.188265
817.0,931,7223.731837
889.0,1221,7230.974406
808.0,1096,7237.535316
336.0,491,7240.464272
692.0,1380,7248.658085
765.0,1048,7254.89164
722.0,1196,7261.971443
775.0,1199,7269.05022
588.0,909,7274.420735
483.0,756,7278.866243
787.0,1010,7284.816605
795.0,1500,7293.70128
693.0,1102,7300.192476
703.0,928,7305.659235
755.0,944,7311.227425
504.0,808,7315.976247
294.0,645,7319.833869
766.0,1071,7326.170909
651.0,870,7331.298261
964.0,1255,7338.770208
703.0,1082,7345.200958
1006.0,1315,7353.022536
807.0,773,7357.63041
609.0,1049,7363.870496
745.0,989,7369.757404
483.0,728,7374.096472
651.0,1094,7380.589805
651.0,916,7386.149391
808.0,866,7391.254377
941.0,1479,7400.02117
1131.0,1302,7407.710481
378.0,730,7412.080031
755.0,1010,7418.035262
504.0,753,7422.458011
858.0,1212,7429.644881
879.0,1168,7436.536473
703.0,1184,7443.668904
787.0,959,7449.353148
693.0,928,7454.850849
817.0,1056,7461.079672
798.0,937,7466.635952
755.0,1006,7472.7795
858.0,1121,7479.444666
1069.0,1541,7488.624583
651.0,993,7494.489382
786.0,1069,7500.855815
919.0,1366,7509.110126
692.0,1023,7515.138049
357.0,501,7518.072881
930.0,1449,7527.400551
734.0,960,7533.198768
671.0,1151,7539.982727
870.0,1288,7547.719337
745.0,1046,7553.880983
1626.0,2625,7569.523314
1656.0,2332,7583.454072
797.0,1028,7590.272271
672.0,1059,7596.585269
567.0,895,7601.917699
630.0,1014,7607.994698
735.0,970,7613.68467
735.0,807,7618.443307
724.0,978,7624.282916
964.0,1324,7632.140254
713.0,841,7637.095648
693.0,973,7642.837956
806.0,1129,7649.557227
889.0,1092,7656.097088
745.0,962,7661.878146
735.0,928,7667.407207
640.0,1081,7673.762498
546.0,828,7678.66642
651.0,1052,7684.943532
859.0,1123,7691.617186
703.0,934,7697.132444
775.0,1279,7704.827384
949.0,1382,7713.021795
1511.0,2209,7726.160806
828.0,1087,7732.6327
786.0,1193,7739.747635
1280.0,1723,7750.125056
859.0,1228,7757.466628
786.0,1417,7765.928178
703.0,1043,7772.124833
692.0,936,7777.681207
901.0,1163,7784.559909
796.0,1315,7792.30652
735.0,1056,7798.530297
755.0,1085,7804.993514
900.0,1400,7813.372205
765.0,1100,7819.850268
860.0,1057,7826.095877
682.0,899,7832.210486
672.0,1003,7838.249459
294.0,569,7841.676111
714.0,1061,7847.912876
1015.0,1344,7855.861711
776.0,1066,7862.142903
1068.0,1515,7871.088279
1385.0,2177,7884.054135
870.0,1167,7891.856137
859.0,1197,7898.948025
745.0,1096,7905.423357
756.0,831,7910.355498
672.0,860,7915.452358
890.0,1156,7922.393724
567.0,724,7926.697352
931.0,1200,7933.86406
766.0,853,7938.941316
713.0,1283,7946.495604
797.0,1058,7952.82662
787.0,1120,7959.451082
817.0,1034,7965.554876
777.0,868,7970.714257
755.0,1024,7976.77082
1069.0,1418,7985.169064
1531.0,2016,7997.121953
1068.0,1557,8006.456967
766.0,930,8012.034357
786.0,1149,8018.788656
693.0,1027,8024.848436
1195.0,1630,8034.556715
829.0,1159,8041.412825
724.0,906,8046.756482
693.0,933,8052.29631
504.0,828,8057.164936
630.0,839,8062.094346
766.0,963,8067.834837
829.0,1003,8073.771935
755.0,911,8079.117472
714.0,1308,8086.87342
776.0,1186,8093.895206
1237.0,1366,8102.049744
723.0,1034,8108.301865
693.0,870,8113.518061
881.0,868,8118.658553
881.0,1002,8124.599908
1216.0,1293,8132.234126
693.0,1020,8138.261419
828.0,1021,8144.32571
441.0,701,8148.425783
609.0,784,8153.056248
797.0,1235,8160.364095
651.0,974,8166.195205
672.0,839,8171.153501
765.0,992,8177.073518
1101.0,1492,8185.941744
546.0,764,8190.46028
630.0,1146,8197.235563
901.0,1233,8204.591251
1006.0,1336,8212.510389
651.0,894,8217.781948
797.0,1184,8224.816638
734.0,935,8230.353815
839.0,1061,8236.669708
692.0,1184,8243.652151
838.0,1250,8251.072101
1080.0,1552,8260.296693
724.0,928,8265.784755
724.0,930,8271.237794
609.0,958,8276.895362
483.0,791,8281.582616
703.0,1128,8288.274252
986.0,1264,8295.827233
672.0,923,8301.263265
546.0,673,8305.20406
776.0,1150,8311.982179
724.0,905,8317.326424
630.0,1212,8324.643795
735.0,1060,8331.023239
651.0,1131,8337.678498
870.0,1262,8345.175433
766.0,881,8350.363686
483.0,927,8355.816675
724.0,936,8361.394839
378.0,508,8364.486826
714.0,927,8369.977083
840.0,969,8375.680141
651.0,959,8381.378671
797.0,1033,8387.533148
588.0,670,8391.456422
504.0,913,8396.840258
693.0,965,8402.496849
630.0,803,8407.260846
766.0,1060,8413.560824
693.0,1084,8420.022063
819.0,1060,8426.363557
441.0,857,8431.409704
483.0,771,8435.991057
703.0,961,8441.642282
483.0,901,8446.993875
795.0,1309,8454.839848
483.0,613,8458.468575
996.0,1533,8467.646603
702.0,1121,8474.362262
745.0,1099,8480.908079
546.0,946,8486.577365
755.0,935,8492.093919
713.0,1192,8499.176271
724.0,1021,8505.234396
588.0,896,8510.568769
441.0,735,8515.005786
420.0,559,8518.292888
755.0,1237,8525.629103
745.0,934,8531.275042
985.0,1233,8538.548222
714.0,1008,8544.482378
776.0,957,8550.191698
1186.0,1619,8559.780195
1142.0,1349,8567.872966
525.0,823,8572.710295
703.0,968,8578.55607
723.0,1197,8585.59954
609.0,958,8591.331832
713.0,1005,8597.378143
588.0,871,8602.496126
745.0,1094,8608.961073
692.0,940,8614.566502
870.0,1042,8620.703458
837.0,1029,8626.822372
880.0,1229,8634.058161
1101.0,1214,8641.213755
714.0,1027,8647.370717
682.0,962,8653.061954
964.0,1278,8660.645294
766.0,1033,8666.808682
714.0,1092,8673.250566
682.0,990,8679.227277
922.0,1228,8686.522769
889.0,1287,8694.185084
231.0,302,8695.947141
682.0,1096,8702.465505
630.0,945,8708.100379
755.0,1122,8714.795351
294.0,412,8717.207495
1070.0,1447,8725.849318
776.0,1054,8732.096453
1144.0,1650,8741.882821
1132.0,1331,8749.836521
672.0,1065,8756.207264
755.0,950,8761.858491
735.0,931,8767.455673
567.0,678,8771.472805
1060.0,1417,8779.871708
765.0,948,8785.452566
734.0,973,8791.19224
651.0,1090,8797.712353
483.0,674,8801.712156
818.0,1189,8808.819588
651.0,865,8813.904129
1006.0,1251,8821.278802
983.0,1304,8828.985027
630.0,1154,8835.925658
630.0,1024,8842.10299
1089.0,1658,8852.094627
483.0,716,8856.367191
630.0,715,8860.585345
714.0,993,8866.495599
776.0,934,8871.972362
714.0,892,8877.25869
588.0,860,8882.405379
483.0,727,8886.717783
567.0,840,8891.717162
672.0,835,8896.686388
357.0,620,8900.342006
651.0,1032,8906.47646
483.0,660,8910.464006
336.0,635,8914.188876
734.0,1248,8921.550592
693.0,707,8925.694829
931.0,1124,8932.458989
1078.0,1946,8944.12649
826.0,1190,8951.189232
828.0,1281,8958.722996
776.0,1006,8964.685392
703.0,909,8970.070937
745.0,1038,8976.282554
858.0,1123,8983.019979
1162.0,1452,8991.650322
795.0,1100,8998.253135
849.0,1031,9004.362462
776.0,957,9010.033789
890.0,1310,9017.791742
797.0,1155,9024.696514
609.0,964,9030.471323
807.0,1134,9037.156426
817.0,1106,9043.675472
734.0,1039,9049.864834
525.0,723,9054.114203
818.0,946,9059.680818
796.0,992,9065.611659
1037.0,1799,9076.263805
703.0,1059,9082.518599
756.0,1019,9088.540011
504.0,828,9093.42912
713.0,961,9099.137484
682.0,940,9104.763518
672.0,1029,9110.85525
974.0,1041,9117.010278
931.0,1354,9125.17232
900.0,1300,9133.050567
796.0,1315,9140.922551
765.0,1253,9148.38384
1089.0,1379,9156.613391
826.0,1490,9165.447221
870.0,1156,9172.27131
849.0,1124,9178.908863
881.0,1080,9185.305301
692.0,1120,9191.99418
651.0,899,9197.302817
1130.0,1721,9207.548537
714.0,957,9213.204791
441.0,681,9217.244506
399.0,502,9220.22222
734.0,1061,9226.531334
838.0,1131,9233.240718
525.0,927,9238.759405
630.0,1160,9245.609735
672.0,812,9250.485878
567.0,817,9255.357359
1269.0,1538,9264.446838
693.0,1169,9271.355769
828.0,1280,9278.950598
1248.0,1675,9288.980442
787.0,1061,9295.267715
776.0,1102,9301.75181
714.0,1062,9308.114203
588.0,786,9312.824167
902.0,1319,9320.608059
1068.0,1470,9329.288191
378.0,593,9332.767128
840.0,930,9338.238045
765.0,1244,9345.645996
567.0,789,9350.289126
724.0,1089,9356.688186
839.0,1078,9363.038567
682.0,834,9367.956546
357.0,608,9371.536578
714.0,1182,9378.673423
713.0,991,9384.518329
745.0,1028,9390.622306
734.0,1043,9396.770548
483.0,672,9400.749943
745.0,1043,9407.020275
567.0,832,9411.948069
755.0,963,9417.637479
651.0,1155,9424.548823
713.0,912,9429.924217
693.0,1282,9437.500196
714.0,995,9443.47602
766.0,1094,9450.004454
651.0,1047,9456.215435
713.0,1089,9462.638883
828.0,981,9468.404178
723.0,1041,9474.634392
546.0,797,9479.32402
672.0,879,9484.555799
567.0,1002,9490.501667
693.0,926,9496.001505
682.0,1004,9502.009385
755.0,1029,9508.135799
797.0,1027,9514.216503
420.0,637,9517.943472
817.0,1047,9524.11714
714.0,990,9530.001068
441.0,676,9533.970663
693.0,971,9539.724184
933.0,1085,9546.175484
1141.0,1338,9554.173778
504.0,833,9559.212894
776.0,914,9564.637826
567.0,861,9569.706745
911.0,1186,9576.700923
901.0,1131,9583.459062
682.0,963,9589.15388
1174.0,1503,9598.042943
859.0,1218,9605.227211
1152.0,1503,9614.138832
504.0,757,9618.610574
714.0,1045,9624.852446
682.0,1000,9630.860341
1196.0,1631,9640.592096
693.0,969,9646.371269
651.0,834,9651.30652
441.0,605,9654.896472
756.0,1089,9661.366726
651.0,1039,9667.62285
890.0,1382,9675.826426
1174.0,1593,9685.301019
806.0,1157,9692.146254
924.0,1153,9698.935902
756.0,965,9704.702275
1025.0,1138,9711.416377
870.0,1089,9717.87147
796.0,1158,9724.748627
850.0,1023,9730.81731
735.0,1051,9737.030406
630.0,861,9742.122925
462.0,698,9746.228282
1110.0,1537,9755.323785
672.0,932,9760.945478
796.0,957,9766.638302
661.0,1101,9773.339195
703.0,1083,9779.820716
818.0,927,9785.265478
890.0,966,9791.041799
734.0,843,9795.99418
756.0,1024,9802.120924
630.0,840,9807.162956
923.0,965,9812.937953
462.0,701,9817.069797
672.0,1072,9823.409855
797.0,1159,9830.240247
672.0,851,9835.372311
630.0,1000,9841.358295
984.0,1260,9848.824257
714.0,1120,9855.454601
909.0,1192,9862.542296
567.0,785,9867.225541
672.0,954,9872.922373
483.0,739,9877.262489
734.0,985,9883.056974
651.0,1183,9890.124003
808.0,1023,9896.27422
609.0,1147,9903.129259
860.0,1343,9911.151062
672.0,922,9916.652947
724.0,1016,9922.679086
273.0,539,9925.831759
828.0,1012,9931.893663
735.0,1185,9938.911292
858.0,1134,9945.64686
483.0,729,9949.989065
630.0,955,9955.692789
661.0,836,9960.651336
483.0,537,9963.804897
787.0,1203,9970.932524
943.0,1098,9977.45807
483.0,712,9981.647153
378.0,582,9985.052597
1153.0,1403,9993.497163
808.0,1028,9999.647159
714.0,1128,10006.308253
776.0,854,10011.354445
1142.0,1245,10018.751691
609.0,800,10023.509443
786.0,1129,10030.153273
891.0,1091,10036.604835
651.0,1024,10042.643355
766.0,1251,10050.151857
755.0,1184,10057.196415
755.0,1221,10064.438604
776.0,993,10070.358167
1025.0,1199,10077.612939
588.0,1039,10083.733905
672.0,1248,10091.150435
911.0,1284,10098.831199
869.0,1187,10106.066596
682.0,932,10111.549519
483.0,656,10115.483308
900.0,1246,10122.820448
859.0,1079,10129.25228
745.0,1059,10135.528367
868.0,1152,10142.376792
609.0,860,10147.526191
703.0,1185,10154.520238
931.0,1115,10161.102453
713.0,1002,10167.16386
462.0,966,10172.940736
775.0,1154,10179.87699
892.0,1102,10186.437249
931.0,1295,10194.282062
525.0,852,10199.304758
724.0,1063,10205.59127
724.0,843,10210.573302
703.0,898,10215.852246
713.0,935,10221.453323
756.0,1206,10228.574611
567.0,830,10233.45631
1045.0,1515,10242.559215
973.0,1343,10250.572746
724.0,1151,10257.490247
819.0,982,10263.323931
651.0,959,10268.999069
786.0,995,10274.893373
755.0,898,10280.196073
723.0,1031,10286.28611
754.0,1106,10292.843608
786.0,885,10298.139104
651.0,1028,10304.20415
963.0,1258,10311.68608
870.0,1099,10318.186868
693.0,1045,10324.391648
745.0,961,10330.114406
837.0,1078,10336.483769
588.0,809,10341.274556
734.0,930,10346.743613
651.0,1060,10353.067253
399.0,639,10356.807995
828.0,1196,10363.908351
765.0,842,10368.890565
766.0,997,10374.792992
787.0,997,10380.719846
609.0,1025,10386.828378
745.0,833,10391.731772
693.0,1126,10398.420631
693.0,993,10404.33327
713.0,1121,10411.104694
889.0,1237,10418.519481
651.0,870,10423.679396
984.0,1625,10433.39944
755.0,994,10439.266777
724.0,1100,10445.908957
808.0,901,10451.244618
891.0,1249,10458.672832
702.0,958,10464.339047
797.0,965,10470.024702
682.0,933,10475.601961
745.0,1180,10482.556645
796.0,1250,10490.110756
588.0,743,10494.471704
734.0,994,10500.355782
775.0,1120,10507.019788
817.0,1325,10514.849869
786.0,1094,10521.270532
797.0,1091,10527.690393
609.0,995,10533.652447
1067.0,1602,10543.327083
630.0,932,10548.87484
525.0,753,10553.37409
703.0,1190,10560.587011
818.0,1122,10567.194591
785.0,1153,10574.049651
786.0,1155,10580.907125
735.0,1294,10588.567433
462.0,703,10592.696417
745.0,1096,10599.176933
850.0,892,10604.423704
838.0,1217,10611.687405
441.0,702,10615.832919
901.0,1221,10623.095135
651.0,993,10628.961247
964.0,1483,10637.767168
651.0,1093,10644.271167
724.0,1094,10650.840836
651.0,996,10656.715931
630.0,980,10662.481853
672.0,1032,10668.577612
1332.0,1913,10680.125545
1225.0,1471,10688.847953
682.0,808,10693.667644
714.0,1057,10699.993073
682.0,963,10705.653347
682.0,905,10710.999381
818.0,962,10716.827922
797.0,1089,10723.353266
672.0,1111,10729.92163
734.0,1037,10736.064831
745.0,1033,10742.224069
661.0,934,10747.756547
672.0,997,10753.717371
1447.0,1917,10765.202545
692.0,1186,10772.258011
786.0,894,10777.514758
776.0,896,10782.861116
651.0,1026,10788.913554
1847.0,2683,10804.903684
745.0,896,10810.240232
1373.0,1841,10821.222661
868.0,1321,10829.020536
912.0,1015,10835.022899
724.0,1005,10840.97225
776.0,1020,10847.033549
745.0,897,10852.317304
1122.0,1755,10862.76474
661.0,839,10867.724679
796.0,1004,10873.738937
756.0,841,10878.705829
826.0,1021,10884.76739
546.0,770,10889.315037
609.0,835,10894.277453
713.0,1004,10900.253898
441.0,482,10903.073353
1026.0,1241,10910.513561
462.0,762,10914.979528
672.0,1030,10921.027061
567.0,920,10926.425235
630.0,942,10932.023888
630.0,1056,10938.297048
755.0,1193,10945.430933
920.0,1224,10952.739618
785.0,1533,10961.895684
651.0,938,10967.502944
609.0,885,10972.782507
630.0,920,10978.208575
693.0,861,10983.287308
745.0,1126,10989.996176
693.0,847,10994.987046
735.0,1091,11001.478399
651.0,1057,11007.839883
891.0,1013,11013.824729
609.0,1020,11019.877617
776.0,1194,11026.978773
588.0,930,11032.451194
1090.0,1727,11042.659884
672.0,870,11047.828152
692.0,1196,11054.980707
922.0,996,11060.97571
672.0,932,11066.600124
672.0,1061,11072.909453
692.0,1204,11080.035518
703.0,1125,11086.824191
504.0,751,11091.234812
567.0,826,11096.137872
504.0,762,11100.636363
609.0,839,11105.712391
724.0,1036,11111.841353
693.0,994,11117.744135
483.0,710,11121.91772
546.0,607,11125.578421
808.0,1034,11131.770727
525.0,605,11135.309288
378.0,553,11138.58426
672.0,1055,11144.836042
546.0,751,11149.254379
630.0,936,11154.791183
828.0,930,11160.29391
504.0,706,11164.502934
609.0,934,11170.05308
651.0,887,11175.297045
1142.0,1374,11183.575762
504.0,969,11189.380474
693.0,1323,11197.18886
703.0,897,11202.446181
724.0,960,11208.099854
399.0,577,11211.494072
651.0,828,11216.373573
546.0,765,11220.960083
525.0,846,11226.010615
672.0,927,11231.501238
630.0,1066,11237.806319
859.0,1095,11244.325814
546.0,830,11249.253597
525.0,761,11253.716389
766.0,1087,11260.129107
785.0,1013,11266.198746
816.0,1136,11272.916422
588.0,768,11277.463566
483.0,701,11281.586357
525.0,735,11285.937513
766.0,876,11291.140142
776.0,1023,11297.211791
693.0,963,11302.907708
441.0,721,11307.211175
357.0,451,11309.897818
755.0,918,11315.322722
806.0,960,11321.021244
567.0,865,11326.109049
1048.0,1348,11334.053029
609.0,957,11339.722014
954.0,1121,11346.344623
911.0,1555,11355.747196
734.0,862,11360.825828
837.0,1216,11368.001974
1269.0,1398,11376.345742
912.0,1325,11384.192045
630.0,1006,11390.110774
546.0,834,11395.020824
672.0,927,11400.500674
672.0,1025,11406.625796
609.0,844,11411.631983
651.0,939,11417.181875
630.0,1115,11423.777801
714.0,834,11428.689224
567.0,704,11432.876596
756.0,1185,11439.906359
504.0,669,11443.853979
661.0,1002,11449.790296
462.0,594,11453.325584
693.0,931,11458.870265
609.0,982,11464.651381
525.0,705,11468.828984
693.0,1101,11475.310133
745.0,860,11480.499853
850.0,930,11486.009636
525.0,645,11489.80491
745.0,999,11495.820404
567.0,1020,11501.839003
818.0,1268,11509.379537
807.0,1004,11515.324391
786.0,905,11520.642234
745.0,1004,11526.569981
661.0,863,11531.658704
818.0,899,11537.026279
818.0,1213,11544.336317
871.0,1018,11550.361821
588.0,642,11554.254324
777.0,932,11559.874413
682.0,996,11565.82616
807.0,862,11570.982919
682.0,866,11576.170637
630.0,707,11580.384533
756.0,866,11585.553953
756.0,778,11590.164607
996.0,1320,11597.953964
776.0,864,11603.116939
672.0,871,11608.241956
651.0,740,11612.703226
609.0,783,11617.404514
651.0,796,11622.131374
336.0,512,11625.119797
807.0,1301,11632.841803
777.0,950,11638.454542
671.0,860,11643.575573
787.0,912,11648.966386
817.0,888,11654.241043
1058.0,1244,11661.614133
879.0,1192,11668.655454
838.0,1132,11675.363173
724.0,1061,11681.650677
766.0,958,11687.300886
273.0,316,11689.183368
504.0,715,11693.444369
672.0,1013,11699.499492
651.0,994,11705.452075
745.0,772,11710.094021
703.0,885,11715.387017
399.0,488,11718.233321
672.0,905,11723.566845
546.0,719,11727.802809
1090.0,1234,11735.138374
693.0,852,11740.234663
703.0,1034,11746.344935
693.0,898,11751.739697
588.0,765,11756.242573
567.0,939,11761.816503
651.0,875,11767.095566
630.0,892,11772.356255
798.0,832,11777.275467
714.0,933,11782.81952
724.0,1054,11789.032765
776.0,1285,11796.794427
776.0,969,11802.538704
672.0,1055,11808.840051
588.0,870,11813.968441
797.0,1031,11820.115597
567.0,841,11825.120994
588.0,784,11829.79132
672.0,789,11834.450296
681.0,1032,11840.522538
776.0,1161,11847.408894
567.0,715,11851.602287
754.0,1107,11858.122661
734.0,1203,11865.385867
755.0,992,11871.270854
776.0,1089,11877.715883
714.0,946,11883.370899
567.0,1106,11889.968003
714.0,1055,11896.222182
640.0,1013,11902.266227
775.0,1043,11908.42684
609.0,836,11913.399433
651.0,987,11919.264838
682.0,953,11924.95699
441.0,674,11928.936806
1007.0,1214,11936.113239
899.0,1196,11943.204612
588.0,801,11947.902134
755.0,1021,11953.960019
661.0,1001,11959.975029
964.0,1198,11967.243916
671.0,1064,11973.671171
661.0,865,11978.802413
734.0,1094,11985.332716
672.0,868,11990.511642
766.0,926,11996.058215
745.0,1021,12002.072705
693.0,908,12007.445236
775.0,1086,12013.878142
922.0,1026,12019.996301
745.0,955,12025.61587
703.0,972,12031.435683
745.0,1094,12037.974871
766.0,938,12043.497437
714.0,926,12048.958469
765.0,930,12054.463165
798.0,995,12060.285033
776.0,1123,12066.888009
682.0,1091,12073.327902
588.0,765,12077.861657
567.0,741,12082.261832
546.0,766,12086.853591
630.0,842,12091.795693
693.0,974,12097.539282
713.0,1129,12104.222059
630.0,798,12108.903535
630.0,1123,12115.526217
672.0,1012,12121.543333
672.0,1027,12127.633884
756.0,1066,12134.02806
703.0,1157,12140.91905
315.0,509,12143.924839
839.0,900,12149.279217
817.0,1207,12156.618762
943.0,1215,12163.791488
807.0,1187,12170.844025
744.0,1152,12177.643286
714.0,1009,12183.714338
817.0,1154,12190.60943
693.0,1154,12197.602428
651.0,831,12202.525728
755.0,1085,12209.002112
651.0,1182,12216.056251
588.0,810,12220.819968
692.0,873,12225.960012
744.0,1097,12232.495676
891.0,1203,12239.637711
588.0,990,12245.487989
682.0,1099,12252.086022
651.0,851,12257.124747
734.0,1067,12263.519967
693.0,1058,12269.802451
755.0,996,12275.678644
693.0,1107,12282.353767
504.0,862,12287.442122
714.0,1058,12293.745446
859.0,1055,12300.063863
525.0,880,12305.335978
735.0,1213,12312.553864
609.0,974,12318.358603
630.0,947,12323.979621
703.0,932,12329.532113
567.0,766,12334.08442
870.0,1247,12341.529991
755.0,847,12346.546791
714.0,974,12352.270024
745.0,906,12357.605844
919.0,1552,12366.829754
765.0,937,12372.378406
714.0,882,12377.583246
462.0,856,12382.628277
693.0,803,12387.426125
787.0,931,12392.959299
546.0,705,12397.090618
525.0,847,12402.10621
682.0,1002,12408.011286
441.0,609,12411.625696
693.0,1058,12417.957242
525.0,704,12422.144473
776.0,1006,12428.207234
756.0,828,12433.159398
630.0,973,12438.888538
399.0,572,12442.314981
714.0,930,12447.802572
703.0,881,12453.00683
630.0,896,12458.336294
651.0,961,12464.057533
651.0,1027,12470.118237
630.0,861,12475.250549
462.0,628,12478.926489
672.0,815,12483.713825
483.0,806,12488.487615
734.0,1063,12494.769792
713.0,966,12500.497407
828.0,1013,12506.564686
766.0,942,12512.213016
693.0,1026,12518.350137
651.0,972,12524.126591
714.0,1091,12530.710434
588.0,574,12534.072166
462.0,743,12538.430801
755.0,915,12543.878283
588.0,700,12548.008687
672.0,910,12553.36894
880.0,1085,12559.868361
651.0,923,12565.297397
787.0,1089,12571.781389
399.0,443,12574.464706
630.0,864,12579.591407
786.0,1255,12587.053169
681.0,1163,12594.034605
745.0,827,12598.967801
703.0,1001,12604.951781
734.0,1029,12611.049812
588.0,832,12615.949194
766.0,1055,12622.293117
1077.0,1245,12629.682342
859.0,992,12635.525043
766.0,1024,12641.592734
756.0,1024,12647.708337
745.0,944,12653.276289
672.0,1125,12659.957771
630.0,1148,12666.769338
765.0,995,12672.752973
817.0,1287,12680.419216
766.0,901,12685.819705
723.0,1034,12691.96912
984.0,1088,12698.44448
693.0,900,12703.785418
609.0,949,12709.478766
273.0,348,12711.499953
1173.0,1453,12720.12332
890.0,1067,12726.434817
850.0,1060,12732.733573
775.0,1171,12739.665518
525.0,799,12744.384586
703.0,1067,12750.757173
984.0,1438,12759.230277
713.0,892,12764.529144
672.0,832,12769.537008
818.0,1284,12777.162487
588.0,1006,12783.11767
714.0,835,12788.083527
785.0,911,12793.427586
588.0,1029,12799.578198
651.0,1064,12805.910546
734.0,951,12811.66413
1185.0,1539,12820.82088
693.0,1065,12827.152624
682.0,1022,12833.200712
630.0,945,12838.745524
797.0,1068,12845.032497
546.0,889,12850.293808
672.0,1014,12856.318032
504.0,709,12860.700535
724.0,1092,12867.332176
567.0,740,12871.673729
839.0,1138,12878.560834
765.0,1177,12885.528284
735.0,960,12891.301625
693.0,961,12896.969682
745.0,903,12902.301494
829.0,1292,12910.027485
870.0,1122,12916.787156
546.0,802,12921.489377
588.0,927,12927.042902
828.0,1027,12933.092332
786.0,1187,12940.10282
1426.0,1758,12950.618714
878.0,1374,12958.83931
735.0,1074,12965.197337
315.0,628,12968.936384
714.0,1249,12976.341847
755.0,981,12982.134153
630.0,947,12987.711024
693.0,1015,12993.731704
775.0,1243,13001.066254
922.0,1094,13007.649549
713.0,998,13013.656298
651.0,831,13018.537766
1037.0,1214,13025.766414
693.0,1061,13032.082142
714.0,945,13037.638835
756.0,1190,13044.783725
860.0,1122,13051.444582
588.0,945,13057.044747
714.0,960,13062.711221
849.0,1006,13068.672801
1029.0,1130,13075.373134
714.0,1059,13081.73245
819.0,1061,13088.189527
420.0,538,13091.35138
808.0,1201,13098.473536
682.0,1082,13104.846704
672.0,866,13109.920219
567.0,675,13113.909074
911.0,1124,13120.58153
755.0,881,13125.751352
651.0,1059,13132.019826
525.0,706,13136.233737
588.0,865,13141.421898
525.0,706,13145.576624
609.0,847,13150.557222
441.0,646,13154.340768
630.0,839,13159.286531
609.0,1061,13165.589771
807.0,925,13171.057345
713.0,1004,13176.978651
420.0,572,13180.319479
630.0,963,13186.009772
682.0,976,13191.813155
483.0,897,13197.078278
734.0,920,13202.526843
672.0,870,13207.688788
693.0,899,13213.041847
462.0,705,13217.306497
756.0,956,13222.98509
672.0,920,13228.389292
567.0,890,13233.650146
294.0,483,13236.487625
672.0,1144,13243.325558
850.0,1024,13249.355244
735.0,934,13254.895462
567.0,874,13260.237168
745.0,960,13266.03804
609.0,796,13270.869502
525.0,521,13273.929079
735.0,927,13279.375806
651.0,910,13284.807514
775.0,1023,13290.865524
756.0,939,13296.417599
651.0,861,13301.559264
672.0,1001,13307.567329
1100.0,1445,13316.147018
848.0,1137,13322.883039
525.0,788,13327.520183
672.0,775,13332.110077
724.0,1089,13338.583748
546.0,834,13343.526146
567.0,728,13347.812923
661.0,995,13353.797438
745.0,955,13359.467223
661.0,850,13364.465903
735.0,901,13369.822477
714.0,931,13375.433381
630.0,940,13380.949906
588.0,892,13386.336288
525.0,928,13391.801676
787.0,1122,13398.409985
672.0,963,13404.105824
651.0,1195,13411.154721
839.0,1053,13417.412471
588.0,918,13422.848617
441.0,810,13427.668719
756.0,891,13432.916338
755.0,1052,13439.198136
588.0,857,13444.372244
567.0,797,13449.128488
609.0,801,13453.910564
869.0,1141,13460.670038
840.0,966,13466.591055
189.0,438,13469.146605
787.0,900,13474.57462
567.0,762,13479.051337
588.0,860,13484.116725
483.0,823,13488.961817
713.0,898,13494.341616
609.0,995,13500.300256
693.0,775,13504.871142
735.0,854,13509.971684
273.0,456,13512.684671
892.0,960,13518.369244
829.0,1088,13524.811785
756.0,1063,13531.230486
609.0,960,13537.002313
630.0,819,13541.861989
630.0,1087,13548.270711
672.0,1101,13554.802234
808.0,1000,13560.710819
871.0,1099,13567.257241
651.0,908,13572.642319
672.0,883,13577.867352
651.0,901,13583.181942
682.0,963,13588.866379
441.0,673,13592.859771
693.0,931,13598.385142
744.0,1093,13604.878575
756.0,986,13610.701711
420.0,605,13614.3052
609.0,802,13619.076261
588.0,925,13624.689148
567.0,773,13629.277626
755.0,1070,13635.595663
630.0,930,13641.128239
734.0,1027,13647.164979
755.0,1162,13654.046334
745.0,1161,13660.95168
693.0,803,13665.775097
693.0,835,13670.81827
462.0,747,13675.250051
713.0,785,13679.993393
755.0,1190,13687.159827
567.0,863,13692.305692
588.0,866,13697.416104
651.0,899,13702.771849
630.0,963,13708.478525
776.0,852,13713.491194
546.0,827,13718.352697
693.0,851,13723.444948
765.0,950,13729.179633
827.0,1119,13735.803674
651.0,1063,13742.172739
797.0,978,13747.942215
880.0,1094,13754.458707
462.0,774,13759.00663
828.0,1156,13766.003255
723.0,875,13771.173251
399.0,574,13774.545444
651.0,868,13779.665473
693.0,1098,13786.291648
630.0,788,13790.95702
399.0,453,13793.603601
567.0,746,13798.112664
420.0,508,13801.174628
672.0,929,13806.71418
693.0,1121,13813.35654
651.0,1001,13819.323653
849.0,1023,13825.388824
651.0,1202,13832.540558
672.0,1034,13838.691433
745.0,1012,13844.765755
703.0,971,13850.580927
848.0,968,13856.391196
630.0,813,13861.305053
441.0,769,13865.843687
630.0,678,13869.824637
672.0,811,13874.652721
766.0,896,13879.976854
693.0,914,13885.347984
724.0,1023,13891.493512
441.0,686,13895.527234
714.0,1065,13901.86522
525.0,669,13905.869796
786.0,1054,13912.136448
735.0,993,13917.971303
787.0,1036,13924.143802
651.0,1006,13930.098041
881.0,941,13935.654625
693.0,1027,13941.847625
661.0,1033,13947.929927
682.0,963,13953.635342
672.0,907,13958.991088
910.0,1152,13965.830093
1259.0,1846,13976.754366
682.0,949,13982.412144
588.0,931,13987.891168
651.0,1000,13993.900851
703.0,848,13998.895882
776.0,843,14003.872839
651.0,894,14009.169137
734.0,1093,14015.608017
777.0,1096,14022.099052
807.0,1122,14028.756204
692.0,1074,14035.14006
546.0,706,14039.319319
630.0,840,14044.356562
462.0,510,14047.354239
588.0,702,14051.501816
609.0,844,14056.470878
755.0,899,14061.863542
714.0,995,14067.736429
630.0,1081,14074.098076
609.0,738,14078.471372
776.0,973,14084.239756
755.0,1032,14090.305426
756.0,968,14096.030148
661.0,970,14101.805485
609.0,828,14106.695415
756.0,1123,14113.378317
724.0,1002,14119.286153
892.0,905,14124.693413
693.0,1046,14130.874383
734.0,1158,14137.753487
735.0,926,14143.213817
766.0,1066,14149.495407
766.0,882,14154.699894
745.0,997,14160.573359
714.0,996,14166.513117
1037.0,1394,14174.922551
651.0,768,14179.450765
787.0,1132,14186.162659
682.0,942,14191.726625
693.0,1118,14198.331514
483.0,669,14202.337041
630.0,923,14207.809816
818.0,1159,14214.674941
774.0,1299,14222.472495
798.0,1089,14228.964492
672.0,1002,14234.970103
848.0,1197,14242.064831
714.0,1088,14248.462048
630.0,962,14254.225438
942.0,1231,14261.509071
357.0,541,14264.716563
672.0,934,14270.217788
723.0,1030,14276.504208
630.0,1057,14282.737469
755.0,1003,14288.698343
786.0,906,14294.114685
765.0,1032,14300.235228
976.0,1225,14307.537133
609.0,807,14312.278293
609.0,990,14318.158801
838.0,1148,14325.033258
703.0,936,14330.624488
745.0,960,14336.285947
525.0,638,14340.029017
765.0,1117,14346.782726
766.0,1189,14353.81065
630.0,1038,14359.982613
755.0,1067,14366.267349
609.0,700,14370.449583
892.0,1088,14376.897385
828.0,1131,14383.616352
735.0,986,14389.473189
567.0,895,14394.817128
817.0,968,14400.585417
567.0,708,14404.76802
861.0,1027,14410.891734
420.0,551,14414.136911
682.0,931,14419.628947
776.0,846,14424.631547
787.0,1085,14431.069796
588.0,887,14436.32702
849.0,993,14442.221619
723.0,929,14447.728987
609.0,829,14452.612429
755.0,950,14458.241031
567.0,576,14461.598197
640.0,929,14467.124176
745.0,965,14472.79491
828.0,809,14477.560246
850.0,963,14483.31472
682.0,913,14488.680842
808.0,986,14494.507139
504.0,705,14498.682638
880.0,1091,14505.155792
869.0,1154,14512.020177
766.0,1131,14518.775987
807.0,1043,14524.958746
838.0,1185,14531.993067
713.0,999,14537.92588
703.0,1007,14543.908396
609.0,797,14548.705018
734.0,1181,14555.701976
546.0,768,14560.225389
609.0,869,14565.378443
798.0,962,14571.052717
755.0,1262,14578.59194
974.0,1334,14586.545825
630.0,912,14591.962765
703.0,1093,14598.443278
713.0,1189,14605.482598
703.0,870,14610.663138
693.0,1106,14617.343832
724.0,943,14623.015951
672.0,907,14628.373331
880.0,1062,14634.745427
630.0,834,14639.701275
755.0,1069,14646.032555
724.0,1171,14653.020638
838.0,1165,14659.938834
630.0,850,14665.070189
870.0,1161,14671.948902
714.0,1012,14677.935115
755.0,830,14682.789054
829.0,979,14688.726464
735.0,1026,14694.770119
806.0,1003,14700.709611
858.0,1258,14708.213299
848.0,1170,14715.218445
880.0,1189,14722.256677
1322.0,1780,14732.944791
1068.0,1277,14740.600664
775.0,947,14746.175026
777.0,931,14751.773587
765.0,867,14756.897076
774.0,1226,14764.186747
818.0,1127,14770.951769
839.0,1093,14777.402647
817.0,1089,14783.835797
1036.0,1371,14791.958434
765.0,1149,14798.755715
567.0,818,14803.608645
630.0,816,14808.399678
546.0,732,14812.685023
1100.0,1438,14821.313989
797.0,947,14826.950023
714.0,741,14831.349557
651.0,667,14835.257875
745.0,927,14840.750095
1111.0,1164,14847.726116
703.0,942,14853.332683
713.0,1117,14860.018636
839.0,1269,14867.555202
807.0,1086,14874.040624
891.0,1361,14882.097328
807.0,930,14887.634629
807.0,1090,14894.076208
818.0,1191,14901.096388
818.0,1093,14907.551275
693.0,934,14913.261691
777.0,1061,14919.554548
870.0,1024,14925.611758
776.0,842,14930.578711
703.0,965,14936.282189
441.0,856,14941.331989
787.0,1087,14947.835315
713.0,1280,14955.492893
880.0,1012,14961.486433
797.0,1062,14967.824409
703.0,851,14972.959008
651.0,832,14977.926217
462.0,618,14981.586292
745.0,929,14987.139946
693.0,721,14991.370342
838.0,1084,14997.728901
827.0,1199,15004.844389
1237.0,1741,15015.229086
984.0,1151,15022.062341
651.0,802,15026.770953
1006.0,1517,15035.731964
682.0,865,15040.829993
567.0,1002,15046.724857
651.0,840,15051.737951
879.0,1223,15059.005648
879.0,1253,15066.435601
714.0,898,15071.788991
1183.0,1567,15081.090126
504.0,637,15084.822293
880.0,1026,15090.940739
808.0,1017,15097.059955
713.0,1224,15104.32278
869.0,1218,15111.603836
672.0,892,15116.873458
745.0,1024,15122.965723
787.0,947,15128.563571
713.0,809,15133.363559
901.0,1098,15139.852847
807.0,1041,15146.153091
693.0,739,15150.614264
838.0,1143,15157.408631
754.0,1214,15164.762426
651.0,1017,15170.786097
828.0,1238,15178.223371
869.0,1253,15185.609132
682.0,1165,15192.590046
651.0,963,15198.302279
1016.0,1538,15207.45568
682.0,1163,15214.464153
703.0,1092,15220.939664
787.0,1123,15227.667809
483.0,809,15232.493953
776.0,960,15238.243503
786.0,1006,15244.231081
797.0,1079,15250.609077
942.0,1222,15257.855969
756.0,947,15263.435845
651.0,883,15268.665722
848.0,1029,15274.744752
630.0,797,15279.46415
756.0,929,15284.940979
693.0,1074,15291.270894
818.0,1198,15298.382929
703.0,869,15303.597007
724.0,1073,15310.021263
776.0,1000,15316.002571
630.0,1073,15322.357971
797.0,931,15327.872741
693.0,959,15333.556942
703.0,878,15338.759174
1069.0,1316,15346.558857
672.0,862,15351.638585
713.0,861,15356.727951
682.0,906,15362.091357
693.0,1090,15368.537054
745.0,877,15373.722877
703.0,1026,15379.788975
714.0,845,15384.810053
849.0,1025,15390.958481
651.0,1151,15397.771228
630.0,896,15403.129534
723.0,932,15408.603735
609.0,811,15413.402303
588.0,802,15418.117006
483.0,591,15421.568473
879.0,1226,15428.784742
745.0,1166,15435.75123
651.0,886,15441.01163
735.0,1143,15447.816408
724.0,892,15453.161055
693.0,1089,15459.572696
808.0,963,15465.238961
682.0,810,15469.998555
651.0,900,15475.306373
651.0,771,15479.846885
504.0,700,15484.051517
703.0,827,15489.074629
755.0,1033,15495.231481
838.0,1032,15501.354369
714.0,999,15507.268374
766.0,962,15512.985536
766.0,969,15518.702925
609.0,757,15523.298265
848.0,1089,15529.817519
661.0,901,15535.183699
797.0,1059,15541.502476
879.0,955,15547.149252
682.0,871,15552.285555
734.0,973,15558.044653
724.0,1018,15564.061037
714.0,909,15569.514572
796.0,1166,15576.465611
932.0,1330,15584.419655
483.0,706,15588.578294
651.0,1003,15594.595897
703.0,976,15600.36422
630.0,1057,15606.586949
661.0,1015,15612.617223
672.0,996,15618.542508
724.0,1000,15624.441732
567.0,897,15629.716564
1057.0,1117,15636.382455
765.0,1094,15642.849566
880.0,1248,15650.282188
849.0,995,15656.142184
462.0,670,15660.149501
692.0,1071,15666.45047
504.0,769,15670.958052
713.0,906,15676.342099
630.0,1019,15682.389909
609.0,792,15687.06267
974.0,1284,15694.795865
828.0,902,15700.103413
933.0,1099,15706.613758
420.0,510,15709.598477
609.0,848,15714.576291
588.0,763,15719.057935
870.0,1091,15725.540385
588.0,926,15731.017251
870.0,1083,15737.41851
724.0,942,15742.955045
294.0,570,15746.297223
744.0,1149,15753.062762
933.0,988,15758.956283
1048.0,1107,15765.48191
693.0,962,15771.206549
776.0,1132,15778.02849
693.0,963,15783.730807
787.0,862,15788.865643
870.0,1000,15794.804251
859.0,1227,15802.094046
714.0,1090,15808.526771
420.0,608,15812.196686
661.0,1024,15818.323022
776.0,1086,15824.745373
682.0,1165,15831.644649
378.0,507,15834.656342
672.0,902,15839.976176
1280.0,1470,15848.757992
588.0,764,15853.290569
441.0,642,15857.046153
588.0,765,15861.55308
714.0,1006,15867.50271
462.0,718,15871.773816
714.0,925,15877.277613
567.0,823,15882.10727
651.0,942,15887.666665
776.0,1113,15894.26023
588.0,763,15898.814353
682.0,841,15903.770652
808.0,838,15908.749551
724.0,923,15914.176263
588.0,948,15919.801784
777.0,820,15924.661356
714.0,961,15930.312665
703.0,940,15935.858648
724.0,1033,15941.949803
797.0,1055,15948.256909
651.0,960,15953.960015
787.0,1071,15960.270288
734.0,1257,15967.726183
756.0,907,15973.097339
786.0,932,15978.583988
777.0,1025,15984.682758
787.0,899,15989.974521
985.0,1227,15997.32962
819.0,1000,16003.277518
724.0,848,16008.272279
786.0,1123,16015.032127
724.0,968,16020.751873
777.0,937,16026.284652
630.0,737,16030.723237
796.0,1131,16037.563761
609.0,963,16043.351925
1175.0,1441,16051.933194
735.0,956,16057.731491
755.0,798,16062.466887
703.0,959,16068.175822
703.0,926,16073.767841
735.0,932,16079.384071
693.0,738,16083.841755
630.0,895,16089.126253
828.0,1125,16095.847817
672.0,1096,16102.31594
693.0,893,16107.647022
609.0,935,16113.259372
797.0,981,16119.086322
735.0,928,16124.563361
724.0,991,16130.459437
525.0,765,16134.945407
745.0,994,16140.827979
838.0,1156,16147.728999
828.0,950,16153.407879
1142.0,1451,16161.953865
588.0,960,16167.607533
839.0,938,16173.208956
860.0,1056,16179.519182
357.0,354,16181.57618
839.0,1066,16188.183708
693.0,968,16193.908792
1049.0,1322,16201.71498
588.0,720,16205.979941
818.0,1048,16212.260556
994.0,1117,16218.846762
734.0,968,16224.655611
859.0,1241,16232.004811
902.0,1093,16238.642256
786.0,973,16244.448203
933.0,1043,16250.816225
911.0,1141,16257.584615
933.0,1024,16263.662035
755.0,1061,16269.916481
901.0,918,16275.329503
703.0,942,16280.957477
797.0,804,16285.706019
807.0,1035,16291.899819
609.0,871,16297.045739
651.0,851,16302.130509
964.0,1001,16308.188103
954.0,1131,16314.855439
609.0,832,16319.772672
1164.0,1449,16328.380102
766.0,923,16333.8505
651.0,809,16338.662428
1028.0,1230,16346.007819
672.0,870,16351.184794
755.0,925,16356.674138
787.0,912,16362.107435
651.0,855,16367.141453
777.0,966,16372.940753
692.0,800,16377.647746
462.0,670,16381.720895
755.0,1037,16387.873604
745.0,946,16393.436736
546.0,674,16397.407318
630.0,928,16403.001194
672.0,962,16408.714883
735.0,1000,16414.587998
932.0,1148,16421.391694
828.0,1016,16427.533413
588.0,801,16432.245611
1079.0,1567,16441.754104
754.0,1058,16447.995863
567.0,722,16452.269526
462.0,643,16456.090744
849.0,1060,16462.37114
807.0,1053,16468.611032
682.0,901,16473.915346
399.0,609,16477.546612
797.0,1125,16484.229858
399.0,673,16488.1876
838.0,1226,16495.450872
1163.0,1349,16503.575264
525.0,838,16508.599148
693.0,901,16513.913678
786.0,1024,16520.011271
869.0,1220,16527.393026
630.0,818,16532.2985
787.0,922,16537.72801
807.0,1158,16544.593694
1268.0,1544,16553.729272
818.0,936,16559.268526
713.0,999,16565.206289
462.0,681,16569.276775
630.0,1007,16575.228579
755.0,899,16580.51309
672.0,989,16586.329758
797.0,1220,16593.734982
1121.0,1371,16601.868368
1069.0,1117,16608.450018
420.0,535,16611.644284
1016.0,1276,16619.403897
818.0,959,16625.118149
776.0,1249,16632.530277
483.0,846,16637.529581
724.0,950,16643.202393
786.0,1064,16649.639882
546.0,706,16653.846219
745.0,1001,16659.790673
890.0,1034,16665.969087
483.0,604,16669.516349
869.0,1238,16676.8676
441.0,540,16680.087122
1005.0,1154,16687.026084
829.0,1090,16693.474734
672.0,959,16699.122833
776.0,973,16704.867552
861.0,1063,16711.151919
807.0,1092,16717.587405
806.0,1222,16724.877858
777.0,959,16730.615401
713.0,1020,16736.641588
909.0,1360,16744.744626
546.0,784,16749.388828
755.0,902,16754.77461
745.0,890,16760.047426
953.0,1123,16766.73268
901.0,1025,16772.775124
693.0,956,16778.407409
745.0,834,16783.314154
912.0,1326,16791.395832
693.0,900,16796.965115
336.0,504,16799.908786
755.0,927,16805.389497
777.0,1098,16811.905408
1006.0,1223,16819.2898
879.0,1118,16825.875148
806.0,1018,16831.929325
682.0,973,16837.794604
723.0,897,16843.11421
462.0,642,16846.907637
703.0,897,16852.183218
724.0,993,16858.055306
756.0,1069,16864.399177
713.0,978,16870.256212
724.0,897,16875.539681
839.0,1124,16882.247039
870.0,1160,16889.251343
922.0,1123,16896.011901
1016.0,1225,16903.315335
609.0,798,16908.038256
703.0,931,16913.544107
902.0,974,16919.338328
913.0,1055,16925.58293
860.0,1059,16931.947104
879.0,1123,16938.726515
714.0,741,16943.130705
399.0,645,16946.947356
693.0,846,16951.950496
609.0,739,16956.322555
766.0,997,16962.198545
1026.0,1148,16969.071537
828.0,965,16974.861661
735.0,947,16980.439558
849.0,976,16986.23639
714.0,862,16991.508384
462.0,703,16995.663402
672.0,829,17000.633559
693.0,917,17006.126494
724.0,798,17010.892175
848.0,995,17016.796005
462.0,602,17020.373196
828.0,1057,17026.710686
913.0,1126,17033.582599
787.0,1126,17040.250893
1069.0,1340,17048.212861
630.0,894,17053.563775
787.0,866,17058.704485
672.0,869,17063.852195
420.0,710,17068.047967
703.0,854,17073.056684
869.0,1183,17080.048166
776.0,1109,17086.71643
745.0,1029,17092.846775
798.0,1086,17099.285538
441.0,582,17102.734743
1129.0,1431,17111.180971
828.0,1163,17118.039883
1059.0,1256,17125.545158
609.0,968,17131.298623
703.0,805,17136.075828
734.0,925,17141.537498
944.0,1453,17150.251701
682.0,1057,17156.477694
672.0,1117,17163.16813
1048.0,1170,17170.220086
724.0,943,17175.823431
693.0,1021,17181.914038
828.0,960,17187.552813
755.0,834,17192.501018
797.0,1026,17198.639849
839.0,922,17204.136752
588.0,900,17209.523095
609.0,785,17214.21177
943.0,1170,17221.112926
546.0,840,17226.141172
766.0,865,17231.318108
714.0,962,17237.029788
724.0,831,17241.906333
745.0,909,17247.272833
420.0,604,17250.83545
808.0,1009,17256.871378
1081.0,1422,17265.302186
745.0,800,17270.144073
630.0,982,17275.933901
504.0,815,17280.734507
1216.0,1600,17290.275508
609.0,975,17296.041183
588.0,797,17300.761311
588.0,801,17305.579715
1163.0,1511,17314.551454
1005.0,1289,17322.215315
630.0,734,17326.625289
868.0,965,17332.346926
829.0,1095,17338.870796
734.0,898,17344.128389
921.0,1224,17351.374015
838.0,1086,17357.856228
786.0,1032,17363.985905
765.0,1007,17369.938153
734.0,900,17375.230257
651.0,1086,17381.630972
692.0,940,17387.17311
787.0,869,17392.356188
609.0,797,17397.126309
483.0,722,17401.372388
985.0,1184,17408.524639
829.0,931,17414.067006
777.0,905,17419.395818
797.0,862,17424.51527
766.0,929,17430.062087
672.0,876,17435.210278
504.0,853,17440.211692
962.0,1198,17447.300534
849.0,1062,17453.585793
1112.0,1296,17461.219564
609.0,737,17465.5556
976.0,1280,17473.128189
995.0,1107,17479.654247
818.0,999,17485.651195
693.0,746,17490.135495
693.0,735,17494.491939
682.0,978,17500.25463
724.0,969,17506.021094
966.0,989,17511.918541
745.0,965,17517.670956
777.0,1165,17524.524802
879.0,1239,17531.872772
786.0,1106,17538.432916
766.0,996,17544.369268
1226.0,1640,17554.257678
996.0,963,17560.028566
879.0,1195,17567.145108
901.0,979,17572.921182
1046.0,1275,17580.496086
1176.0,1643,17590.332384
850.0,739,17594.657265
786.0,1035,17600.843922
974.0,1190,17607.898617
1102.0,1292,17615.559186
1501.0,1861,17627.058164
787.0,1022,17633.108383
911.0,986,17638.995388
921.0,1128,17645.678684
787.0,1003,17651.614563
838.0,991,17657.475408
797.0,1122,17664.213445
838.0,1180,17671.19827
567.0,611,17674.773506
546.0,845,17679.730191
1511.0,2029,17692.321748
923.0,901,17697.699029
693.0,972,17703.426769
755.0,934,17709.045171
1004.0,1140,17715.880436
962.0,1284,17723.483135
744.0,958,17729.168256
745.0,965,17734.886061
357.0,531,17737.990055
755.0,1029,17744.048815
1112.0,1301,17751.715596
994.0,1246,17759.149515
745.0,850,17764.167572
952.0,1226,17771.424544
483.0,636,17775.1865
870.0,1269,17782.855503
1129.0,1291,17790.658424
1490.0,1801,17801.330627
776.0,1125,17807.9725
735.0,1088,17814.380157
1016.0,1100,17820.970443
776.0,946,17826.624269
672.0,854,17831.730781
734.0,1065,17838.058995
942.0,1097,17844.578502
838.0,964,17850.270632
745.0,1056,17856.606399
860.0,1053,17862.840339
996.0,1186,17869.899335
693.0,981,17875.660318
901.0,1190,17882.765712
880.0,944,17888.416218
1099.0,1397,17896.692562
755.0,940,17902.219874
910.0,1072,17908.573596
889.0,1133,17915.288956
890.0,1077,17921.782426
828.0,931,17927.359046
931.0,1419,17935.933559
921.0,1213,17943.248098
902.0,1102,17949.906247
693.0,980,17955.794935
787.0,937,17961.422905
840.0,941,17967.047545
1153.0,1349,17975.071738
745.0,884,17980.276598
745.0,1108,17986.834003
850.0,905,17992.187131
974.0,1118,17998.798101
682.0,956,18004.452219
609.0,961,18010.184125
724.0,804,18014.945271
441.0,522,18018.001966
609.0,811,18022.813103
796.0,930,18028.366387
462.0,639,18032.131742
859.0,1100,18038.621538
483.0,668,18042.532329
693.0,736,18046.899757
745.0,835,18051.846938
776.0,930,18057.328813
797.0,1030,18063.410457
567.0,707,18067.65004
692.0,1010,18073.64567
735.0,1036,18079.765456
839.0,991,18085.660643
964.0,1318,18093.531841
776.0,912,18099.020528
630.0,766,18103.540756
693.0,834,18108.477539
777.0,948,18114.065069
682.0,911,18119.438084
881.0,1073,18125.795957
724.0,842,18130.869023
692.0,948,18136.567749
1131.0,1339,18144.502877
735.0,871,18149.624031
724.0,1067,18155.961477
693.0,745,18160.351653
693.0,901,18165.632929
881.0,1070,18171.990379
724.0,974,18177.72897
651.0,929,18183.184463
357.0,666,18187.156992
724.0,790,18191.797511
880.0,1054,18198.111519
651.0,926,18203.562245
714.0,907,18209.005659
745.0,896,18214.397183
745.0,821,18219.250857
630.0,921,18224.672102
714.0,800,18229.479638
703.0,883,18234.67424
630.0,893,18239.920161
818.0,963,18245.612973
744.0,1079,18252.155607
357.0,450,18254.822601
651.0,892,18260.123278
724.0,943,18265.744402
797.0,882,18270.998911
829.0,993,18276.887173
399.0,642,18280.684144
1006.0,1193,18287.802366
712.0,1008,18293.801847
703.0,1021,18299.874867
713.0,1057,18306.161445
766.0,961,18311.881781
756.0,902,18317.188658
672.0,828,18322.141097
755.0,861,18327.22328
567.0,603,18330.766561
869.0,1102,18337.390779
807.0,832,18342.281857
567.0,731,18346.590139
777.0,920,18351.998252
1206.0,1429,18360.606788
892.0,910,18365.956897
756.0,995,18371.819307
808.0,1065,18378.194833
952.0,1084,18384.580574
735.0,807,18389.310871
807.0,835,18394.212493
807.0,935,18399.800137
745.0,912,18405.199822
786.0,915,18410.69684
754.0,943,18416.318927
693.0,972,18422.085305
504.0,605,18425.740269
984.0,1386,18433.965442
1213.0,1362,18442.176212
912.0,1089,18448.713203
703.0,1117,18455.360464
807.0,1124,18462.024176
714.0,810,18466.809272
766.0,903,18472.154012
1059.0,1185,18479.121531
651.0,1051,18485.323529
870.0,1071,18491.6763
786.0,910,18497.047068
588.0,793,18501.735553
797.0,1024,18507.853578
787.0,1032,18514.044025
1207.0,1367,18522.206616
766.0,1056,18528.439952
881.0,914,18533.834104
651.0,809,18538.58482
890.0,1002,18544.512417
693.0,705,18548.665805
755.0,1004,18554.567945
899.0,1224,18561.906267
870.0,998,18567.782931
839.0,958,18573.414725
848.0,1056,18579.632831
776.0,1089,18586.07713
609.0,672,18590.223882
588.0,749,18594.67571
766.0,906,18600.010564
745.0,901,18605.313055
902.0,996,18611.220299
462.0,672,18615.165584
859.0,1152,18622.156222
870.0,1191,18629.222238
745.0,1071,18635.528022
765.0,931,18641.074929
