#{"env_id": "SpaceInvadersNoFrameskip-v4", "t_start": 1537702303.6375499}
r,l,t
30.0,300,3.108568
135.0,505,4.460201
90.0,420,5.539515
120.0,529,6.857637
120.0,319,7.644415
150.0,458,8.845032
105.0,362,9.739585
140.0,566,11.239309
180.0,684,12.986711
190.0,810,15.110365
225.0,648,16.920078
105.0,389,17.840727
165.0,743,19.606576
10.0,281,20.28098
50.0,402,21.232707
210.0,778,23.086065
80.0,485,24.249103
155.0,449,25.309932
150.0,666,26.888891
110.0,493,28.697051
330.0,913,34.267111
80.0,459,37.073161
410.0,607,40.791569
15.0,288,42.532788
300.0,933,48.302068
90.0,375,50.625814
210.0,534,53.889488
40.0,403,56.416979
50.0,305,58.251774
255.0,734,62.743007
120.0,460,65.561663
215.0,684,69.72852
65.0,440,72.45325
210.0,563,76.096346
65.0,393,78.482669
80.0,525,82.083888
180.0,535,85.506652
250.0,562,88.88586
100.0,293,90.633065
120.0,577,94.450765
245.0,708,98.743904
80.0,486,102.849798
220.0,670,107.573987
120.0,297,109.666221
200.0,605,113.867386
125.0,592,117.988087
210.0,583,122.038525
65.0,440,125.14738
125.0,499,128.618691
70.0,464,131.854771
230.0,615,136.150642
135.0,427,139.121217
40.0,359,141.629703
80.0,434,144.621583
120.0,546,148.440069
80.0,373,151.0306
210.0,642,155.488795
125.0,471,158.792578
225.0,836,164.648156
100.0,539,168.409306
50.0,263,170.216499
445.0,731,175.307816
180.0,527,178.960737
165.0,540,182.723471
105.0,539,186.473181
80.0,460,189.665396
80.0,388,192.414518
50.0,310,194.569079
225.0,662,199.26732
180.0,469,202.577994
85.0,308,204.743572
65.0,321,207.072844
165.0,508,210.671966
110.0,564,214.71874
155.0,349,217.176889
120.0,482,220.630619
105.0,395,223.374918
110.0,274,225.243533
150.0,502,228.674098
260.0,594,232.80316
180.0,517,236.400599
220.0,554,240.230076
230.0,617,244.52087
150.0,416,247.447112
60.0,294,249.437991
235.0,711,254.363751
235.0,743,259.582996
415.0,655,264.169869
60.0,290,266.154066
105.0,378,268.839454
105.0,366,271.372923
210.0,484,274.716639
430.0,659,279.21737
80.0,373,281.817088
80.0,397,284.560591
210.0,469,287.808191
115.0,460,290.9638
200.0,614,295.15643
55.0,288,297.167153
135.0,467,300.360274
80.0,421,303.600329
240.0,766,308.925389
100.0,297,311.075076
135.0,371,313.77072
240.0,574,317.771772
75.0,458,320.92827
130.0,415,323.778505
110.0,295,325.815048
155.0,465,329.275625
120.0,561,333.117726
155.0,410,335.844583
185.0,614,340.001489
240.0,530,343.51722
180.0,722,348.355083
140.0,525,351.882644
120.0,419,354.780264
440.0,1066,361.991938
130.0,555,365.800561
125.0,285,367.711035
165.0,627,372.013827
180.0,705,377.322728
380.0,827,382.972857
65.0,281,384.839613
330.0,609,389.005052
390.0,964,395.539198
210.0,579,399.463601
20.0,345,401.81514
315.0,670,406.340953
210.0,592,410.384498
110.0,626,414.62188
150.0,452,417.682439
90.0,298,419.705
90.0,396,422.367355
155.0,581,426.322345
115.0,479,429.601562
140.0,445,432.59357
65.0,279,434.473384
460.0,732,439.438202
135.0,551,443.697458
135.0,493,447.050274
115.0,474,450.289333
195.0,518,453.828913
290.0,757,458.974463
205.0,601,463.049375
715.0,1001,469.907551
215.0,553,473.622098
135.0,572,477.51511
295.0,814,483.022363
140.0,469,486.236311
240.0,656,490.672112
150.0,576,494.574243
130.0,397,497.220517
135.0,456,500.305861
80.0,311,502.430322
105.0,388,505.062023
125.0,402,507.777589
240.0,778,513.74501
105.0,351,516.151229
135.0,469,519.305663
180.0,577,523.251446
225.0,560,527.105269
90.0,383,529.749575
80.0,406,532.495034
90.0,431,535.428131
135.0,510,538.866199
185.0,840,544.576202
240.0,656,549.007011
325.0,913,555.281669
290.0,634,559.537047
320.0,677,564.125319
225.0,556,567.954592
30.0,422,570.871329
130.0,466,574.006583
150.0,494,577.403189
225.0,630,581.725721
240.0,604,586.244808
380.0,768,591.69368
315.0,734,596.898086
135.0,493,600.325663
140.0,574,604.43038
135.0,515,608.069319
220.0,586,612.607876
135.0,507,616.226148
230.0,791,621.886822
105.0,366,624.509053
170.0,468,627.819552
180.0,608,632.202729
135.0,496,635.77131
390.0,935,642.328245
215.0,599,646.503328
265.0,892,652.702588
485.0,768,661.273582
285.0,558,665.214698
230.0,604,669.555598
140.0,505,673.533249
130.0,356,675.754407
210.0,614,679.782206
135.0,521,683.039346
225.0,586,686.709551
290.0,1048,693.196058
210.0,501,696.274904
340.0,784,701.045833
35.0,284,702.759402
125.0,366,704.969542
75.0,265,706.575042
395.0,527,709.79521
195.0,636,713.710916
215.0,593,717.322941
200.0,595,721.224702
155.0,377,725.458641
480.0,765,730.213408
265.0,811,735.185215
290.0,565,739.219154
210.0,468,742.572892
160.0,508,746.24337
220.0,778,751.825033
40.0,280,753.845638
130.0,494,757.358773
135.0,518,761.077681
200.0,590,765.361465
310.0,868,771.518627
185.0,538,775.34175
220.0,566,779.356727
485.0,741,784.643953
195.0,465,787.925617
170.0,499,791.479074
125.0,470,794.818997
180.0,546,798.669609
210.0,483,802.122816
210.0,594,806.40571
120.0,598,810.713475
110.0,523,814.495524
315.0,758,819.901362
75.0,455,823.121347
260.0,755,828.669828
455.0,916,835.265483
325.0,668,840.14612
530.0,753,845.626665
55.0,373,848.154824
210.0,484,851.453322
35.0,302,853.492788
545.0,939,859.908379
245.0,738,864.928544
490.0,852,871.320942
275.0,720,876.445224
135.0,380,879.013057
275.0,639,883.37149
180.0,510,886.854709
350.0,667,891.417244
100.0,433,894.346564
215.0,612,898.512154
285.0,708,903.38882
395.0,797,908.856129
440.0,715,913.71315
180.0,546,917.455469
225.0,825,923.091231
195.0,769,928.403511
200.0,1096,935.981575
215.0,597,941.362002
240.0,738,946.358194
240.0,1150,954.17289
515.0,756,959.334927
240.0,773,964.589165
110.0,504,968.002847
285.0,941,974.487381
265.0,756,979.586293
390.0,725,984.5445
115.0,425,987.441175
220.0,696,992.213098
210.0,536,995.847053
335.0,863,1001.791075
305.0,985,1009.048214
165.0,525,1012.653044
185.0,524,1016.182356
55.0,358,1018.632528
150.0,530,1022.239321
130.0,505,1025.657872
105.0,613,1029.850709
110.0,460,1033.01662
315.0,739,1038.061238
335.0,815,1043.590118
335.0,728,1048.595498
75.0,463,1051.781421
290.0,717,1056.696356
295.0,869,1062.73293
285.0,913,1068.94806
245.0,708,1073.794192
190.0,545,1077.523489
230.0,609,1081.662697
695.0,998,1088.528358
290.0,785,1093.870483
285.0,689,1098.631204
505.0,838,1104.364959
130.0,550,1108.112024
445.0,917,1114.406853
300.0,679,1119.041981
425.0,670,1123.644596
200.0,734,1128.649397
315.0,870,1134.586451
315.0,618,1138.766667
125.0,535,1142.429768
245.0,1053,1150.099787
95.0,471,1153.334037
225.0,731,1158.356114
475.0,620,1162.606836
285.0,638,1167.009422
270.0,832,1172.740704
305.0,797,1178.229067
230.0,668,1182.801702
290.0,731,1187.814332
365.0,775,1193.126156
20.0,290,1195.113205
140.0,507,1198.58908
150.0,730,1203.601285
155.0,440,1206.613112
170.0,592,1210.633015
105.0,469,1213.839626
165.0,719,1219.368758
685.0,967,1226.399231
125.0,508,1229.707386
160.0,411,1232.224686
355.0,751,1236.927973
185.0,617,1240.719521
155.0,703,1245.012691
290.0,1036,1252.392262
130.0,524,1256.02054
215.0,504,1259.502237
395.0,707,1264.425838
125.0,664,1269.013649
285.0,998,1275.963559
400.0,1142,1283.886022
215.0,715,1288.803221
215.0,734,1293.947037
235.0,658,1298.530722
440.0,705,1303.393885
140.0,834,1309.187848
265.0,914,1315.497083
405.0,653,1320.026877
305.0,831,1325.857638
230.0,773,1331.181381
190.0,666,1335.77595
260.0,811,1341.409808
245.0,739,1346.511112
155.0,607,1350.702526
300.0,687,1355.41048
260.0,767,1360.725879
345.0,666,1365.385645
120.0,421,1368.295751
280.0,796,1373.852862
300.0,815,1379.53873
260.0,1026,1386.678259
265.0,961,1393.368711
485.0,734,1398.453228
225.0,1132,1406.328339
265.0,788,1411.857768
245.0,765,1417.16282
275.0,688,1421.949643
420.0,1207,1433.023189
290.0,889,1439.211761
230.0,636,1443.660832
300.0,1129,1451.495485
255.0,852,1457.513702
250.0,1184,1465.78345
500.0,910,1472.129127
440.0,996,1479.107004
460.0,922,1485.602124
275.0,650,1490.155684
260.0,634,1494.570599
420.0,953,1501.738506
455.0,784,1507.200576
320.0,1017,1514.299562
445.0,843,1520.12087
285.0,799,1525.711721
270.0,958,1532.438574
225.0,963,1539.15843
220.0,1213,1547.55168
320.0,684,1552.362416
715.0,1005,1559.40135
240.0,948,1566.024576
315.0,815,1572.352392
315.0,888,1578.632038
470.0,704,1583.566032
165.0,684,1588.350295
465.0,787,1593.869552
295.0,891,1600.126301
245.0,638,1604.554088
340.0,824,1610.359392
365.0,1117,1618.150367
315.0,985,1625.09141
500.0,702,1629.968363
315.0,586,1634.06753
445.0,989,1642.473107
235.0,591,1646.654285
560.0,1016,1653.775028
510.0,797,1659.32177
490.0,853,1665.233403
335.0,626,1669.629586
270.0,761,1674.890119
295.0,980,1681.785237
305.0,789,1687.301464
575.0,892,1693.506015
260.0,770,1698.896794
350.0,799,1704.486832
345.0,819,1710.185374
630.0,1069,1720.609685
335.0,1034,1727.79587
445.0,711,1732.697805
310.0,1020,1739.750711
305.0,825,1745.511484
100.0,568,1749.463616
320.0,772,1754.847836
460.0,798,1760.436993
415.0,1038,1767.680174
330.0,894,1773.987733
285.0,928,1780.46494
315.0,677,1785.132922
260.0,724,1790.894428
265.0,720,1795.904756
420.0,983,1802.73496
300.0,845,1808.58111
550.0,870,1814.582046
430.0,824,1820.255309
570.0,764,1825.562708
305.0,748,1830.767081
495.0,702,1835.697766
395.0,575,1839.686802
290.0,730,1844.756161
330.0,698,1849.56898
240.0,637,1853.995445
340.0,770,1859.330273
345.0,664,1863.944244
460.0,723,1868.90473
130.0,766,1874.382162
310.0,753,1879.664199
245.0,755,1884.937165
315.0,601,1889.215918
475.0,762,1894.507072
370.0,783,1899.911351
265.0,728,1904.964932
565.0,904,1911.227939
200.0,607,1915.448655
315.0,845,1921.280832
210.0,750,1926.531367
290.0,699,1931.406399
535.0,790,1936.917439
305.0,677,1941.642479
295.0,942,1948.237172
290.0,750,1953.448254
290.0,827,1959.179475
495.0,821,1964.898298
580.0,1274,1973.71894
35.0,334,1976.035815
245.0,837,1981.821514
365.0,724,1986.811844
515.0,750,1992.000556
230.0,775,1997.407785
420.0,835,2003.182762
185.0,597,2007.349623
285.0,730,2012.46539
340.0,815,2018.091915
250.0,564,2021.706801
450.0,1177,2028.962295
330.0,781,2033.80386
595.0,840,2039.180321
345.0,716,2044.183944
245.0,854,2050.111669
260.0,639,2054.580022
315.0,774,2059.919167
270.0,780,2065.310687
405.0,1082,2072.84475
515.0,1363,2082.276572
235.0,687,2087.024543
405.0,734,2092.168752
360.0,1187,2100.267236
345.0,853,2105.560422
560.0,770,2110.300695
345.0,753,2114.942704
520.0,756,2119.652642
565.0,834,2124.811768
305.0,853,2130.272233
360.0,908,2136.664168
390.0,822,2142.429484
270.0,838,2148.270204
515.0,899,2154.541532
240.0,690,2159.364089
285.0,718,2164.348886
685.0,1025,2171.400686
160.0,770,2176.800972
420.0,837,2182.817914
515.0,765,2188.172337
520.0,680,2192.884356
305.0,757,2198.080032
285.0,776,2205.029209
405.0,1027,2212.113475
360.0,759,2217.370432
335.0,721,2222.364507
315.0,711,2227.293486
360.0,836,2233.085325
260.0,822,2238.844777
465.0,764,2244.150926
490.0,806,2249.7421
630.0,924,2256.202272
295.0,830,2261.997439
475.0,803,2267.630208
545.0,665,2272.253406
335.0,796,2279.504838
420.0,819,2285.14223
350.0,646,2289.630499
545.0,815,2295.290782
320.0,749,2300.511708
335.0,790,2305.992211
500.0,1025,2313.057336
345.0,825,2318.769856
455.0,1099,2326.413442
215.0,600,2330.541806
465.0,949,2337.078074
305.0,784,2342.545309
245.0,866,2349.381814
295.0,754,2354.680699
440.0,1138,2362.664508
200.0,737,2367.882413
315.0,855,2373.891952
375.0,930,2380.387225
545.0,908,2386.777288
660.0,1025,2393.838369
130.0,555,2397.724445
505.0,1033,2404.88201
345.0,840,2410.67722
180.0,555,2414.521881
345.0,840,2420.39857
700.0,1296,2429.328417
475.0,1162,2437.442889
285.0,618,2441.70752
255.0,547,2445.557853
360.0,786,2451.00154
345.0,712,2455.950856
575.0,827,2461.664613
340.0,768,2466.961478
220.0,809,2472.623304
335.0,773,2478.107316
300.0,762,2483.440612
520.0,1072,2490.939883
285.0,732,2495.991185
270.0,807,2501.585211
345.0,886,2507.769754
800.0,1211,2516.131738
570.0,632,2520.551425
285.0,675,2525.29811
280.0,640,2529.737243
375.0,888,2535.831525
515.0,1360,2545.149493
580.0,995,2551.953281
215.0,512,2555.502356
385.0,916,2561.832857
420.0,929,2568.238906
755.0,1434,2578.124118
460.0,726,2583.15115
275.0,816,2588.868318
310.0,674,2593.548503
390.0,754,2598.758652
365.0,946,2605.322948
345.0,818,2611.064365
170.0,729,2616.127485
425.0,830,2621.866371
315.0,659,2626.424722
215.0,600,2630.561879
585.0,1101,2638.087146
810.0,1295,2647.029361
415.0,842,2652.872376
665.0,923,2659.279521
345.0,659,2663.911835
580.0,1404,2673.621227
420.0,709,2678.548684
360.0,690,2683.353766
595.0,825,2689.103956
305.0,887,2695.284276
630.0,1242,2704.173768
340.0,702,2708.516659
595.0,702,2712.893068
475.0,938,2718.668614
340.0,809,2723.869041
285.0,773,2729.293552
500.0,835,2735.107229
340.0,771,2740.434279
780.0,823,2746.130123
410.0,653,2750.684214
420.0,929,2757.091442
315.0,792,2762.579679
610.0,975,2769.328938
315.0,719,2774.696805
640.0,863,2780.775448
515.0,798,2786.320089
405.0,613,2790.61017
345.0,826,2796.343709
505.0,851,2802.3278
420.0,957,2808.984247
280.0,663,2813.621013
565.0,1066,2821.080898
330.0,771,2826.458216
855.0,1756,2839.462229
315.0,719,2844.528147
360.0,729,2849.677202
430.0,939,2856.237749
580.0,1202,2864.478907
190.0,610,2868.707181
440.0,866,2874.709258
290.0,778,2880.078052
345.0,655,2884.601841
295.0,794,2890.137307
330.0,837,2896.021775
490.0,839,2901.883128
445.0,1056,2909.208084
590.0,804,2914.804343
295.0,729,2919.869786
360.0,1076,2927.336587
600.0,1056,2934.684194
345.0,766,2939.97836
230.0,515,2943.572613
560.0,692,2948.400765
270.0,880,2954.5212
395.0,746,2959.682634
490.0,988,2966.533468
500.0,855,2972.437717
345.0,625,2977.635616
315.0,686,2982.787876
345.0,726,2987.908459
520.0,776,2993.277286
290.0,692,2998.052431
390.0,830,3003.805412
830.0,934,3010.278589
700.0,836,3016.018368
425.0,1043,3023.793179
395.0,736,3029.03126
345.0,684,3033.913641
360.0,827,3040.1
630.0,1407,3049.842149
355.0,718,3054.835835
530.0,675,3059.556878
395.0,986,3066.361922
835.0,918,3072.719521
350.0,694,3077.669892
310.0,680,3082.330465
220.0,764,3087.636168
440.0,615,3091.899199
155.0,409,3094.837406
390.0,747,3099.915197
625.0,933,3106.322466
410.0,775,3111.682683
390.0,828,3117.381023
500.0,881,3123.447358
530.0,862,3129.347263
670.0,691,3134.106159
755.0,1161,3142.075315
360.0,796,3147.538537
415.0,846,3153.34682
485.0,990,3160.163794
285.0,743,3165.285977
270.0,597,3169.385615
490.0,954,3175.946944
280.0,704,3180.806764
430.0,835,3186.567523
485.0,746,3191.740983
425.0,937,3198.206672
345.0,702,3203.05775
270.0,568,3207.042424
385.0,712,3211.994603
525.0,1017,3218.959269
340.0,667,3223.593339
385.0,768,3228.907173
410.0,850,3234.673431
230.0,797,3240.168591
230.0,802,3245.736994
410.0,691,3250.478822
150.0,657,3255.0647
290.0,898,3261.272002
320.0,842,3267.096817
600.0,1071,3274.369859
600.0,1158,3282.366296
605.0,1152,3290.20827
200.0,872,3296.230599
305.0,683,3301.004203
225.0,553,3304.823104
405.0,827,3310.545669
210.0,505,3314.041373
260.0,947,3320.554495
330.0,677,3325.243332
415.0,859,3331.231941
260.0,627,3335.543867
280.0,726,3340.542989
465.0,827,3346.247813
365.0,699,3351.078639
325.0,649,3355.600003
470.0,1014,3362.557431
295.0,713,3367.431547
285.0,637,3371.82473
290.0,942,3378.326913
360.0,788,3383.760014
420.0,809,3389.327888
350.0,772,3394.603209
380.0,1040,3401.742807
415.0,840,3407.475049
305.0,576,3411.443502
245.0,561,3415.293096
525.0,754,3420.487788
345.0,723,3425.453508
630.0,726,3430.404478
485.0,1189,3438.514121
385.0,1055,3445.788213
365.0,713,3450.747094
505.0,1008,3457.675751
230.0,782,3463.090603
340.0,691,3467.845697
515.0,959,3474.410615
585.0,693,3479.128852
485.0,1038,3486.221195
290.0,692,3490.944605
410.0,657,3495.433591
255.0,737,3500.482022
475.0,905,3506.646528
370.0,663,3511.210543
775.0,1088,3518.563723
580.0,943,3525.132682
610.0,825,3530.304979
595.0,1003,3536.458365
545.0,950,3542.250268
330.0,798,3547.142883
420.0,936,3552.83643
475.0,918,3558.431705
395.0,751,3563.021121
370.0,773,3567.741964
490.0,825,3572.803101
365.0,612,3576.533781
275.0,680,3580.680254
295.0,793,3585.520163
415.0,1007,3591.665821
315.0,825,3596.708483
415.0,669,3600.791366
575.0,1143,3607.69202
250.0,536,3610.93698
585.0,925,3616.567987
370.0,800,3621.451522
350.0,740,3625.972166
365.0,814,3630.93443
555.0,1551,3640.405176
620.0,712,3644.74454
605.0,1142,3651.695319
785.0,1080,3658.264458
500.0,614,3662.021019
330.0,790,3666.857725
225.0,860,3672.12282
680.0,1091,3678.838449
260.0,586,3682.436174
250.0,615,3686.307446
385.0,733,3690.890307
310.0,606,3694.688096
405.0,930,3700.684508
215.0,473,3703.824924
215.0,493,3707.278916
270.0,584,3710.942614
275.0,701,3715.373174
300.0,775,3720.218574
225.0,711,3724.711085
305.0,793,3729.568351
355.0,796,3734.457496
245.0,564,3737.907393
320.0,632,3741.830881
165.0,657,3746.040269
300.0,667,3750.463818
840.0,1352,3758.806212
395.0,1116,3765.584934
405.0,1010,3771.740834
600.0,1063,3778.205575
770.0,1111,3784.952679
490.0,753,3789.571333
625.0,796,3794.432792
505.0,787,3799.24681
430.0,749,3803.849864
425.0,848,3809.065655
395.0,730,3813.572422
360.0,702,3817.834737
470.0,897,3823.294001
350.0,847,3828.491691
335.0,665,3832.534792
280.0,783,3837.335512
725.0,914,3842.870345
250.0,840,3848.072393
475.0,867,3853.647095
630.0,1017,3859.834063
495.0,1063,3866.839919
245.0,595,3870.867058
335.0,720,3875.602068
735.0,688,3879.866055
420.0,918,3885.661541
600.0,930,3892.244969
600.0,1322,3900.815076
805.0,1280,3909.473568
425.0,953,3916.014383
535.0,735,3921.120908
415.0,758,3926.277636
405.0,792,3931.729044
540.0,612,3935.930117
260.0,620,3940.218122
685.0,883,3946.251719
750.0,1229,3954.576925
775.0,1239,3962.942007
350.0,839,3968.662427
575.0,1167,3976.691113
260.0,762,3982.92513
945.0,1012,3989.84694
605.0,1121,3997.475605
645.0,896,4003.664177
430.0,1076,4011.849057
375.0,707,4017.230624
935.0,1552,4027.935238
215.0,654,4032.317325
405.0,656,4036.731821
340.0,923,4043.103108
585.0,945,4050.299345
345.0,745,4058.159271
435.0,921,4064.786824
800.0,1368,4074.376046
465.0,795,4079.950059
445.0,830,4085.64722
390.0,705,4090.628089
205.0,785,4096.090238
420.0,776,4101.506346
300.0,782,4106.950713
575.0,809,4112.590469
380.0,957,4119.147136
460.0,747,4124.391522
605.0,935,4130.869862
545.0,1228,4139.287492
415.0,913,4145.597348
380.0,766,4150.896988
515.0,892,4157.029429
350.0,580,4161.027772
235.0,720,4165.962231
340.0,910,4172.36236
185.0,548,4176.164384
255.0,591,4180.196262
520.0,895,4186.324987
280.0,624,4190.620917
560.0,988,4197.504391
500.0,1097,4205.154244
320.0,772,4210.509781
180.0,663,4215.092286
295.0,761,4220.3616
240.0,591,4224.467381
220.0,790,4229.902994
355.0,827,4235.521364
525.0,818,4241.166513
405.0,984,4247.849887
425.0,671,4252.421584
320.0,742,4257.557619
675.0,671,4262.212466
350.0,793,4267.641927
510.0,1120,4275.372202
395.0,705,4280.26602
280.0,836,4286.016569
970.0,1550,4296.788513
370.0,933,4303.205711
325.0,837,4309.017015
340.0,805,4314.651158
345.0,682,4319.333482
290.0,604,4323.511988
690.0,1106,4331.154285
395.0,713,4336.101122
535.0,1039,4343.265672
350.0,644,4347.720869
500.0,793,4353.250664
530.0,1062,4360.637417
325.0,633,4364.995284
270.0,643,4369.448355
570.0,1017,4376.436695
420.0,612,4380.633839
300.0,612,4384.83226
680.0,1407,4394.51454
435.0,686,4399.238213
295.0,595,4403.437868
740.0,1005,4410.534819
390.0,679,4415.228513
560.0,1228,4423.655185
335.0,796,4429.150367
535.0,705,4434.02795
420.0,812,4439.644527
585.0,1266,4448.387035
310.0,728,4453.405833
235.0,750,4458.616502
800.0,1078,4466.089561
350.0,710,4471.032629
665.0,1110,4478.701417
390.0,844,4484.606341
585.0,978,4491.314218
210.0,634,4495.717223
360.0,702,4500.576898
410.0,882,4506.681515
315.0,844,4512.503333
235.0,537,4516.22679
340.0,754,4521.444196
715.0,871,4527.506211
400.0,810,4533.072886
460.0,911,4539.287355
470.0,941,4545.764235
515.0,933,4552.23075
505.0,958,4558.846122
365.0,846,4564.66422
500.0,924,4570.964009
450.0,828,4576.739587
500.0,678,4581.387246
905.0,1241,4590.029359
630.0,912,4596.289767
400.0,725,4601.307027
490.0,829,4606.965853
410.0,944,4613.393094
370.0,703,4618.268073
355.0,688,4623.05551
555.0,907,4629.259232
745.0,615,4633.548605
205.0,582,4637.556127
375.0,761,4642.77253
385.0,749,4647.94332
385.0,780,4653.347631
240.0,603,4657.51977
290.0,685,4662.2414
190.0,817,4667.924389
485.0,971,4674.640931
575.0,913,4681.000521
465.0,927,4687.368844
80.0,548,4691.119701
450.0,944,4697.585409
330.0,698,4702.343907
750.0,1086,4709.854736
455.0,735,4714.890887
600.0,1109,4722.512182
345.0,756,4727.811121
640.0,839,4733.60287
340.0,810,4739.230106
300.0,739,4744.287029
320.0,661,4748.776362
505.0,523,4752.320099
605.0,782,4757.620776
500.0,1042,4764.710287
400.0,872,4770.773917
420.0,691,4775.607765
485.0,895,4781.683596
230.0,573,4785.584439
350.0,628,4789.868633
565.0,762,4795.039945
225.0,685,4799.699807
310.0,693,4804.514532
390.0,625,4808.802442
310.0,716,4813.709124
465.0,993,4820.58079
395.0,1059,4827.90251
360.0,704,4832.790404
370.0,696,4837.60965
685.0,1100,4845.396708
260.0,833,4851.122384
720.0,883,4857.229763
485.0,1025,4864.341876
315.0,720,4869.336334
815.0,1331,4878.553669
600.0,1080,4885.989887
315.0,656,4890.609814
845.0,1264,4899.419286
745.0,813,4904.939182
525.0,1087,4912.31662
600.0,1373,4921.633225
300.0,711,4926.517114
680.0,972,4933.178123
145.0,521,4936.765197
1330.0,2335,4952.848458
375.0,720,4957.74999
550.0,912,4964.038269
495.0,1161,4971.997066
275.0,741,4977.119825
485.0,1009,4984.051244
560.0,921,4990.439956
450.0,823,4996.132161
340.0,918,5002.384892
510.0,767,5007.721028
465.0,955,5014.31466
410.0,732,5019.275877
610.0,1022,5026.237189
260.0,639,5030.700029
460.0,981,5037.419936
375.0,723,5042.381968
390.0,720,5047.331977
575.0,1217,5055.722553
540.0,817,5061.372699
430.0,871,5067.387467
315.0,697,5072.171834
485.0,1008,5078.995431
210.0,602,5083.219298
190.0,697,5088.010042
530.0,677,5092.67006
760.0,1234,5101.152025
310.0,867,5107.221099
275.0,696,5112.012103
760.0,993,5118.864241
355.0,608,5123.127743
545.0,902,5129.401175
290.0,629,5133.725017
440.0,934,5140.151501
485.0,874,5146.191528
255.0,574,5150.156104
400.0,1239,5158.750673
520.0,891,5164.839625
220.0,665,5169.428247
275.0,801,5175.007176
345.0,639,5179.344996
470.0,1102,5186.91542
545.0,1057,5194.233475
280.0,793,5199.707606
285.0,706,5204.624503
265.0,540,5208.330215
725.0,1261,5216.923299
335.0,748,5222.108916
725.0,951,5228.666677
375.0,693,5233.452869
120.0,529,5237.140937
330.0,693,5241.919096
535.0,1023,5249.036383
240.0,557,5252.854522
205.0,542,5256.580673
220.0,826,5262.151432
345.0,640,5266.639773
415.0,741,5271.942255
410.0,889,5278.014536
495.0,813,5283.5981
800.0,1159,5291.534505
585.0,1054,5298.860526
240.0,638,5303.267296
410.0,1092,5310.82791
415.0,613,5315.083717
260.0,713,5319.959181
170.0,556,5323.808763
480.0,1224,5332.300738
420.0,950,5338.846111
510.0,1107,5346.453097
275.0,686,5351.2238
365.0,964,5357.760182
245.0,545,5361.51115
445.0,998,5368.429377
545.0,1069,5375.797596
415.0,677,5380.454368
490.0,767,5385.761337
410.0,611,5390.145433
425.0,655,5394.62586
380.0,815,5400.248056
435.0,631,5404.62108
390.0,819,5410.255991
635.0,1200,5418.462261
600.0,1105,5426.031942
635.0,851,5431.938454
415.0,847,5437.709064
545.0,1261,5446.386357
975.0,1144,5454.145923
545.0,1303,5463.093509
655.0,1001,5470.014268
370.0,656,5474.642025
505.0,1008,5481.725628
490.0,1208,5490.141019
125.0,400,5492.95432
480.0,802,5498.423542
455.0,1173,5506.514952
295.0,600,5510.696207
405.0,918,5517.07056
800.0,1105,5524.709352
575.0,1075,5532.086338
410.0,748,5537.271648
485.0,630,5541.628829
600.0,1041,5548.849101
545.0,858,5554.83051
245.0,716,5559.792994
335.0,685,5564.62796
530.0,1000,5571.575438
605.0,1135,5579.436193
375.0,807,5585.062598
295.0,682,5589.751771
545.0,1285,5598.665214
330.0,613,5602.848211
565.0,721,5607.893656
480.0,808,5613.604577
400.0,827,5619.300059
600.0,1011,5626.344596
290.0,677,5630.9763
420.0,1041,5638.197154
305.0,641,5642.634819
320.0,659,5647.142213
150.0,654,5651.638689
490.0,824,5657.308148
420.0,764,5662.593787
470.0,851,5668.576044
440.0,924,5674.908185
150.0,494,5678.321425
155.0,321,5680.472997
175.0,469,5683.665252
520.0,872,5689.699852
460.0,1077,5697.14504
600.0,1061,5704.325108
525.0,1042,5711.424035
300.0,699,5716.257143
775.0,1053,5723.422685
370.0,750,5728.679766
200.0,547,5732.463854
330.0,668,5737.090954
305.0,776,5742.43426
530.0,966,5749.126541
425.0,876,5755.176626
275.0,795,5760.656265
620.0,773,5765.975903
495.0,965,5772.542765
405.0,762,5777.860662
1000.0,1148,5785.727145
275.0,512,5789.247966
550.0,811,5794.805259
245.0,690,5799.568495
465.0,784,5804.93197
570.0,1121,5812.660471
380.0,775,5817.951037
190.0,479,5821.231487
395.0,951,5827.719707
350.0,836,5833.48663
565.0,745,5838.596072
605.0,890,5844.683081
500.0,1084,5852.206259
400.0,936,5858.797863
775.0,1023,5865.814482
505.0,1030,5872.876486
160.0,592,5876.933264
635.0,981,5883.668454
330.0,881,5889.777539
800.0,1322,5898.74344
900.0,1391,5908.363588
715.0,1121,5916.096781
365.0,884,5922.098512
575.0,1227,5930.446379
260.0,798,5935.965363
190.0,641,5940.414742
495.0,989,5947.18857
460.0,1060,5954.470649
425.0,992,5961.28221
520.0,964,5967.917854
625.0,981,5974.792386
470.0,912,5981.021679
545.0,940,5987.488386
445.0,995,5994.312657
690.0,958,6000.903258
255.0,840,6006.708024
355.0,832,6012.401839
480.0,859,6018.324988
880.0,1183,6026.492794
405.0,685,6031.277359
435.0,1026,6038.41258
605.0,1067,6045.66419
310.0,569,6049.676785
600.0,834,6055.322957
460.0,922,6061.67064
460.0,932,6068.011794
385.0,620,6072.26413
570.0,1040,6079.346835
860.0,1505,6089.579148
325.0,977,6096.254999
360.0,696,6101.011988
600.0,1161,6108.934245
1165.0,1707,6120.766107
670.0,835,6126.451862
565.0,889,6132.649792
555.0,769,6138.013806
1225.0,1971,6153.650879
605.0,1083,6161.164753
280.0,774,6166.572437
265.0,588,6170.66248
380.0,1055,6177.935673
285.0,850,6183.785717
1000.0,1122,6191.511383
240.0,619,6195.811271
545.0,1036,6203.021313
380.0,820,6208.743955
230.0,796,6214.987003
375.0,792,6220.45681
630.0,815,6226.085358
515.0,699,6230.980079
255.0,522,6234.58311
450.0,856,6240.475164
600.0,1051,6247.698522
550.0,950,6254.262644
715.0,1029,6261.388818
700.0,1014,6268.369962
500.0,893,6274.479677
300.0,909,6280.828094
585.0,820,6286.53602
500.0,1038,6293.739365
510.0,1173,6301.847939
570.0,1262,6310.498799
570.0,950,6317.033597
190.0,893,6323.223885
465.0,927,6329.710789
365.0,842,6335.45984
320.0,668,6340.079736
655.0,833,6345.841939
610.0,877,6351.827996
425.0,772,6357.118332
515.0,1048,6364.261324
175.0,635,6368.536581
335.0,631,6372.901163
305.0,622,6377.218864
530.0,972,6383.829761
425.0,723,6388.807654
525.0,1162,6396.775105
395.0,736,6401.816266
525.0,970,6408.545526
335.0,747,6413.73934
600.0,1243,6422.244419
330.0,853,6428.117828
690.0,840,6433.804142
445.0,839,6439.615466
565.0,715,6444.467729
450.0,827,6450.212093
720.0,1133,6457.895894
250.0,717,6462.850036
435.0,979,6469.430451
305.0,711,6474.288586
300.0,709,6479.054623
545.0,1103,6486.595527
555.0,765,6491.78003
365.0,944,6498.134833
800.0,1214,6506.328671
455.0,976,6512.856248
370.0,855,6518.782575
720.0,1003,6525.519847
260.0,614,6529.799598
670.0,985,6536.430306
435.0,638,6540.816568
360.0,709,6545.727554
645.0,963,6552.404233
445.0,874,6558.47743
515.0,820,6564.197477
220.0,598,6568.350644
720.0,1323,6577.571574
515.0,1168,6585.51837
260.0,564,6589.351784
540.0,1231,6597.757735
305.0,578,6601.788887
490.0,907,6608.038538
425.0,788,6613.331185
540.0,1021,6620.263659
465.0,891,6626.339828
570.0,1240,6634.904891
630.0,1009,6641.850833
220.0,688,6646.571549
420.0,750,6651.673759
375.0,709,6656.577763
600.0,1005,6663.52271
540.0,1029,6670.571927
320.0,844,6676.456276
455.0,911,6682.770691
625.0,697,6687.601077
470.0,942,6694.104068
890.0,1628,6705.348877
575.0,1062,6712.616306
455.0,936,6719.023189
300.0,620,6723.186442
450.0,936,6729.54595
575.0,1062,6736.740154
335.0,761,6741.905287
500.0,953,6748.364911
620.0,918,6754.68398
90.0,379,6757.252353
600.0,1143,6765.04742
540.0,1011,6771.885281
535.0,979,6778.506248
445.0,901,6784.597989
340.0,786,6789.95539
335.0,570,6793.841641
310.0,864,6799.722624
510.0,1042,6806.812623
625.0,847,6812.555316
320.0,691,6817.318034
525.0,1009,6824.155698
485.0,975,6830.73277
370.0,603,6834.781543
390.0,763,6840.220471
600.0,1247,6848.960565
400.0,845,6854.981006
165.0,497,6858.100733
480.0,827,6863.432683
700.0,882,6869.684821
540.0,702,6874.39113
580.0,740,6879.473401
490.0,887,6885.550575
530.0,731,6890.633777
550.0,735,6895.629446
690.0,982,6902.328262
415.0,806,6907.705256
545.0,1127,6915.279727
270.0,812,6920.756376
490.0,1098,6928.061667
605.0,1021,6934.912503
595.0,802,6940.261846
555.0,1034,6947.264671
460.0,927,6953.491956
465.0,1125,6960.594213
600.0,1127,6967.395851
825.0,879,6972.713844
580.0,687,6976.935765
540.0,983,6982.83875
210.0,549,6986.225872
395.0,705,6990.490635
630.0,1003,6996.543121
465.0,776,7001.202288
590.0,726,7005.781441
395.0,800,7011.099301
600.0,1028,7017.85065
600.0,921,7023.962526
515.0,944,7030.353472
405.0,841,7036.007922
605.0,1083,7043.239209
420.0,1089,7050.513385
470.0,1083,7057.901336
410.0,804,7063.257417
435.0,1036,7070.145068
400.0,942,7076.49041
440.0,825,7081.988071
540.0,1081,7089.207228
100.0,381,7091.722984
495.0,859,7097.479591
640.0,834,7103.054137
310.0,908,7109.135659
295.0,715,7113.909223
600.0,1335,7122.947461
495.0,886,7128.95926
440.0,1071,7136.203181
280.0,730,7141.126364
315.0,839,7146.838624
695.0,1037,7153.886213
630.0,814,7159.410337
280.0,605,7163.523678
570.0,827,7169.071296
335.0,709,7173.899777
470.0,968,7180.45917
450.0,934,7186.723595
605.0,972,7193.28087
335.0,655,7197.65717
420.0,834,7203.23655
470.0,965,7209.652715
470.0,992,7216.236835
600.0,1251,7224.661758
525.0,890,7230.600169
425.0,1037,7237.616109
240.0,726,7242.537994
255.0,567,7246.404118
160.0,505,7249.834278
680.0,1373,7259.165096
155.0,678,7263.773095
475.0,806,7269.239328
410.0,789,7274.701971
605.0,935,7281.009763
675.0,823,7286.634039
835.0,1550,7297.289501
520.0,1066,7304.902349
510.0,1007,7311.768877
430.0,753,7316.894057
530.0,877,7322.851895
550.0,1341,7331.949322
550.0,998,7338.759277
545.0,1194,7346.882359
1180.0,1915,7359.892027
495.0,812,7365.378003
240.0,539,7369.071034
525.0,1111,7376.567437
280.0,660,7381.070382
290.0,576,7385.037944
275.0,658,7389.518142
420.0,841,7395.192339
580.0,926,7401.477986
600.0,1171,7409.427018
160.0,508,7412.941037
420.0,1035,7420.00505
535.0,739,7425.020499
570.0,1189,7433.115848
440.0,802,7438.557313
300.0,902,7444.689679
500.0,893,7450.773355
390.0,749,7455.908356
750.0,951,7462.343397
235.0,747,7467.487896
450.0,1200,7475.668776
695.0,1030,7482.644377
600.0,1094,7490.00564
880.0,1332,7498.892459
355.0,663,7503.463785
345.0,705,7508.277648
300.0,618,7512.490541
490.0,902,7518.625288
650.0,837,7524.343943
375.0,906,7530.533339
605.0,1066,7537.87844
500.0,1125,7545.498085
500.0,876,7551.351641
360.0,741,7556.323749
505.0,1093,7563.606157
420.0,751,7568.710564
240.0,666,7573.367823
280.0,648,7577.773288
600.0,1097,7585.236299
725.0,902,7591.23855
360.0,653,7595.637394
545.0,710,7600.480618
285.0,646,7604.893545
380.0,853,7610.70749
570.0,1219,7619.032303
370.0,851,7624.824625
510.0,1121,7632.360854
150.0,365,7634.854072
455.0,909,7640.984782
325.0,646,7645.360829
480.0,905,7653.488389
420.0,779,7658.771251
175.0,840,7664.485253
215.0,469,7667.645287
725.0,1447,7677.428681
430.0,711,7682.241966
205.0,680,7686.800919
675.0,1308,7695.511936
970.0,1469,7705.28679
510.0,1060,7712.382885
505.0,856,7718.160079
1205.0,1836,7730.555037
800.0,991,7737.24282
395.0,1005,7743.995998
545.0,973,7750.51063
345.0,746,7755.53876
605.0,1013,7762.386004
600.0,1012,7769.206651
600.0,1112,7776.671549
320.0,608,7780.859089
275.0,736,7785.833117
810.0,1053,7792.889536
335.0,726,7797.801492
555.0,1060,7804.984301
570.0,1046,7811.966678
730.0,986,7818.654463
885.0,1523,7828.855117
755.0,916,7834.973372
865.0,1629,7845.737752
575.0,901,7851.776262
320.0,873,7858.56213
240.0,661,7863.462928
400.0,749,7868.486656
345.0,970,7875.169431
550.0,1228,7884.169664
620.0,829,7889.844056
360.0,680,7894.452787
775.0,1225,7902.719534
465.0,911,7908.846421
1425.0,1680,7920.169147
345.0,683,7924.757609
340.0,729,7931.279916
855.0,1569,7941.870799
365.0,857,7947.64754
600.0,823,7953.225662
575.0,1058,7960.35573
440.0,661,7964.746217
860.0,983,7971.375978
650.0,921,7977.645576
205.0,470,7980.807244
520.0,1068,7987.948005
415.0,722,7992.843415
545.0,821,7998.120777
800.0,1064,8004.58071
900.0,972,8010.482833
305.0,830,8015.478029
820.0,1759,8026.096187
555.0,1122,8032.81812
605.0,972,8038.656447
470.0,1070,8045.070074
650.0,835,8050.128518
500.0,1211,8059.129444
515.0,1134,8065.918189
440.0,719,8070.27547
345.0,696,8074.477013
835.0,1186,8081.573735
465.0,924,8087.147155
500.0,872,8092.394439
390.0,789,8097.160719
525.0,840,8102.222383
545.0,958,8108.005773
555.0,1104,8114.641928
815.0,818,8119.551672
1370.0,2469,8134.501741
470.0,869,8139.712863
305.0,707,8143.980577
615.0,1002,8149.996222
635.0,1024,8156.112952
495.0,959,8161.8839
420.0,789,8166.629577
295.0,568,8170.033641
455.0,873,8175.349697
375.0,687,8180.072414
805.0,1497,8189.167879
320.0,675,8193.589942
575.0,1309,8201.48014
490.0,919,8207.789588
765.0,1400,8217.155833
600.0,1499,8227.185702
525.0,1163,8235.003515
370.0,714,8239.852473
415.0,837,8245.485694
775.0,1084,8254.341934
575.0,1034,8261.247283
560.0,628,8265.105344
930.0,867,8270.325938
490.0,1208,8277.590666
600.0,1185,8284.688795
1205.0,1608,8294.359246
440.0,718,8298.679167
470.0,856,8303.814773
775.0,1057,8310.882618
485.0,859,8315.998153
835.0,1195,8323.146378
470.0,1223,8330.481898
365.0,656,8334.424656
775.0,1287,8342.057102
295.0,674,8346.126228
545.0,1030,8352.732904
810.0,1086,8360.105415
435.0,921,8366.240225
360.0,813,8371.760804
325.0,614,8375.925351
365.0,804,8381.306976
380.0,1032,8388.248435
310.0,717,8393.097341
465.0,838,8398.821808
505.0,911,8404.997895
575.0,1050,8411.99763
835.0,1062,8419.117607
370.0,791,8424.389914
300.0,755,8429.47162
800.0,1212,8437.530234
545.0,998,8444.140149
370.0,869,8450.06309
330.0,564,8453.862074
725.0,1030,8460.797945
800.0,1175,8468.612729
280.0,565,8472.37612
605.0,1123,8479.938314
465.0,909,8485.989431
675.0,751,8491.002017
445.0,920,8497.081396
605.0,965,8503.572144
375.0,959,8509.990855
600.0,1209,8518.026424
570.0,1090,8525.277018
675.0,1493,8535.228274
540.0,1055,8542.117083
715.0,1276,8550.497626
570.0,969,8556.899449
425.0,804,8562.246907
765.0,1389,8571.524433
285.0,749,8576.588361
730.0,1503,8586.670552
315.0,586,8590.553009
460.0,756,8596.154644
745.0,973,8602.773079
495.0,881,8608.904016
320.0,588,8612.924329
570.0,1209,8621.095798
495.0,1019,8627.993052
480.0,966,8634.559894
685.0,955,8641.090909
550.0,1124,8648.65115
275.0,973,8655.266604
305.0,794,8660.577644
545.0,905,8666.707043
585.0,932,8672.995629
600.0,1123,8680.508234
355.0,898,8686.594709
480.0,890,8692.635231
675.0,1476,8702.556857
715.0,870,8708.442947
600.0,1114,8715.927742
500.0,1118,8723.479874
425.0,865,8729.328203
340.0,676,8733.982592
380.0,811,8739.442337
385.0,917,8745.658827
490.0,997,8752.352453
525.0,1305,8761.061591
485.0,910,8767.177277
440.0,759,8772.267434
455.0,967,8778.876345
695.0,1448,8788.599237
280.0,636,8792.98471
585.0,677,8797.498485
265.0,630,8801.685022
415.0,654,8806.098371
895.0,1003,8812.841551
570.0,1157,8820.631505
550.0,801,8826.008803
410.0,699,8830.760877
490.0,1161,8838.519017
310.0,756,8843.641564
290.0,704,8848.420529
400.0,810,8853.966763
390.0,1062,8861.144443
565.0,983,8867.792879
605.0,939,8874.078951
415.0,935,8880.348403
545.0,997,8887.068318
575.0,1151,8894.792507
345.0,795,8900.186214
695.0,1225,8908.525209
600.0,1131,8916.14886
605.0,1001,8922.883648
450.0,1056,8930.046828
515.0,952,8936.481479
350.0,817,8941.920195
385.0,947,8948.21094
410.0,663,8952.618676
975.0,813,8958.119949
1070.0,1923,8971.237417
570.0,1074,8978.364115
280.0,689,8982.936667
280.0,839,8988.67899
415.0,935,8994.985918
460.0,772,9000.18187
435.0,805,9005.642878
435.0,815,9011.167659
490.0,1059,9018.330491
365.0,762,9023.474889
910.0,1644,9034.654051
515.0,1036,9041.572348
335.0,711,9046.297644
415.0,717,9051.174159
425.0,667,9055.732431
425.0,780,9061.067394
500.0,741,9066.065569
320.0,549,9069.735828
575.0,1024,9076.765603
315.0,742,9081.772882
310.0,603,9085.860496
685.0,797,9091.28294
545.0,1052,9098.416205
640.0,923,9104.620303
460.0,800,9110.030173
450.0,652,9114.446898
600.0,1080,9121.704697
485.0,723,9126.557567
1110.0,1588,9137.347117
460.0,920,9143.53337
600.0,987,9150.149961
415.0,826,9155.772829
570.0,1196,9163.798779
370.0,614,9168.029527
565.0,1142,9175.673067
940.0,1143,9183.397143
800.0,1239,9191.590634
585.0,818,9197.068582
600.0,1081,9204.356593
435.0,1070,9211.575175
770.0,1131,9219.180088
1175.0,1223,9227.395844
380.0,941,9233.78981
310.0,755,9238.874924
345.0,776,9244.155188
770.0,1269,9252.719347
335.0,833,9258.389882
1390.0,1821,9270.662002
690.0,947,9277.051094
520.0,1087,9284.424746
1105.0,1694,9295.889315
345.0,812,9301.352895
800.0,1053,9308.469794
660.0,1286,9317.239954
745.0,1109,9324.689057
370.0,782,9330.050815
380.0,804,9335.507008
955.0,1261,9343.987566
295.0,788,9349.312985
775.0,1199,9357.38723
1345.0,1871,9370.042645
465.0,847,9375.718984
730.0,1250,9384.150311
825.0,1091,9391.444764
600.0,1125,9399.717555
345.0,804,9405.126352
135.0,385,9407.733358
600.0,1019,9414.368938
720.0,880,9420.204432
530.0,1053,9427.338198
575.0,1112,9434.670144
520.0,1006,9441.347218
915.0,1061,9448.338593
470.0,966,9454.674388
475.0,838,9460.191497
360.0,695,9464.77187
525.0,1007,9471.367744
345.0,838,9476.971678
725.0,1003,9483.489565
385.0,723,9488.364154
530.0,1036,9495.3003
690.0,862,9500.97625
355.0,600,9505.061707
380.0,977,9511.609546
330.0,628,9515.884356
455.0,737,9520.824811
370.0,806,9526.270432
630.0,1088,9533.575336
505.0,887,9539.422151
340.0,611,9543.465265
320.0,713,9548.221987
340.0,753,9553.157628
900.0,1708,9564.775223
375.0,821,9570.334242
560.0,958,9576.756131
425.0,781,9582.034872
305.0,616,9586.14205
665.0,1036,9593.025666
545.0,953,9599.399151
555.0,1024,9606.294183
370.0,1090,9613.541446
385.0,641,9617.754108
365.0,998,9624.378866
385.0,860,9630.086914
950.0,1176,9637.962878
470.0,986,9644.562779
325.0,634,9648.852727
310.0,853,9654.547183
315.0,696,9659.182157
580.0,1000,9665.878107
950.0,1487,9675.863971
545.0,968,9682.292872
1145.0,1373,9691.606746
410.0,631,9695.842609
395.0,607,9699.974839
400.0,836,9705.574611
575.0,927,9711.834436
775.0,1333,9720.657603
745.0,976,9727.213812
315.0,651,9731.578102
320.0,808,9736.996008
555.0,1204,9745.120643
440.0,1001,9751.773229
450.0,973,9758.238682
400.0,968,9764.668778
390.0,768,9769.840165
365.0,794,9775.166524
390.0,704,9779.865135
810.0,1592,9790.575698
450.0,821,9796.092866
495.0,1032,9803.024352
1065.0,1558,9814.113412
465.0,896,9820.2791
305.0,626,9824.519181
670.0,1124,9832.303285
770.0,1038,9839.302314
570.0,1253,9847.759966
500.0,956,9854.305352
460.0,807,9859.786558
445.0,1012,9866.599326
785.0,1436,9876.359461
500.0,1063,9883.509975
1030.0,1862,9896.069829
915.0,1678,9907.389747
745.0,1184,9915.322605
550.0,970,9921.855958
530.0,1040,9928.915753
410.0,873,9936.934337
500.0,888,9942.956252
555.0,838,9948.541843
585.0,712,9953.372991
895.0,1139,9960.994819
555.0,1251,9969.454006
360.0,797,9974.887681
725.0,1453,9984.729745
445.0,1078,9992.046572
400.0,774,9997.246472
890.0,1728,10008.871973
685.0,791,10014.229991
400.0,886,10020.158264
800.0,1213,10028.290454
230.0,670,10032.786397
600.0,1113,10040.30845
575.0,1240,10048.648956
305.0,641,10052.972481
460.0,929,10059.227063
320.0,628,10063.523999
545.0,787,10068.867371
680.0,965,10075.382347
465.0,1053,10082.522146
745.0,1073,10089.807694
275.0,592,10093.835494
200.0,503,10097.259001
305.0,765,10102.422062
630.0,1038,10109.497872
850.0,1571,10120.216195
445.0,918,10126.41213
490.0,903,10132.574134
410.0,829,10138.232327
600.0,1200,10146.230019
575.0,1038,10153.233439
675.0,1201,10161.37947
605.0,869,10167.259684
245.0,547,10171.008407
495.0,873,10177.011814
605.0,842,10182.713165
640.0,1116,10190.312619
485.0,665,10194.867664
435.0,657,10199.312076
600.0,1051,10206.486506
935.0,1786,10218.331863
425.0,962,10224.806265
540.0,1149,10232.58884
405.0,813,10238.066578
590.0,1222,10246.340362
555.0,731,10251.306181
445.0,1036,10258.350311
460.0,957,10264.855357
380.0,601,10268.948016
1015.0,1779,10281.16159
350.0,914,10287.474439
435.0,672,10292.078806
570.0,1017,10298.906009
600.0,936,10305.210469
675.0,1283,10313.921997
745.0,993,10320.659591
485.0,996,10327.391453
420.0,832,10333.046851
485.0,1006,10339.856696
600.0,914,10346.011164
360.0,806,10351.516763
550.0,840,10357.214591
545.0,972,10363.77418
520.0,896,10369.92253
740.0,1243,10378.514706
365.0,810,10383.983997
890.0,1196,10392.045074
495.0,1044,10399.087472
500.0,1044,10406.131582
585.0,984,10412.850204
315.0,779,10418.127192
550.0,921,10424.316346
775.0,899,10430.397498
470.0,798,10435.740649
620.0,880,10441.671585
515.0,842,10447.329905
615.0,829,10452.895108
330.0,541,10456.546603
370.0,598,10460.605973
745.0,1093,10467.93035
470.0,895,10473.971089
340.0,706,10478.786639
600.0,1266,10487.231086
915.0,1456,10496.902918
225.0,555,10500.607976
800.0,1124,10508.058074
615.0,746,10513.018562
575.0,1325,10521.748847
650.0,1363,10530.835322
245.0,643,10535.135297
275.0,637,10539.366441
715.0,1066,10546.532723
1205.0,1445,10556.095673
500.0,971,10562.485004
915.0,899,10568.379493
1140.0,1943,10581.271977
605.0,927,10587.36919
330.0,632,10591.567688
495.0,1015,10598.230208
135.0,391,10600.81473
545.0,1177,10608.519253
470.0,1114,10615.816542
315.0,543,10619.402929
665.0,1122,10626.717574
415.0,572,10630.471085
380.0,772,10635.484058
500.0,1121,10642.785958
415.0,848,10648.345785
450.0,914,10654.361512
1005.0,2048,10667.684926
365.0,737,10672.511528
345.0,659,10677.394454
540.0,862,10683.143316
570.0,1189,10691.164916
555.0,1070,10698.345584
800.0,1171,10706.188562
465.0,947,10712.567958
475.0,1113,10720.100635
415.0,828,10725.736455
425.0,824,10731.354412
295.0,700,10736.106665
775.0,1063,10743.209336
570.0,1225,10751.451915
365.0,757,10756.535974
520.0,973,10763.049913
490.0,928,10769.246749
325.0,599,10773.392507
525.0,957,10779.80288
545.0,804,10785.222315
495.0,857,10790.947022
475.0,980,10797.48085
470.0,963,10803.914397
720.0,977,10810.326417
390.0,771,10815.449778
805.0,1118,10822.916929
390.0,692,10827.540133
605.0,1066,10834.654785
75.0,387,10837.275558
585.0,586,10841.266848
840.0,1551,10851.595031
570.0,965,10857.936532
330.0,785,10862.967861
600.0,1027,10869.200854
250.0,543,10872.483459
430.0,867,10877.785108
735.0,1368,10886.023199
915.0,931,10891.670255
770.0,1012,10897.737184
550.0,1090,10904.587806
720.0,935,10910.279697
325.0,679,10914.361483
465.0,770,10918.970914
805.0,987,10924.929011
600.0,1210,10932.16445
540.0,1166,10939.152855
440.0,1043,10945.408922
420.0,602,10949.066298
670.0,1180,10956.167122
710.0,1160,10963.130823
800.0,1354,10971.240937
335.0,612,10974.945227
690.0,999,10980.964359
545.0,932,10986.564655
550.0,1139,10993.772031
370.0,912,10999.805059
600.0,1095,11006.970767
515.0,833,11012.5518
520.0,1060,11019.517117
500.0,1063,11026.557519
540.0,849,11032.135001
440.0,1128,11039.63097
350.0,589,11043.691512
400.0,865,11049.528223
695.0,1009,11056.279997
820.0,1356,11065.34487
575.0,1014,11072.151992
500.0,1132,11079.81392
600.0,999,11086.483681
255.0,627,11090.655437
800.0,1574,11101.192034
745.0,1154,11108.992576
425.0,975,11115.591454
495.0,662,11120.026302
465.0,1024,11126.945763
780.0,1306,11135.66962
570.0,1155,11143.27128
910.0,1767,11155.043567
700.0,1322,11163.807841
545.0,1211,11171.971154
600.0,1157,11179.745882
575.0,1069,11186.864103
275.0,669,11191.321495
600.0,1288,11199.966936
500.0,1019,11206.776209
605.0,1114,11214.169947
495.0,787,11219.470688
725.0,875,11225.120657
715.0,1024,11231.275637
545.0,782,11235.98157
960.0,1604,11245.640765
400.0,546,11248.9705
540.0,976,11254.894629
1200.0,1917,11266.429813
600.0,1223,11273.744267
550.0,1161,11280.70236
430.0,909,11286.17382
515.0,1022,11292.304082
575.0,1139,11299.130074
1105.0,1687,11309.268498
395.0,753,11313.810832
470.0,905,11319.240992
365.0,762,11323.828263
545.0,991,11329.807262
600.0,1144,11336.643515
545.0,1210,11343.886154
430.0,686,11348.011934
570.0,849,11353.113268
325.0,699,11357.346487
715.0,1194,11364.534833
485.0,674,11368.60367
180.0,405,11371.06299
335.0,606,11374.704502
610.0,1104,11381.35353
380.0,843,11386.427342
535.0,760,11390.987363
475.0,860,11396.149455
185.0,694,11400.344449
775.0,1135,11407.177852
600.0,1091,11413.718526
125.0,498,11416.734429
755.0,1441,11425.438694
720.0,938,11431.080056
550.0,1077,11437.557251
600.0,1141,11444.397494
280.0,816,11449.316002
530.0,1004,11455.352875
715.0,884,11460.642443
215.0,618,11464.345689
475.0,805,11469.208071
250.0,668,11473.286689
645.0,946,11479.031439
415.0,592,11482.599321
245.0,539,11485.854417
450.0,877,11491.153973
455.0,791,11495.953347
440.0,875,11501.21871
230.0,624,11504.986103
315.0,523,11508.153887
445.0,954,11513.888404
395.0,664,11517.870691
210.0,687,11522.018704
270.0,594,11525.587852
470.0,876,11530.84896
540.0,917,11536.355809
260.0,686,11540.505823
530.0,794,11545.274515
385.0,638,11549.142381
600.0,1018,11555.235495
555.0,675,11559.317139
475.0,901,11564.724978
1090.0,1952,11576.502644
500.0,1212,11583.77295
570.0,967,11589.571715
570.0,820,11594.487832
545.0,1095,11601.046952
820.0,700,11605.292837
485.0,768,11609.938284
515.0,862,11615.136311
575.0,1155,11622.068343
745.0,964,11627.861291
510.0,813,11632.731871
775.0,964,11638.491349
690.0,1028,11644.652876
755.0,850,11649.958894
345.0,797,11655.327799
645.0,829,11660.926871
525.0,928,11667.137097
370.0,660,11671.616909
725.0,984,11678.238821
510.0,881,11684.085572
150.0,568,11687.914825
395.0,806,11693.389586
600.0,1154,11701.156989
455.0,651,11705.535418
170.0,500,11708.923775
585.0,1112,11716.369741
345.0,654,11720.867178
365.0,645,11725.26899
545.0,1042,11732.359
365.0,705,11737.157163
470.0,550,11740.865028
395.0,649,11745.336958
385.0,768,11750.522291
400.0,873,11756.423038
400.0,761,11761.6179
600.0,923,11767.803471
575.0,1015,11774.663209
775.0,935,11780.905919
690.0,1032,11787.918706
600.0,1062,11794.979672
405.0,774,11800.205651
745.0,1066,11807.432718
270.0,472,11810.59991
520.0,1237,11818.924725
580.0,857,11824.723132
340.0,699,11829.393458
810.0,1123,11837.066525
515.0,960,11843.435632
390.0,668,11848.014604
295.0,671,11852.609802
515.0,811,11857.986396
340.0,593,11861.926435
575.0,1237,11870.200469
525.0,983,11876.752049
575.0,916,11882.915492
415.0,885,11888.932549
1175.0,1956,11902.075244
600.0,1195,11910.106966
750.0,1220,11918.167192
555.0,895,11924.071622
200.0,789,11929.415591
775.0,927,11935.636244
470.0,1073,11942.765556
625.0,816,11948.168616
355.0,621,11952.332359
740.0,1276,11960.952052
600.0,1006,11967.705748
485.0,849,11973.50211
1145.0,960,11980.000001
480.0,857,11985.82456
525.0,997,11992.573725
465.0,837,11998.254435
800.0,1121,12005.772726
410.0,703,12010.519734
310.0,935,12016.883796
375.0,811,12022.340885
470.0,791,12027.743324
600.0,1206,12035.831386
695.0,1290,12044.490681
735.0,1269,12052.971462
190.0,525,12056.548834
600.0,1010,12063.279506
825.0,1589,12074.168698
780.0,838,12079.76881
310.0,839,12085.411418
575.0,1182,12093.47649
410.0,855,12099.225068
445.0,1001,12105.95783
240.0,572,12109.835142
410.0,836,12115.4921
455.0,822,12121.053533
525.0,1057,12128.145546
545.0,987,12134.80726
445.0,834,12140.491751
340.0,881,12146.405089
555.0,1022,12153.271922
680.0,929,12159.520226
510.0,1023,12166.331371
950.0,1412,12175.716352
540.0,940,12181.983818
460.0,980,12188.606755
500.0,1053,12195.733973
295.0,693,12200.415632
410.0,773,12205.694575
715.0,1159,12213.496903
440.0,578,12217.469981
700.0,1115,12224.955206
565.0,853,12230.763523
570.0,1112,12238.226448
670.0,940,12244.627196
260.0,790,12249.94592
580.0,1014,12256.686768
575.0,1036,12263.659055
1005.0,1048,12270.623892
570.0,1194,12278.700868
400.0,1022,12285.676077
315.0,690,12290.385369
800.0,1331,12299.267877
260.0,801,12304.692013
575.0,1217,12312.863289
1035.0,1668,12324.160928
730.0,896,12330.266812
505.0,829,12335.858751
635.0,977,12342.404561
530.0,711,12347.239556
605.0,866,12353.125075
380.0,630,12357.334166
435.0,870,12363.180957
480.0,718,12368.011812
200.0,752,12373.182717
605.0,1016,12380.103753
315.0,771,12385.31018
600.0,1249,12393.781324
990.0,1737,12405.596021
195.0,691,12410.310349
305.0,662,12414.786942
435.0,883,12420.822275
755.0,1158,12428.671633
295.0,645,12433.002043
455.0,755,12438.224946
290.0,644,12442.585611
485.0,768,12447.770291
575.0,1080,12455.01653
555.0,926,12461.265699
420.0,902,12467.330577
550.0,964,12473.818692
585.0,1241,12482.201481
375.0,543,12485.839728
705.0,916,12491.923145
545.0,813,12497.420924
525.0,1206,12505.519139
570.0,1159,12513.165883
470.0,885,12519.114443
575.0,1141,12526.835645
495.0,922,12533.020898
360.0,732,12538.007073
640.0,1108,12545.389705
455.0,881,12551.284388
995.0,1751,12562.899076
330.0,581,12566.905916
575.0,943,12573.276788
675.0,1087,12580.592863
540.0,1254,12589.008374
365.0,712,12593.801832
945.0,1058,12600.899762
515.0,926,12607.086562
875.0,1527,12617.263744
575.0,1099,12624.622136
595.0,629,12628.833602
340.0,735,12633.745568
720.0,892,12639.70259
780.0,1050,12646.720879
680.0,846,12652.349068
540.0,872,12658.178606
305.0,681,12662.760231
430.0,1005,12669.354382
545.0,986,12676.144474
950.0,1002,12682.804209
175.0,500,12686.188419
365.0,838,12691.741072
535.0,987,12698.855817
600.0,955,12705.366831
735.0,1370,12714.79326
600.0,752,12719.926724
660.0,915,12726.151806
685.0,1055,12733.332205
360.0,687,12737.86607
800.0,955,12744.371852
600.0,1003,12751.115592
345.0,934,12757.470069
425.0,929,12763.6863
630.0,1066,12770.770101
395.0,787,12776.058046
270.0,573,12779.89344
525.0,1011,12786.726598
485.0,922,12792.884619
500.0,896,12798.902568
575.0,1164,12806.736904
605.0,930,12812.987572
680.0,979,12819.52394
495.0,1142,12827.076432
750.0,1091,12834.266202
490.0,748,12839.270284
270.0,829,12844.87499
525.0,1001,12851.518764
800.0,1123,12859.122223
1075.0,1326,12868.157274
705.0,839,12873.857233
800.0,1015,12880.682445
335.0,697,12885.302343
555.0,972,12891.703346
225.0,516,12895.141845
410.0,806,12900.435288
465.0,816,12905.839143
550.0,860,12911.498296
370.0,656,12915.920095
800.0,1016,12922.623812
365.0,716,12927.381986
545.0,1045,12934.531991
485.0,1153,12942.335021
570.0,1126,12949.771759
450.0,974,12956.318849
295.0,525,12959.815602
570.0,1156,12967.594424
465.0,964,12974.095752
685.0,989,12980.762819
575.0,792,12986.092782
655.0,1020,12992.951499
575.0,952,12999.344929
600.0,1093,13006.761868
545.0,1030,13013.675211
440.0,829,13019.154432
495.0,919,13025.321811
540.0,964,13031.776562
745.0,877,13037.642333
1070.0,1273,13046.325889
270.0,680,13050.97578
465.0,737,13055.954043
545.0,952,13062.359824
625.0,867,13068.185114
245.0,584,13072.191674
610.0,905,13078.325404
520.0,878,13084.226214
315.0,643,13088.560322
600.0,1166,13096.418317
835.0,1200,13104.501831
800.0,1548,13114.988861
490.0,907,13121.157236
520.0,896,13127.231885
800.0,1046,13134.315924
545.0,1016,13141.216519
545.0,1026,13148.137563
1560.0,1445,13157.905195
400.0,778,13163.252407
525.0,731,13168.284917
445.0,955,13174.882815
420.0,682,13179.544793
680.0,1177,13187.485018
440.0,869,13193.358693
495.0,938,13199.652813
470.0,798,13205.035126
460.0,922,13211.177845
600.0,964,13217.624186
345.0,674,13222.213959
240.0,502,13225.602152
485.0,730,13230.567778
570.0,1031,13237.468014
515.0,861,13243.223427
545.0,965,13249.616288
615.0,795,13254.946016
390.0,855,13260.702671
495.0,993,13267.388759
590.0,635,13271.719097
530.0,881,13277.791406
555.0,932,13284.126001
500.0,898,13290.219077
600.0,1178,13298.12898
220.0,488,13301.456545
355.0,710,13306.310575
745.0,1010,13313.192991
335.0,698,13317.893109
545.0,861,13323.684102
435.0,1143,13331.426079
430.0,618,13335.537239
600.0,990,13342.171865
720.0,917,13348.308276
660.0,899,13354.34998
480.0,687,13358.969536
440.0,522,13362.48905
600.0,1015,13369.261462
470.0,837,13374.910295
715.0,1071,13382.092472
390.0,746,13387.10045
485.0,753,13392.178096
265.0,514,13395.60851
365.0,690,13400.222514
575.0,913,13406.305911
525.0,816,13411.743816
490.0,541,13415.387066
800.0,1052,13422.306879
180.0,607,13426.274302
725.0,1024,13432.992399
300.0,702,13437.684241
570.0,1105,13444.998776
475.0,630,13449.269547
555.0,921,13455.377283
495.0,897,13461.287976
590.0,1000,13467.853944
495.0,958,13474.083239
410.0,602,13478.042667
470.0,638,13482.239331
550.0,905,13488.158625
445.0,816,13493.521786
670.0,933,13499.602081
450.0,550,13503.26544
610.0,686,13507.884271
450.0,986,13514.467957
420.0,794,13519.812783
600.0,1020,13526.535012
550.0,837,13532.111201
575.0,792,13537.349453
295.0,501,13540.670043
575.0,908,13546.643036
500.0,890,13552.577955
470.0,709,13557.285778
600.0,986,13563.75964
800.0,1131,13571.332925
480.0,806,13576.849624
510.0,1039,13583.773329
525.0,918,13589.955558
770.0,1008,13596.627047
1050.0,1801,13608.804915
525.0,886,13614.712987
495.0,909,13620.796436
445.0,591,13624.81721
785.0,1362,13633.941338
500.0,897,13639.944006
575.0,589,13643.964911
520.0,803,13649.441675
545.0,825,13655.045029
510.0,774,13660.271874
395.0,748,13665.228667
470.0,919,13671.400795
740.0,1153,13679.094444
1635.0,1819,13691.296058
1025.0,1844,13703.736148
575.0,978,13710.30712
490.0,976,13716.806154
640.0,943,13723.14441
490.0,880,13728.999987
770.0,1144,13738.426375
350.0,598,13742.47622
410.0,636,13746.726661
1125.0,1614,13757.622174
885.0,1770,13769.541912
485.0,818,13774.971156
610.0,977,13781.487758
500.0,919,13787.731316
330.0,746,13792.809654
745.0,1199,13801.679956
800.0,1233,13809.900611
415.0,834,13815.437918
510.0,974,13822.0703
770.0,855,13827.888867
575.0,909,13833.955078
545.0,937,13840.287247
775.0,1176,13848.070088
775.0,1009,13854.870329
1435.0,2171,13869.972666
665.0,924,13876.251633
575.0,1099,13883.528443
800.0,1310,13892.312424
290.0,656,13896.642754
810.0,1206,13904.785153
465.0,1198,13912.804996
445.0,1059,13919.891423
340.0,878,13925.77368
600.0,1009,13932.390755
600.0,1022,13939.106769
230.0,557,13942.813947
525.0,885,13948.620047
460.0,888,13954.40656
485.0,919,13960.461825
900.0,947,13966.662731
665.0,1139,13974.156091
630.0,1057,13981.088721
410.0,831,13986.592219
600.0,882,13992.377967
470.0,970,13998.751093
480.0,633,14002.895318
655.0,943,14009.175883
1570.0,1999,14022.340463
355.0,795,14027.618046
1075.0,1946,14040.662346
685.0,959,14047.188976
720.0,883,14053.101454
1200.0,1665,14064.345116
295.0,565,14068.166164
570.0,815,14073.504632
600.0,1104,14080.710806
800.0,1125,14088.194239
505.0,838,14093.831233
745.0,1028,14100.731725
570.0,1155,14108.401739
545.0,973,14114.971198
580.0,1054,14122.021601
540.0,986,14128.665683
570.0,1036,14135.532639
425.0,955,14141.892614
570.0,1011,14148.67283
515.0,891,14154.659597
715.0,1070,14161.835787
840.0,1490,14171.816844
320.0,726,14176.737801
545.0,928,14182.897393
555.0,899,14188.954648
640.0,1255,14197.279621
545.0,808,14202.608081
540.0,1037,14209.540792
890.0,1407,14218.901097
800.0,952,14225.276094
545.0,1042,14232.18132
730.0,807,14237.536954
370.0,662,14241.973873
190.0,517,14245.411158
465.0,828,14250.952569
670.0,768,14256.108538
510.0,1010,14262.7896
515.0,766,14267.907957
600.0,988,14274.373827
605.0,1002,14280.977107
570.0,1153,14288.627644
485.0,986,14295.078924
520.0,795,14300.267205
470.0,628,14304.367957
540.0,874,14310.077044
515.0,1007,14316.726199
405.0,596,14320.761677
420.0,724,14325.52808
585.0,797,14330.778821
600.0,944,14337.022941
350.0,717,14341.781922
450.0,862,14347.447376
490.0,692,14352.019079
305.0,584,14355.833914
580.0,1005,14362.408616
970.0,1170,14370.045592
365.0,628,14374.188646
570.0,922,14380.195479
545.0,882,14385.978909
655.0,965,14392.346875
285.0,671,14396.848568
455.0,952,14403.145265
375.0,767,14408.292513
800.0,918,14414.389267
525.0,1302,14423.027211
570.0,1171,14430.623205
600.0,985,14437.104375
515.0,834,14443.211437
570.0,1147,14450.905967
370.0,622,14455.242597
600.0,903,14461.257538
640.0,1083,14468.553126
455.0,829,14474.157955
605.0,1029,14481.01478
415.0,722,14485.851055
575.0,944,14492.267532
1435.0,1922,14505.514287
475.0,757,14510.568751
600.0,1001,14517.180922
330.0,692,14521.738202
470.0,829,14527.259961
600.0,832,14532.680119
635.0,873,14538.390505
515.0,1000,14544.923655
515.0,846,14550.505949
455.0,942,14556.773397
575.0,1030,14563.656048
575.0,1040,14570.624597
680.0,956,14577.026562
595.0,926,14583.175007
600.0,1128,14590.709675
570.0,1126,14598.166431
740.0,1469,14608.031511
240.0,474,14611.238245
540.0,1223,14619.348099
550.0,1163,14627.160195
575.0,1097,14634.474516
600.0,1011,14641.315733
90.0,292,14643.230671
435.0,986,14649.700477
360.0,769,14654.785535
900.0,1242,14663.002956
1330.0,1746,14674.531551
510.0,991,14681.105004
600.0,977,14687.589092
445.0,803,14692.992074
450.0,1002,14699.630176
445.0,827,14705.197813
325.0,731,14710.126072
360.0,692,14714.788512
675.0,1320,14723.661452
495.0,1059,14730.814019
440.0,793,14736.211284
490.0,1136,14743.796795
310.0,600,14747.850591
415.0,785,14753.131037
575.0,1067,14760.271963
945.0,1735,14771.975124
545.0,1173,14779.976644
605.0,1047,14786.914272
490.0,841,14792.55616
545.0,913,14798.70936
385.0,600,14802.778998
600.0,991,14809.430753
570.0,1000,14816.125514
805.0,1380,14825.375287
525.0,936,14831.589567
600.0,870,14837.440773
730.0,1112,14844.965356
500.0,878,14850.946347
540.0,1093,14858.362652
375.0,752,14863.415947
295.0,760,14868.554638
575.0,921,14874.772024
760.0,1207,14882.900572
380.0,762,14888.058669
1090.0,1740,14899.825496
510.0,978,14906.423934
575.0,1077,14913.632491
1070.0,1853,14926.10359
575.0,887,14932.032113
465.0,983,14938.614255
660.0,1202,14946.625229
515.0,970,14953.141371
465.0,797,14958.488576
800.0,1001,14965.123633
420.0,882,14971.146969
570.0,930,14977.377008
545.0,1015,14984.225364
545.0,1344,14993.091022
225.0,616,14997.263026
545.0,897,15003.211083
545.0,890,15009.100276
600.0,920,15015.095077
425.0,1009,15021.751169
485.0,1180,15029.707012
495.0,895,15035.750134
665.0,956,15042.217529
755.0,960,15048.679425
515.0,958,15055.135297
550.0,1043,15062.095573
545.0,1179,15070.027702
395.0,943,15076.461264
745.0,1118,15084.095291
840.0,1849,15096.598037
800.0,1143,15104.224512
775.0,921,15110.359607
490.0,1012,15117.143463
265.0,819,15122.689313
770.0,1155,15130.41292
275.0,713,15135.210453
600.0,1294,15143.798382
600.0,1265,15152.2056
685.0,1293,15160.73204
415.0,615,15164.760061
600.0,1073,15171.811917
800.0,985,15178.326153
375.0,834,15183.873661
800.0,1268,15192.251115
575.0,916,15198.305816
575.0,910,15204.342626
600.0,1000,15210.994378
575.0,965,15217.363908
605.0,1092,15224.524313
775.0,860,15230.650468
600.0,905,15236.785609
315.0,626,15241.02274
185.0,428,15243.919177
600.0,1079,15251.295764
600.0,1016,15258.143094
230.0,607,15262.222699
800.0,1099,15269.550594
545.0,1100,15276.813063
450.0,838,15282.358678
860.0,1514,15292.341702
605.0,986,15298.868403
600.0,912,15304.994499
580.0,917,15311.122423
600.0,1069,15318.302226
545.0,960,15324.774602
1380.0,1719,15336.246175
365.0,658,15340.680756
605.0,1028,15347.581581
885.0,960,15353.974378
430.0,933,15360.11662
440.0,610,15364.133116
690.0,976,15370.536162
515.0,984,15377.257457
565.0,883,15383.212511
490.0,1218,15391.320607
1220.0,1562,15401.665671
545.0,1031,15408.4803
600.0,1013,15415.334799
525.0,887,15421.334256
600.0,1019,15428.203561
535.0,792,15433.535584
415.0,1027,15440.392997
575.0,1032,15447.233509
600.0,1006,15454.022655
325.0,684,15458.568619
570.0,897,15464.597953
580.0,1084,15471.747962
575.0,861,15477.474653
570.0,957,15483.967748
390.0,686,15488.540674
545.0,815,15494.023908
575.0,849,15499.746724
600.0,784,15504.877731
1100.0,2099,15518.700568
545.0,1052,15525.565846
670.0,801,15530.831885
525.0,939,15537.194519
515.0,972,15543.707398
415.0,601,15547.735316
570.0,972,15554.242568
800.0,1051,15561.344631
770.0,1153,15569.02871
650.0,768,15574.143147
590.0,660,15578.583552
1375.0,2195,15593.20722
520.0,830,15598.73577
805.0,959,15605.186135
550.0,1066,15612.306031
570.0,902,15618.370143
495.0,841,15624.028778
220.0,688,15628.668226
510.0,1025,15635.506738
485.0,980,15642.15986
1245.0,1746,15653.918942
250.0,600,15657.970323
335.0,662,15662.523788
570.0,959,15668.946007
340.0,938,15675.340096
525.0,1052,15682.438206
770.0,911,15688.583499
600.0,1255,15697.040024
520.0,1071,15704.23912
475.0,935,15710.492603
570.0,1142,15718.211707
655.0,850,15723.945203
575.0,1220,15732.058263
180.0,672,15736.616617
800.0,1048,15743.539845
340.0,531,15747.170123
830.0,1571,15757.777372
540.0,1217,15765.951137
360.0,643,15770.291018
445.0,940,15776.65962
1085.0,1511,15786.887609
465.0,603,15790.946962
320.0,592,15794.899863
750.0,1025,15801.679914
220.0,651,15806.031758
475.0,1055,15813.181381
500.0,762,15818.324357
530.0,960,15824.779063
600.0,1017,15831.647872
600.0,1016,15838.459723
575.0,1022,15845.26092
945.0,908,15851.374227
440.0,913,15857.502737
575.0,1001,15864.210855
605.0,1053,15871.337366
715.0,828,15877.007518
600.0,1243,15885.308546
575.0,1233,15893.624564
600.0,1077,15900.862561
135.0,457,15903.936324
580.0,896,15909.881384
600.0,1230,15918.038581
580.0,1083,15925.243625
370.0,650,15929.623363
575.0,1000,15936.294789
570.0,1046,15943.270177
310.0,940,15949.573415
695.0,912,15955.665864
375.0,742,15960.688995
905.0,1560,15971.15567
340.0,611,15975.399343
1340.0,2120,15989.687896
470.0,980,15995.653076
1200.0,1847,16006.783325
445.0,850,16011.913308
335.0,681,16016.019106
235.0,589,16019.567735
450.0,971,16025.398513
1030.0,1426,16033.931566
235.0,609,16037.609887
600.0,1055,16043.939695
570.0,1118,16050.654072
635.0,988,16056.584709
390.0,734,16061.020243
1175.0,1710,16071.252947
725.0,824,16076.21251
585.0,999,16082.324806
580.0,888,16087.735734
370.0,674,16092.261304
735.0,1175,16100.239748
325.0,614,16104.4255
555.0,814,16109.945231
600.0,1037,16116.920887
445.0,1094,16124.326999
420.0,853,16130.068786
460.0,877,16135.895907
915.0,1485,16145.873595
570.0,1073,16153.038473
540.0,1094,16160.443831
570.0,1001,16167.211318
435.0,715,16172.06074
345.0,810,16177.543635
440.0,672,16182.013982
545.0,879,16187.951642
380.0,867,16193.755659
480.0,764,16198.968153
335.0,740,16203.976227
430.0,818,16209.493638
525.0,939,16215.782498
380.0,780,16221.043708
515.0,833,16226.692653
435.0,866,16232.473857
440.0,712,16237.331397
530.0,654,16241.777831
235.0,534,16245.400609
265.0,939,16251.719126
600.0,1043,16258.608813
480.0,855,16264.411186
1235.0,1221,16272.68042
495.0,870,16278.694176
415.0,826,16284.261725
600.0,964,16290.832937
940.0,1699,16302.325691
500.0,905,16308.427392
600.0,1077,16315.716344
720.0,1351,16324.799103
325.0,643,16329.114427
1385.0,1307,16337.936404
350.0,1019,16344.792081
570.0,1201,16352.871735
525.0,1053,16359.829582
450.0,819,16365.402444
550.0,1158,16373.28207
665.0,1048,16380.345947
440.0,944,16386.717177
610.0,1156,16394.367653
745.0,1163,16401.966765
605.0,1177,16409.708347
195.0,927,16415.937667
350.0,830,16421.513667
460.0,937,16427.842997
745.0,1229,16435.957904
605.0,1089,16443.241051
1130.0,1712,16454.74613
275.0,629,16458.96288
900.0,1468,16468.733614
715.0,994,16475.282941
380.0,803,16480.795163
1555.0,2297,16496.180559
575.0,952,16502.574364
885.0,1297,16511.259201
1115.0,1909,16524.136721
540.0,828,16529.848004
530.0,1158,16537.682776
545.0,852,16543.444036
775.0,1183,16551.365852
540.0,1146,16558.97563
380.0,1138,16566.50121
750.0,918,16572.813907
480.0,1175,16580.817624
495.0,958,16587.288993
575.0,1070,16594.523651
580.0,1019,16601.292069
545.0,901,16607.242009
1140.0,1653,16618.344606
315.0,705,16623.109813
575.0,1023,16629.9446
575.0,908,16636.036616
655.0,955,16642.509551
495.0,946,16648.922284
535.0,752,16654.052212
1110.0,1629,16664.811123
800.0,1120,16672.19719
605.0,985,16678.790232
355.0,903,16684.870965
555.0,1142,16692.522633
445.0,918,16698.699203
365.0,1036,16705.693701
640.0,834,16711.301137
775.0,898,16717.333125
575.0,1123,16724.846267
610.0,1014,16731.664439
605.0,1014,16738.4632
955.0,1452,16748.216005
600.0,1076,16755.430362
605.0,1065,16762.599495
550.0,839,16768.291023
575.0,1211,16776.481597
1035.0,1447,16786.221754
800.0,1149,16793.929702
575.0,1067,16801.096804
525.0,1008,16807.895056
475.0,899,16813.947811
275.0,684,16818.590139
455.0,779,16823.815644
805.0,1194,16831.840648
445.0,925,16838.111863
425.0,949,16844.491621
345.0,734,16849.489116
555.0,1151,16857.151836
720.0,813,16862.580757
295.0,825,16868.129728
800.0,1192,16876.247998
570.0,1151,16883.964758
470.0,932,16890.300951
220.0,505,16893.738494
585.0,875,16899.618705
600.0,1117,16907.157038
465.0,1033,16914.170705
260.0,580,16918.074564
410.0,750,16923.18609
395.0,741,16928.181879
670.0,891,16934.198882
790.0,936,16940.486513
725.0,872,16946.403034
75.0,381,16948.952716
345.0,831,16954.574649
695.0,1408,16964.035079
360.0,891,16970.024963
1000.0,1167,16977.841962
355.0,893,16983.848809
405.0,868,16989.689962
985.0,1789,17001.740771
625.0,1041,17008.707412
530.0,1101,17016.2099
500.0,875,17022.124109
710.0,983,17028.715724
455.0,1195,17036.800412
505.0,912,17042.861397
715.0,939,17049.045657
590.0,982,17055.575472
485.0,985,17062.105958
340.0,640,17066.370466
545.0,946,17072.629734
580.0,1218,17080.6347
135.0,457,17083.706702
380.0,900,17089.701382
675.0,927,17095.891681
1010.0,1102,17103.254582
455.0,856,17109.012015
180.0,602,17113.040905
770.0,991,17119.672247
750.0,920,17125.898592
525.0,1212,17134.041741
545.0,1289,17142.693104
510.0,896,17148.66162
750.0,1205,17156.548338
555.0,1163,17164.391201
505.0,969,17170.860491
775.0,1147,17178.458336
255.0,807,17183.856726
680.0,1024,17190.757072
775.0,998,17197.389583
685.0,1026,17204.221896
580.0,950,17210.512913
770.0,1136,17218.147566
405.0,874,17223.890551
900.0,866,17229.606876
530.0,1037,17236.510902
310.0,820,17241.981908
380.0,640,17246.29893
715.0,844,17252.02638
545.0,1014,17258.736946
1205.0,1906,17271.457646
980.0,2026,17284.889306
475.0,727,17289.734264
345.0,786,17295.001008
400.0,892,17301.034039
570.0,1118,17308.433115
600.0,1290,17317.076401
550.0,1136,17324.716768
450.0,956,17331.097835
715.0,970,17337.658842
215.0,481,17340.874953
580.0,1042,17347.777875
170.0,583,17351.659336
470.0,1003,17358.319375
600.0,947,17364.631087
745.0,971,17371.108986
485.0,792,17376.416373
800.0,1135,17383.862727
425.0,1035,17390.748784
570.0,1193,17398.607974
490.0,1006,17405.284887
475.0,804,17410.495069
775.0,1257,17419.243492
780.0,854,17425.160433
290.0,627,17429.343388
530.0,702,17434.169619
600.0,1061,17441.329787
1150.0,1346,17450.406793
330.0,892,17456.332627
345.0,772,17461.585174
545.0,1076,17468.789359
820.0,1308,17477.690529
485.0,985,17484.273519
555.0,1117,17491.736513
330.0,844,17497.295853
470.0,892,17503.185711
545.0,994,17509.865651
515.0,800,17515.164802
405.0,755,17520.232704
545.0,1054,17527.152087
775.0,1013,17533.774363
450.0,787,17538.954918
440.0,801,17544.268049
470.0,840,17549.777505
545.0,1025,17556.516154
550.0,1080,17563.702397
615.0,695,17568.334822
485.0,980,17574.899385
890.0,1623,17585.832379
1150.0,1113,17593.27053
520.0,1005,17599.944904
720.0,1009,17606.685842
520.0,971,17613.304908
435.0,934,17619.533855
200.0,616,17623.707024
560.0,1090,17630.996681
570.0,1009,17637.750147
665.0,1154,17645.487446
925.0,1058,17652.586216
630.0,1180,17660.489246
575.0,795,17665.901815
360.0,818,17671.443402
330.0,846,17677.153052
440.0,883,17683.184883
540.0,1027,17690.049425
245.0,688,17694.701947
725.0,999,17701.472327
865.0,1335,17710.37642
525.0,862,17716.157482
490.0,927,17722.392499
385.0,911,17728.541486
395.0,820,17734.059596
520.0,939,17740.381947
825.0,803,17745.809047
900.0,1106,17753.229152
700.0,1087,17760.473063
600.0,976,17766.986578
365.0,715,17771.810275
565.0,1044,17778.882289
500.0,989,17785.560265
715.0,931,17791.775845
605.0,1324,17800.621337
670.0,1214,17808.716695
600.0,739,17813.668915
525.0,882,17819.541799
740.0,1119,17826.954815
640.0,957,17833.424688
585.0,958,17839.809553
125.0,397,17842.466242
240.0,612,17846.569531
1045.0,1278,17855.30126
210.0,620,17859.421072
690.0,990,17865.990623
680.0,1158,17873.606529
430.0,739,17878.50246
240.0,615,17882.55599
555.0,1016,17889.309681
470.0,859,17895.027494
630.0,1044,17902.007448
695.0,937,17908.214972
510.0,590,17912.181753
600.0,1203,17920.184056
1000.0,1159,17927.922364
540.0,787,17933.131944
385.0,956,17939.600884
720.0,908,17945.669515
720.0,822,17951.237146
510.0,815,17956.734882
345.0,737,17961.696682
310.0,710,17966.48525
170.0,467,17969.635709
890.0,1321,17978.540161
570.0,1045,17985.583529
600.0,1215,17994.151808
375.0,734,17999.215061
365.0,713,18004.149563
690.0,1087,18011.517223
410.0,693,18016.290215
850.0,1527,18026.823716
520.0,836,18032.543561
545.0,1312,18041.437981
370.0,839,18047.109432
555.0,933,18053.418541
515.0,1291,18062.243271
390.0,858,18068.150052
715.0,1029,18075.242103
495.0,1187,18083.328749
540.0,941,18089.774512
485.0,929,18096.190418
600.0,775,18101.855554
710.0,1272,18110.69868
495.0,942,18117.156919
555.0,771,18122.456161
405.0,888,18128.574099
575.0,974,18135.259773
605.0,986,18142.052987
515.0,1029,18149.061653
460.0,774,18154.346948
865.0,1486,18164.474072
535.0,914,18170.678076
855.0,1135,18178.448328
555.0,1101,18186.079756
580.0,782,18191.444216
490.0,914,18197.755755
285.0,663,18202.325992
265.0,658,18206.825435
400.0,840,18212.609954
555.0,927,18218.921087
545.0,814,18224.508155
835.0,875,18230.494864
575.0,1014,18236.667489
600.0,1015,18242.755179
720.0,1077,18249.203521
800.0,1280,18256.871935
605.0,1143,18263.792539
600.0,1178,18270.872756
635.0,1263,18278.483681
745.0,819,18283.44748
550.0,947,18289.134694
345.0,915,18294.646808
610.0,787,18299.406287
690.0,1277,18307.076075
695.0,1063,18313.443869
385.0,1020,18319.613574
320.0,687,18323.763659
175.0,600,18327.412129
770.0,924,18333.14572
730.0,1222,18340.504618
440.0,781,18345.229517
695.0,762,18349.814101
350.0,610,18353.504077
605.0,853,18358.660405
470.0,764,18363.266027
695.0,862,18368.456626
545.0,941,18374.173743
440.0,907,18379.635492
545.0,833,18384.629716
575.0,1276,18392.278596
550.0,1108,18398.925534
285.0,602,18402.551452
555.0,971,18408.411155
575.0,1082,18414.879503
375.0,689,18419.008431
230.0,617,18422.748568
1180.0,1793,18433.562699
525.0,998,18439.515356
575.0,1185,18446.645207
600.0,762,18451.236378
1035.0,1800,18462.105501
515.0,957,18467.822979
510.0,1012,18473.893037
435.0,793,18478.676787
1010.0,998,18484.68012
630.0,1062,18491.055678
775.0,960,18496.86837
605.0,1068,18503.311009
315.0,612,18506.993496
235.0,654,18510.93212
600.0,1011,18516.970515
450.0,967,18522.771419
370.0,800,18527.565176
1000.0,1128,18534.342163
600.0,1241,18541.723695
1000.0,1134,18548.471193
405.0,751,18552.958618
355.0,601,18556.550911
445.0,896,18561.916073
980.0,1362,18570.120672
440.0,1001,18576.156529
600.0,994,18582.123065
335.0,578,18585.610964
410.0,1049,18591.919936
495.0,909,18597.355084
550.0,848,18602.446716
575.0,870,18607.697248
380.0,657,18611.622658
555.0,1018,18617.720243
575.0,787,18622.42958
455.0,760,18627.000376
570.0,926,18632.528821
555.0,917,18638.014086
470.0,820,18642.926119
755.0,1005,18648.956267
415.0,848,18654.100312
585.0,937,18659.686461
930.0,1638,18669.530735
335.0,706,18673.877186
530.0,1023,18680.093974
545.0,1159,18687.132811
910.0,1687,18697.865589
1100.0,1973,18709.729759
570.0,891,18715.087137
575.0,1173,18722.112056
585.0,1034,18728.264701
690.0,1289,18736.010262
545.0,860,18741.184733
520.0,803,18746.022789
465.0,943,18751.689617
1000.0,1506,18760.778198
450.0,888,18766.137558
570.0,840,18771.156391
460.0,995,18777.116222
130.0,365,18779.302289
450.0,946,18784.997379
545.0,787,18789.719005
820.0,1118,18796.474275
1360.0,1576,18805.939741
600.0,957,18811.725903
500.0,868,18816.901512
550.0,849,18821.990264
390.0,721,18826.309093
520.0,1085,18832.794837
605.0,915,18838.255888
615.0,960,18843.994403
600.0,1217,18851.295532
545.0,921,18856.845304
345.0,696,18861.027831
600.0,1074,18867.441159
600.0,1066,18873.804689
1065.0,1952,18885.529367
750.0,1190,18892.664218
225.0,772,18897.328156
425.0,992,18903.275518
420.0,976,18909.160087
575.0,966,18914.934436
1085.0,1706,18925.200372
560.0,800,18930.042175
575.0,745,18934.541521
870.0,1248,18942.047615
600.0,973,18947.872642
445.0,901,18953.314209
435.0,611,18956.979841
560.0,1189,18964.112808
600.0,878,18969.377605
500.0,899,18974.869688
545.0,782,18979.563769
160.0,384,18981.868665
550.0,989,18987.784491
805.0,955,18993.50148
745.0,994,18999.450521
575.0,1047,19005.74931
315.0,635,19009.569952
600.0,1361,19017.69943
605.0,979,19023.539716
570.0,1102,19030.114676
575.0,1105,19036.731876
510.0,836,19041.744547
600.0,1045,19048.004768
600.0,1054,19054.299692
495.0,914,19059.790433
575.0,1024,19065.956856
510.0,902,19071.406676
495.0,833,19076.405546
340.0,777,19081.08809
1235.0,2243,19094.537431
540.0,941,19100.184372
1370.0,1695,19110.377991
345.0,589,19113.943445
725.0,884,19119.240456
575.0,1021,19125.387203
600.0,1169,19132.357695
815.0,1689,19142.494463
745.0,932,19148.070406
1340.0,1937,19159.704057
435.0,687,19163.838068
430.0,660,19167.824771
600.0,1026,19173.961009
495.0,990,19179.877594
570.0,779,19184.540708
600.0,922,19190.077457
575.0,938,19195.672103
280.0,696,19199.848867
570.0,1023,19205.958774
605.0,1071,19212.388369
800.0,885,19217.724321
715.0,974,19223.565641
525.0,1350,19231.630741
600.0,1094,19238.186626
420.0,585,19241.733599
765.0,1074,19248.188377
500.0,829,19253.151196
540.0,944,19258.786908
170.0,562,19262.175831
465.0,992,19268.121251
545.0,814,19273.025655
745.0,1125,19279.785714
300.0,662,19283.760422
230.0,716,19288.076217
1060.0,1557,19297.462748
545.0,1054,19303.763001
575.0,1047,19310.046947
600.0,1082,19316.490373
570.0,812,19321.34542
805.0,1169,19328.333576
495.0,926,19333.907638
545.0,1222,19341.380899
515.0,867,19346.687501
245.0,513,19349.766618
545.0,887,19355.080722
280.0,660,19359.088042
515.0,903,19364.499403
570.0,887,19369.821078
575.0,1046,19376.09295
435.0,927,19381.690628
315.0,863,19386.897239
725.0,1023,19393.016905
555.0,733,19397.439405
605.0,993,19403.37756
450.0,802,19408.201117
715.0,835,19413.23771
720.0,681,19417.35277
350.0,593,19420.914991
495.0,942,19426.534594
605.0,1125,19433.233462
970.0,1443,19441.904618
800.0,920,19447.441967
775.0,975,19453.276916
745.0,1008,19459.341061
600.0,956,19465.072551
480.0,800,19469.898512
685.0,872,19475.117934
535.0,838,19480.192448
570.0,895,19485.567756
545.0,956,19491.282115
345.0,581,19494.761448
305.0,479,19497.647513
390.0,625,19501.400154
600.0,925,19506.94754
555.0,849,19512.022832
445.0,820,19516.948862
805.0,1190,19524.097823
605.0,784,19528.846681
375.0,604,19532.529702
430.0,1011,19538.618927
945.0,1530,19547.871552
645.0,802,19552.699453
420.0,785,19557.440937
500.0,743,19561.920552
600.0,1042,19568.173191
600.0,1054,19574.529828
445.0,887,19579.887153
545.0,735,19584.311745
585.0,843,19589.370989
305.0,845,19594.463593
800.0,1167,19601.410396
525.0,946,19607.074008
440.0,803,19611.890128
545.0,983,19617.775887
625.0,933,19623.337708
745.0,961,19629.073137
535.0,800,19633.880165
1005.0,1426,19642.435852
545.0,941,19648.15377
1205.0,1596,19657.753825
755.0,1396,19666.133764
600.0,1090,19672.651296
750.0,1307,19680.483116
1050.0,1686,19690.607799
745.0,1063,19696.99041
980.0,1487,19705.981576
710.0,983,19711.870829
540.0,861,19717.008565
600.0,907,19722.45286
805.0,1028,19728.608546
575.0,1045,19734.872755
635.0,1118,19741.553257
845.0,1467,19750.405792
375.0,843,19755.456052
580.0,983,19761.388594
1330.0,1891,19772.758424
495.0,986,19778.657369
200.0,482,19781.54595
605.0,1021,19787.689276
545.0,1010,19793.749277
575.0,835,19798.733768
805.0,1060,19805.088104
740.0,979,19810.938431
460.0,874,19816.199102
1380.0,1729,19826.585952
570.0,994,19832.494658
535.0,997,19838.483757
570.0,1132,19845.259372
540.0,998,19851.236134
335.0,671,19855.270684
575.0,1134,19862.075439
515.0,959,19867.828037
550.0,829,19872.777743
525.0,819,19877.756855
945.0,1456,19886.502337
1315.0,1887,19897.878464
715.0,850,19902.975342
770.0,1027,19909.17538
585.0,939,19914.809268
600.0,1094,19921.322226
605.0,850,19926.447554
490.0,820,19931.369793
495.0,929,19936.931883
495.0,801,19942.710744
605.0,1107,19949.320084
670.0,777,19953.974784
745.0,964,19959.776968
470.0,845,19964.858083
575.0,892,19970.201792
365.0,701,19974.4362
575.0,1012,19980.494646
550.0,1079,19986.967967
575.0,1228,19994.326231
900.0,1590,20003.880003
575.0,1062,20010.266942
545.0,1056,20016.618031
580.0,964,20022.413625
605.0,906,20027.843266
1065.0,1676,20037.90878
490.0,901,20043.289331
500.0,915,20048.784743
810.0,1542,20058.079325
1115.0,1722,20068.430182
775.0,867,20073.639072
545.0,984,20079.561157
370.0,911,20085.05381
425.0,631,20088.888239
605.0,1311,20096.740303
800.0,921,20102.272767
545.0,901,20107.693148
470.0,1018,20113.809241
1000.0,1066,20120.197739
