#{"t_start": 1537541946.1151726, "env_id": "StarGunnerNoFrameskip-v4"}
r,l,t
1200.0,856,6.775211
300.0,1198,9.499561
800.0,739,11.118903
600.0,664,12.575307
600.0,599,13.954517
1000.0,1703,17.646666
600.0,954,20.051445
600.0,855,22.298201
1000.0,1539,26.343247
700.0,663,28.055503
1000.0,1763,38.549181
300.0,865,44.281506
300.0,340,46.448188
600.0,925,52.578779
800.0,968,58.992354
800.0,831,64.503244
600.0,1158,72.245517
700.0,1187,80.454103
800.0,1328,89.490794
500.0,1247,97.749851
400.0,881,103.500165
400.0,1611,114.219636
400.0,1279,122.638219
300.0,900,128.57506
1400.0,1433,138.126336
500.0,748,143.06649
600.0,1072,150.065937
800.0,2254,165.426365
800.0,1151,172.981432
700.0,637,177.220933
900.0,1259,185.521587
300.0,1169,193.189719
800.0,1802,205.33568
400.0,965,211.682411
700.0,1661,224.755544
500.0,816,229.927083
800.0,774,235.370899
900.0,1250,243.962759
200.0,1197,252.051993
100.0,1135,259.72963
700.0,764,264.872325
700.0,1477,274.889838
900.0,905,281.134426
1500.0,2061,294.443364
1000.0,1863,306.531536
500.0,735,311.430064
900.0,812,316.669291
1100.0,1152,324.134869
200.0,775,329.308285
700.0,1337,337.862159
400.0,778,342.964713
900.0,1316,352.547501
300.0,1074,360.054939
1200.0,1019,366.980185
600.0,1042,374.302015
800.0,1066,380.918944
500.0,520,384.197382
200.0,934,390.060513
0.0,823,395.291365
700.0,869,400.916394
700.0,1048,406.990403
300.0,831,412.20746
600.0,827,417.365393
900.0,1199,424.481472
1200.0,1409,432.986733
800.0,1146,439.904604
1100.0,1461,448.238553
900.0,1305,456.083343
300.0,674,460.341518
700.0,796,465.768417
500.0,842,471.128695
100.0,1773,482.665402
800.0,1161,490.166493
1100.0,1309,498.63662
700.0,1448,507.991889
600.0,603,511.881401
1200.0,1318,520.55098
400.0,648,524.735003
600.0,918,530.706775
700.0,1313,539.28359
700.0,670,543.587343
600.0,1279,551.857288
300.0,856,557.430598
900.0,681,561.732083
300.0,647,565.950277
400.0,1052,572.657295
1200.0,1007,579.068243
500.0,986,585.332956
100.0,666,589.557512
800.0,1420,598.750131
700.0,1039,605.491443
300.0,994,611.865267
700.0,1561,621.887782
500.0,1296,630.249777
500.0,654,634.48099
200.0,1088,641.504024
1400.0,1028,648.095744
800.0,1253,656.196653
200.0,546,659.657894
900.0,916,665.561779
200.0,1289,673.8441
300.0,877,679.418492
900.0,1414,688.495551
1100.0,1110,695.634778
200.0,1040,702.312912
1200.0,888,707.809887
100.0,1093,714.10902
500.0,857,719.009557
1100.0,1693,728.793856
800.0,2013,740.442605
500.0,1004,746.193974
900.0,1158,752.820579
700.0,1305,760.293465
1100.0,1853,770.928012
600.0,812,775.5506
1100.0,1143,782.075463
1000.0,1049,788.076958
600.0,853,792.919385
900.0,1119,799.333213
600.0,583,802.62544
800.0,1370,810.479226
1100.0,1103,816.788357
500.0,945,822.194221
1000.0,665,825.968212
300.0,806,830.600337
400.0,2245,845.747589
1000.0,415,848.51183
400.0,691,853.130548
1400.0,1431,862.645019
900.0,1518,872.784909
1400.0,1641,883.733634
400.0,1091,890.920478
600.0,974,897.331515
800.0,1074,904.437706
600.0,1283,912.869299
1000.0,1124,920.233108
800.0,665,924.578617
500.0,1044,931.325648
500.0,1341,940.601127
1100.0,1217,948.675909
1200.0,1474,957.991997
700.0,929,964.231875
700.0,1284,972.711578
800.0,959,978.736866
600.0,662,982.858528
400.0,903,988.708937
1000.0,1471,998.562896
600.0,1104,1005.97184
300.0,1153,1013.328863
900.0,1480,1023.043351
700.0,1906,1035.688403
400.0,1317,1044.680135
500.0,791,1049.526063
200.0,1055,1056.10282
1300.0,1459,1065.733941
0.0,585,1069.441772
600.0,567,1073.103595
800.0,858,1078.641569
1100.0,1391,1087.711787
300.0,895,1093.459867
600.0,526,1096.805175
1000.0,1853,1108.744409
200.0,794,1113.787892
600.0,609,1117.685204
600.0,973,1123.897406
1100.0,1616,1134.395902
600.0,1173,1141.989735
1400.0,2613,1158.83058
800.0,1255,1166.336723
600.0,694,1170.30336
1000.0,772,1174.709636
600.0,629,1178.287591
500.0,363,1180.305866
800.0,1167,1187.013296
600.0,616,1190.49134
700.0,977,1196.089056
400.0,503,1198.909379
800.0,1138,1205.526257
200.0,678,1209.385906
600.0,1360,1217.311321
500.0,1293,1224.742653
600.0,532,1227.745179
1000.0,1124,1234.189135
1100.0,1174,1240.939544
800.0,1257,1248.154528
100.0,893,1253.272997
500.0,1070,1259.40304
800.0,1066,1265.512708
200.0,989,1271.178735
0.0,806,1275.771785
1000.0,1309,1283.276897
100.0,953,1288.723416
600.0,778,1293.156397
1000.0,1426,1301.364583
300.0,803,1305.92378
500.0,852,1310.802521
400.0,994,1316.488735
300.0,926,1321.771066
100.0,929,1327.095058
900.0,1310,1334.654121
600.0,1372,1342.52519
500.0,2147,1354.914211
1000.0,1486,1363.490737
500.0,1096,1369.784465
300.0,924,1375.060911
400.0,673,1378.890977
500.0,1017,1384.706109
700.0,587,1388.016001
600.0,1236,1395.100718
600.0,809,1399.706042
1100.0,1443,1408.003765
400.0,1347,1415.714688
500.0,1212,1422.659895
600.0,1401,1430.755201
700.0,2052,1442.604471
400.0,1387,1450.599042
700.0,1152,1457.191188
800.0,1899,1468.138433
300.0,887,1473.212081
800.0,987,1478.85853
500.0,985,1484.503967
200.0,823,1489.184857
600.0,717,1493.258368
700.0,1432,1501.506701
600.0,1375,1509.418507
1200.0,1467,1518.204988
600.0,1871,1530.290775
600.0,1838,1542.097058
400.0,1195,1549.76733
700.0,698,1554.191185
0.0,723,1558.747264
500.0,737,1563.457778
400.0,1014,1570.001436
600.0,1180,1577.577535
800.0,805,1582.68392
400.0,774,1587.580637
400.0,503,1590.743072
700.0,1424,1600.956336
200.0,682,1605.934192
600.0,1406,1615.757138
800.0,1433,1625.561698
700.0,1142,1633.196918
1100.0,1172,1640.543074
800.0,1174,1647.954669
700.0,1237,1656.21611
700.0,1949,1669.285369
600.0,1650,1680.536187
1200.0,2098,1694.233076
600.0,1581,1704.557862
1300.0,1997,1717.598031
500.0,794,1722.792591
700.0,1013,1729.351044
500.0,812,1734.605028
700.0,1360,1743.321509
100.0,925,1749.301701
1300.0,1203,1757.028353
900.0,1457,1766.427305
600.0,900,1772.306377
700.0,1156,1779.743097
900.0,1182,1787.376138
800.0,796,1792.476382
1000.0,1143,1799.850242
400.0,954,1806.050966
600.0,614,1809.978793
1200.0,1630,1820.601228
700.0,1255,1828.760433
700.0,1213,1836.617887
600.0,842,1841.990242
500.0,621,1845.917576
700.0,1566,1855.993173
500.0,1079,1863.692782
600.0,1199,1872.028051
500.0,813,1878.38601
500.0,1029,1885.748213
600.0,1627,1896.509596
1000.0,1344,1905.434024
100.0,1049,1912.35236
800.0,1096,1919.632886
200.0,759,1924.705415
600.0,922,1931.271902
500.0,755,1936.592032
1000.0,1454,1947.50596
300.0,1176,1956.430866
200.0,1121,1963.953578
500.0,1067,1971.130967
700.0,899,1977.301883
400.0,1054,1984.247694
700.0,1164,1991.903605
800.0,1947,2004.868376
700.0,1395,2014.090648
400.0,728,2018.94893
500.0,1216,2027.317617
400.0,929,2033.868454
1100.0,1676,2046.481334
1000.0,1215,2055.917343
400.0,1876,2072.10806
200.0,857,2078.190148
1000.0,2553,2095.573493
400.0,1782,2108.32003
500.0,1436,2120.499913
300.0,983,2127.880014
200.0,1133,2136.076234
600.0,1536,2147.278398
500.0,1393,2157.349023
300.0,1043,2164.858134
1200.0,2019,2179.554214
800.0,1218,2188.365299
700.0,694,2193.320259
500.0,1248,2202.376261
1600.0,1580,2213.757879
1100.0,1187,2222.316318
300.0,756,2227.723333
800.0,1255,2236.811108
400.0,929,2243.509388
800.0,1079,2251.232894
800.0,1290,2260.536077
600.0,1096,2268.400048
2000.0,2013,2283.030352
500.0,1111,2291.091792
700.0,1300,2300.561366
700.0,1121,2308.582876
1200.0,1865,2322.093801
100.0,1051,2329.611001
300.0,480,2332.996057
400.0,762,2338.39477
400.0,1184,2346.872592
200.0,885,2353.194372
400.0,545,2357.084206
900.0,1021,2364.479267
1200.0,1502,2375.446055
900.0,1145,2383.682946
800.0,1205,2392.333015
700.0,986,2399.409806
1000.0,1407,2409.616906
900.0,1360,2419.523379
900.0,1152,2427.828294
600.0,1067,2435.519133
500.0,1343,2445.064579
900.0,1058,2452.692993
400.0,727,2457.861765
1100.0,785,2463.481515
700.0,777,2469.019186
900.0,1358,2478.920839
900.0,1117,2486.862195
800.0,857,2492.9694
400.0,1152,2501.184116
600.0,987,2508.233848
600.0,742,2513.516205
300.0,1008,2520.766343
600.0,871,2526.677409
1400.0,1945,2537.988718
500.0,744,2542.24471
800.0,837,2547.041136
300.0,846,2551.87795
800.0,1110,2558.265245
500.0,1060,2564.356081
600.0,900,2569.507615
300.0,792,2574.030271
1000.0,1073,2580.488801
500.0,1360,2589.148259
500.0,952,2595.274406
400.0,666,2599.651507
800.0,1613,2612.110276
700.0,888,2617.912455
1500.0,1638,2628.054063
800.0,1371,2636.581579
700.0,957,2642.393438
800.0,646,2646.343654
400.0,1272,2654.174077
600.0,1181,2661.399416
800.0,1085,2668.082354
300.0,1272,2675.878632
600.0,1892,2687.533927
800.0,1095,2694.184686
700.0,1228,2702.443221
1700.0,1920,2715.68127
900.0,1340,2724.446746
1100.0,786,2729.72737
900.0,1008,2736.242536
900.0,1055,2743.304381
600.0,1308,2751.412788
900.0,1487,2760.614046
100.0,1061,2767.172
900.0,1103,2773.983162
800.0,1336,2782.283034
300.0,1295,2790.272122
800.0,1742,2801.068385
1400.0,1630,2811.168298
800.0,929,2816.910897
1200.0,1190,2824.281045
1200.0,1067,2830.88835
1200.0,1120,2837.810443
600.0,1170,2845.050079
1100.0,1747,2856.093459
900.0,1361,2864.475335
700.0,1094,2871.222282
400.0,816,2876.223229
1300.0,1842,2887.711001
700.0,1007,2893.957469
200.0,1135,2900.978387
600.0,1704,2911.531768
100.0,657,2915.540543
1100.0,1233,2923.12129
700.0,790,2927.962223
1300.0,1469,2937.139023
200.0,945,2942.957369
1000.0,1376,2951.475663
200.0,698,2955.729598
1000.0,1163,2963.490002
1100.0,1207,2971.31828
700.0,1511,2981.471257
400.0,860,2987.155874
600.0,1444,2996.312134
1200.0,1343,3004.65718
1000.0,1314,3012.807858
500.0,942,3018.592803
800.0,983,3024.627352
400.0,709,3028.964257
700.0,1303,3037.040267
100.0,1038,3043.441092
300.0,767,3048.156739
500.0,1101,3054.971023
800.0,714,3059.310638
700.0,909,3064.921815
500.0,858,3070.179146
400.0,1054,3076.648931
400.0,952,3082.523841
1100.0,1288,3090.624475
0.0,580,3094.207011
500.0,1093,3101.001383
300.0,943,3106.836273
1300.0,2334,3121.413666
300.0,1373,3130.000875
600.0,1296,3138.024573
800.0,1267,3145.871392
600.0,1461,3154.906466
600.0,1049,3161.412295
100.0,959,3167.268697
500.0,716,3171.616878
0.0,599,3175.246628
700.0,921,3180.906262
200.0,898,3186.525993
1200.0,1545,3196.450157
600.0,980,3202.979631
700.0,898,3209.031112
1300.0,1833,3220.614185
700.0,1147,3227.700244
200.0,1093,3234.355009
900.0,1201,3241.634153
400.0,935,3247.485677
400.0,888,3252.917889
200.0,920,3258.570318
400.0,1204,3266.240981
900.0,1661,3276.665075
0.0,898,3282.543411
400.0,1354,3291.455068
800.0,1374,3300.429701
600.0,1075,3307.494034
200.0,732,3312.373595
1000.0,815,3317.670166
500.0,1418,3326.42003
200.0,1081,3333.032096
900.0,1868,3344.794125
600.0,1046,3351.577372
200.0,481,3354.549146
200.0,958,3360.603805
400.0,1507,3370.275014
200.0,741,3375.198704
900.0,1728,3386.051413
600.0,1046,3392.444896
600.0,971,3398.338477
800.0,1720,3408.861362
800.0,855,3414.081218
800.0,1468,3423.063493
800.0,1685,3433.377539
700.0,1296,3441.277673
0.0,560,3444.646167
500.0,1049,3451.023144
800.0,1017,3457.187698
900.0,1087,3463.815922
600.0,1054,3470.261056
200.0,864,3475.50291
1100.0,1113,3482.308091
200.0,1244,3489.948476
800.0,1618,3499.855808
1100.0,1416,3508.520958
800.0,1518,3517.797498
300.0,1300,3525.724194
400.0,1664,3536.002583
800.0,2351,3550.653952
700.0,1502,3560.459523
600.0,1321,3569.172228
700.0,1254,3577.312635
500.0,1265,3585.555953
400.0,799,3590.647643
800.0,703,3595.150166
700.0,1304,3603.61986
1300.0,1880,3615.857886
700.0,803,3621.00476
1000.0,1741,3632.24157
400.0,1008,3638.742393
1300.0,1532,3648.588634
700.0,1702,3659.592322
800.0,1512,3669.356855
500.0,1161,3677.745563
400.0,799,3683.105413
800.0,2046,3696.288856
600.0,1118,3703.107229
1000.0,1522,3711.934342
1000.0,1601,3721.189394
500.0,915,3726.47324
100.0,968,3732.03848
1000.0,1510,3740.758075
200.0,749,3745.040976
700.0,1262,3752.310266
600.0,802,3756.890899
300.0,1078,3763.102289
400.0,1211,3770.073361
700.0,1188,3776.927289
600.0,1083,3783.16678
600.0,1402,3791.262314
100.0,849,3796.131199
700.0,1270,3803.442844
1300.0,1279,3810.817212
900.0,1071,3816.981308
600.0,1274,3824.321724
800.0,1643,3833.975021
700.0,1373,3841.959262
1000.0,1841,3852.672075
800.0,1934,3863.883062
900.0,937,3869.299229
600.0,1012,3875.088895
400.0,1132,3881.617411
1100.0,1487,3890.188652
600.0,1042,3896.178862
1000.0,1055,3902.240934
2300.0,1471,3910.719644
700.0,1062,3916.810106
100.0,833,3921.582075
1000.0,1705,3931.460275
900.0,1852,3942.195342
500.0,1087,3948.457251
300.0,933,3953.802199
600.0,1177,3961.732791
1400.0,2134,3975.003237
700.0,967,3981.074529
300.0,963,3987.275516
700.0,1070,3993.49077
100.0,523,3996.454906
900.0,1304,4003.999114
900.0,1707,4013.910718
200.0,1165,4020.635664
300.0,1037,4026.630591
700.0,1568,4035.998185
600.0,949,4042.087012
500.0,1521,4051.677967
700.0,1038,4057.9974
1000.0,1537,4067.586385
500.0,1471,4076.711727
500.0,1100,4083.535525
500.0,1513,4093.002762
900.0,1305,4101.500866
1200.0,1255,4109.916598
1400.0,1534,4118.942413
1400.0,1440,4127.864006
2600.0,2088,4140.437383
900.0,992,4146.186386
900.0,1557,4155.293523
700.0,1108,4162.016642
400.0,1068,4168.172518
500.0,1446,4176.843492
800.0,1303,4184.473207
500.0,819,4189.192789
200.0,1119,4195.651982
400.0,636,4199.279372
300.0,842,4204.144267
600.0,937,4209.562808
500.0,676,4213.434636
200.0,1102,4219.791224
600.0,827,4224.625751
500.0,782,4229.098579
900.0,1734,4239.154482
300.0,1201,4246.113132
700.0,984,4251.760925
300.0,785,4256.270524
300.0,972,4261.879852
1300.0,1667,4271.535269
900.0,1668,4281.248091
900.0,1734,4291.362922
500.0,748,4295.646623
600.0,598,4299.054931
600.0,1168,4305.813654
1400.0,1536,4314.819988
900.0,1082,4321.067403
200.0,815,4325.767159
400.0,811,4330.466524
700.0,1253,4337.803901
600.0,1118,4344.252824
700.0,1206,4351.233409
200.0,796,4355.81724
500.0,865,4360.798032
500.0,926,4366.151487
600.0,1269,4373.497764
1000.0,1480,4382.109838
700.0,1210,4389.114694
700.0,980,4394.748099
1000.0,1607,4404.0774
1600.0,1452,4412.481089
700.0,1236,4419.73606
400.0,932,4425.100891
400.0,937,4430.608567
600.0,595,4434.085905
800.0,1553,4443.11583
1700.0,2400,4457.143224
1100.0,1393,4465.222527
1100.0,1786,4475.59774
600.0,1771,4485.901641
300.0,715,4490.00162
1100.0,2009,4501.666115
300.0,899,4506.845912
500.0,820,4511.53436
900.0,1318,4519.142385
800.0,1098,4525.457735
500.0,741,4529.686957
1200.0,1261,4537.064087
1100.0,1726,4547.091269
1100.0,1218,4554.155737
1200.0,1324,4561.815059
500.0,975,4568.208731
800.0,1475,4576.981926
600.0,1286,4584.888341
1100.0,1385,4593.051471
800.0,1408,4601.451733
600.0,1256,4609.022861
0.0,702,4613.05363
1000.0,1843,4623.797386
800.0,830,4628.565439
1800.0,2274,4642.153056
400.0,995,4648.771164
1200.0,1871,4660.251955
900.0,1145,4667.0078
500.0,783,4671.740924
300.0,1103,4678.220806
800.0,1989,4689.797475
800.0,1145,4696.399024
900.0,1896,4707.357165
1500.0,2113,4719.749125
0.0,1049,4725.975061
700.0,1856,4736.766519
1200.0,2017,4748.459718
1100.0,1323,4756.095789
500.0,1289,4763.540303
1100.0,1456,4771.975137
500.0,1113,4778.370309
1100.0,2135,4790.758489
500.0,1193,4797.626938
300.0,1315,4805.241158
2400.0,2276,4818.456228
400.0,1102,4824.797014
600.0,1451,4833.177865
300.0,854,4838.077438
600.0,1033,4844.016629
300.0,1160,4850.693391
600.0,1236,4857.804963
1000.0,1569,4866.884354
1000.0,2006,4878.50955
400.0,1152,4885.146506
600.0,1237,4892.275968
500.0,1351,4900.076993
700.0,1083,4906.313191
300.0,1314,4913.884312
700.0,1323,4921.531092
800.0,1270,4928.87361
500.0,843,4933.697433
400.0,735,4937.893519
1400.0,1379,4945.857476
600.0,1441,4954.147972
400.0,984,4959.806388
400.0,1171,4966.553063
900.0,1377,4974.583636
600.0,987,4980.245241
1300.0,1943,4991.488631
2200.0,2248,5004.532514
1000.0,1331,5012.216474
800.0,1474,5020.806029
800.0,1100,5027.928922
1100.0,2048,5040.797589
800.0,834,5046.208139
400.0,1002,5052.115876
3600.0,2568,5068.266625
1000.0,1867,5079.626105
1100.0,1068,5086.159325
300.0,1114,5093.024671
1100.0,1356,5101.480067
1100.0,1410,5109.961756
400.0,1285,5117.412864
500.0,779,5122.414055
1600.0,2025,5134.869519
1500.0,1756,5145.397822
1100.0,1591,5154.980969
900.0,1058,5161.070801
1300.0,2087,5173.515078
200.0,979,5179.117411
600.0,1197,5186.004471
700.0,1203,5192.927872
500.0,1284,5200.319991
200.0,686,5204.222529
2200.0,2173,5216.8831
900.0,1470,5225.463793
300.0,1252,5232.680463
700.0,1346,5240.4611
1100.0,1742,5250.54267
400.0,788,5255.043938
900.0,1776,5265.317676
1100.0,1525,5274.099864
100.0,521,5277.045771
300.0,797,5281.610624
300.0,1174,5288.38833
1100.0,1036,5294.354383
900.0,1535,5303.223005
1100.0,1536,5312.08686
400.0,599,5315.481183
1600.0,2037,5327.289425
1100.0,1388,5335.311363
600.0,1183,5342.074728
900.0,1358,5349.880161
900.0,1261,5357.151372
400.0,937,5362.532454
800.0,1645,5372.039607
300.0,916,5377.309182
700.0,1100,5383.637742
800.0,1300,5391.149165
600.0,755,5395.466182
700.0,1670,5405.121064
900.0,1544,5414.054021
1200.0,1068,5420.196577
1300.0,1424,5428.413053
1300.0,1911,5439.485137
1400.0,1865,5450.290307
1200.0,1474,5458.834409
900.0,1301,5466.326969
1000.0,1193,5473.187593
400.0,1272,5480.561394
1400.0,1263,5487.849993
0.0,834,5492.624529
2000.0,1772,5502.859224
300.0,1171,5509.60307
600.0,1103,5515.949334
1000.0,1068,5522.068542
1000.0,1864,5532.921918
900.0,1738,5542.9711
400.0,484,5545.696928
1000.0,1567,5554.756667
1000.0,1721,5564.672205
700.0,1279,5572.359701
500.0,693,5576.417953
600.0,1136,5583.132133
1300.0,1308,5590.820471
1200.0,1506,5599.694173
1400.0,1386,5608.194901
300.0,727,5612.445391
700.0,982,5618.493544
1600.0,1257,5626.645038
600.0,1076,5634.535847
700.0,1190,5642.152143
700.0,815,5647.358157
700.0,1184,5655.021884
3200.0,1812,5667.244739
800.0,1593,5679.503143
600.0,1250,5689.903246
1100.0,1090,5697.760643
1100.0,1447,5708.407783
1200.0,607,5712.726836
300.0,546,5716.383736
400.0,637,5720.975863
200.0,1089,5729.327535
800.0,635,5733.712916
700.0,750,5738.762682
2800.0,1664,5750.153273
900.0,941,5756.480756
1800.0,2192,5771.421209
1000.0,1362,5780.632416
1200.0,1545,5791.023796
500.0,515,5794.032568
700.0,1005,5799.914832
1200.0,1583,5809.226304
200.0,683,5813.191293
1100.0,1303,5820.814034
600.0,714,5825.002713
2200.0,1227,5832.167102
1000.0,797,5837.321012
1100.0,768,5842.538401
700.0,745,5847.491236
900.0,621,5851.667612
600.0,1485,5861.748877
900.0,636,5865.954511
1400.0,1221,5874.253393
900.0,1371,5883.686475
700.0,862,5889.566729
1400.0,1348,5898.671322
1000.0,589,5902.557543
1200.0,941,5908.913047
700.0,567,5912.704819
1100.0,1112,5920.196724
1000.0,863,5926.031412
900.0,726,5930.934271
800.0,662,5935.312365
1800.0,1456,5945.158573
1200.0,1719,5956.837326
1200.0,1038,5963.875886
1300.0,1399,5973.363293
1300.0,1055,5980.530416
700.0,713,5985.326697
800.0,589,5989.225502
800.0,1070,5997.546863
600.0,1042,6004.884351
1300.0,1131,6013.406614
1000.0,938,6020.409368
1800.0,1726,6033.274011
1200.0,1269,6042.554192
1000.0,1251,6051.617482
1300.0,771,6057.152855
800.0,849,6063.213037
1000.0,491,6066.707832
1200.0,857,6072.895938
800.0,813,6078.728187
1200.0,846,6084.845909
1100.0,1121,6092.984159
700.0,817,6098.773377
1100.0,792,6104.403406
800.0,712,6109.523235
900.0,552,6113.388996
600.0,499,6116.901584
1200.0,1063,6124.504266
1000.0,651,6129.161342
800.0,1039,6136.685202
1000.0,720,6141.82607
1100.0,525,6145.501964
1000.0,574,6149.551247
1400.0,857,6155.647171
1900.0,1436,6165.952422
900.0,882,6172.188858
1200.0,701,6177.130458
1100.0,528,6180.82335
1600.0,906,6187.3446
700.0,634,6191.898535
1800.0,1530,6202.822568
900.0,565,6206.728232
2200.0,1530,6217.697627
2600.0,1324,6227.21422
800.0,774,6233.211398
1100.0,885,6238.888585
1400.0,1296,6247.166427
1000.0,786,6252.112522
1200.0,814,6257.211041
2400.0,1206,6264.786885
1400.0,1143,6274.01198
1400.0,993,6280.233105
2200.0,1278,6288.253502
1200.0,892,6293.813064
500.0,935,6299.64238
3000.0,1601,6309.721975
1100.0,1075,6316.464051
1700.0,1172,6323.838027
1100.0,1066,6330.517595
1700.0,1019,6337.321581
2400.0,1228,6345.040742
1000.0,787,6349.955653
1400.0,1158,6357.378675
2400.0,1347,6365.897193
1000.0,534,6369.322366
1100.0,670,6373.542269
1300.0,868,6379.008084
1300.0,539,6382.370388
1400.0,1071,6389.091653
1700.0,1239,6396.921972
2400.0,1436,6405.978722
1600.0,1021,6412.364735
2800.0,1611,6422.528635
1300.0,754,6427.234132
1100.0,722,6431.715067
1100.0,760,6436.445828
1500.0,1165,6443.782263
3200.0,1328,6452.182553
1000.0,659,6456.322584
2200.0,1405,6465.816637
1600.0,1232,6473.588208
900.0,668,6477.723223
1000.0,953,6483.700412
1300.0,942,6489.647552
1300.0,1001,6495.923578
2200.0,1036,6502.384928
2200.0,1123,6509.444872
1100.0,585,6513.031069
1400.0,1213,6520.660781
900.0,676,6524.855509
1400.0,1271,6533.071552
800.0,1080,6540.200723
2200.0,1159,6548.61781
1500.0,964,6555.518862
1000.0,518,6559.180372
1600.0,1006,6566.326393
1100.0,581,6570.429297
1000.0,544,6574.230968
1700.0,943,6580.949254
1400.0,921,6587.561607
2200.0,1125,6595.78354
2000.0,705,6600.791427
600.0,665,6605.606214
2300.0,1669,6617.652122
1400.0,847,6623.667241
1100.0,896,6630.005591
1300.0,978,6636.76205
1400.0,1106,6643.761564
2200.0,1199,6651.293951
2000.0,937,6657.150848
1500.0,901,6662.803206
1600.0,1052,6669.399212
1000.0,808,6674.462134
700.0,921,6680.292612
1200.0,1029,6686.717011
2200.0,1037,6693.19693
2800.0,1307,6701.466689
3400.0,1119,6708.517088
1400.0,641,6712.494116
900.0,905,6718.101914
1000.0,726,6722.61036
1200.0,710,6727.082078
1000.0,745,6731.854387
1200.0,631,6735.830122
1000.0,565,6739.348878
1400.0,857,6744.706068
2400.0,1089,6751.537832
2200.0,1865,6763.369255
1200.0,661,6767.505851
1400.0,1048,6774.080377
1300.0,1169,6781.400549
1000.0,1359,6789.958544
1400.0,983,6796.1953
1200.0,609,6799.953951
800.0,777,6804.779511
1200.0,1063,6811.41189
1600.0,1059,6818.031523
900.0,1097,6824.893985
1700.0,1018,6831.337196
900.0,507,6834.482348
1800.0,1169,6841.788663
2200.0,936,6847.71781
2000.0,1608,6857.869119
1500.0,1604,6867.936767
800.0,651,6871.950375
1500.0,1209,6879.558665
2800.0,1259,6887.418535
1300.0,878,6892.884223
1100.0,565,6896.393047
800.0,769,6901.25949
1300.0,658,6905.33119
1500.0,1187,6912.733394
1500.0,1087,6919.514016
1300.0,1211,6927.055978
1100.0,840,6932.247723
1800.0,1674,6944.43961
2000.0,1042,6951.792322
2200.0,843,6957.086172
1100.0,575,6960.615397
1000.0,730,6965.25
2400.0,1593,6975.905051
2600.0,1689,6987.467121
1200.0,807,6992.607662
1000.0,565,6996.187375
3400.0,1781,7008.438032
2400.0,1704,7019.580071
2000.0,1298,7027.975766
600.0,490,7031.129218
1000.0,601,7034.929404
3200.0,1664,7045.494932
1500.0,978,7051.730856
3400.0,1683,7063.46935
1800.0,803,7068.644585
500.0,641,7072.634933
700.0,675,7076.87069
2200.0,992,7083.209436
1100.0,578,7086.938022
1300.0,1047,7094.028767
2000.0,1430,7103.167586
1300.0,1072,7110.193156
2800.0,1348,7118.690928
1200.0,773,7123.541281
1100.0,1037,7130.898906
1400.0,953,7137.236694
1200.0,1332,7146.133772
2200.0,1022,7153.492793
1700.0,952,7159.653036
3200.0,1122,7167.29281
2400.0,1188,7175.006968
2000.0,1539,7185.685749
2200.0,1293,7194.608389
1200.0,827,7200.560776
1300.0,798,7206.266072
2200.0,1708,7217.545077
300.0,499,7220.653198
1600.0,962,7227.467352
2000.0,1231,7235.408377
1400.0,775,7240.670662
2000.0,1104,7247.647124
1500.0,1252,7255.598384
1400.0,472,7258.512729
1300.0,1322,7266.851336
1600.0,1208,7274.466784
2400.0,1218,7282.163343
1200.0,793,7287.118207
1200.0,983,7293.343133
1600.0,1032,7299.827498
1500.0,830,7305.037901
4400.0,1740,7316.527932
2100.0,1077,7323.826457
1600.0,809,7329.23376
2800.0,1343,7338.943933
3200.0,1451,7348.624079
900.0,798,7353.854905
1600.0,967,7360.368269
1100.0,644,7364.599547
600.0,712,7369.280865
2400.0,1336,7378.295192
1400.0,1017,7384.986127
2700.0,1105,7392.844201
1200.0,880,7398.636275
900.0,440,7401.479813
1000.0,822,7406.847595
1200.0,752,7411.783567
900.0,1091,7418.981245
2600.0,1235,7427.165439
2600.0,1062,7434.224868
1700.0,1205,7442.407162
3800.0,1551,7452.830049
1600.0,1422,7462.336828
2400.0,1060,7469.353363
1400.0,532,7472.820991
800.0,1233,7481.000023
2000.0,1146,7488.509947
800.0,771,7493.544675
1300.0,620,7497.585375
1300.0,668,7501.923131
1000.0,409,7504.559481
1300.0,866,7510.232993
1000.0,880,7515.973395
2400.0,1186,7523.76875
1000.0,623,7527.802755
1500.0,885,7533.575739
1300.0,691,7538.073171
1100.0,852,7543.615246
1100.0,661,7548.136418
1600.0,1031,7554.954559
2000.0,1326,7563.721013
1400.0,1250,7572.050397
1400.0,670,7576.419208
3600.0,1657,7587.439972
1800.0,994,7593.98823
1400.0,1181,7601.823581
1600.0,742,7606.694135
2200.0,805,7611.980103
4100.0,1429,7621.513472
1100.0,905,7627.450343
1200.0,919,7633.538255
2400.0,1679,7644.830414
2200.0,1516,7654.943736
1100.0,649,7659.220566
600.0,937,7665.378486
1200.0,840,7670.935258
800.0,452,7673.856441
2600.0,1484,7683.677593
1300.0,948,7689.942238
2400.0,860,7695.645317
1200.0,747,7700.529087
800.0,685,7705.003092
800.0,596,7708.871596
1000.0,1110,7716.179248
3000.0,1342,7725.069417
1600.0,736,7729.91954
1200.0,602,7733.921394
2800.0,874,7739.977689
1500.0,765,7746.589681
1000.0,670,7752.355112
800.0,604,7757.113034
1800.0,949,7764.063184
1500.0,972,7770.680091
1300.0,653,7774.983288
1700.0,808,7780.295183
1800.0,1193,7787.908128
1200.0,877,7793.850921
1300.0,836,7799.365486
1300.0,646,7803.378834
2300.0,1223,7811.248921
800.0,482,7814.233031
1500.0,1263,7822.152263
600.0,872,7827.613341
1200.0,1092,7834.518488
900.0,402,7836.970259
1000.0,618,7840.816945
3200.0,1259,7848.823993
2000.0,656,7853.129679
1400.0,620,7856.945958
2000.0,1156,7864.285008
1500.0,1424,7873.250148
1500.0,956,7879.242599
1400.0,780,7884.080562
2200.0,1248,7891.929018
900.0,951,7897.863626
1500.0,934,7903.696739
1200.0,1116,7910.690064
1400.0,807,7915.699678
3200.0,1343,7925.762677
2200.0,1159,7933.855539
2800.0,1433,7942.821101
1600.0,799,7947.911908
1300.0,509,7950.831117
1300.0,584,7954.533518
2200.0,1209,7962.350925
3200.0,1191,7969.718627
1400.0,1235,7977.710145
1000.0,593,7981.658971
1400.0,670,7985.976799
1000.0,530,7989.005896
2800.0,970,7994.638198
1300.0,754,7999.096325
1300.0,529,8002.103853
1600.0,1141,8008.968544
1500.0,594,8012.381786
3000.0,1157,8019.110184
700.0,397,8021.356441
2000.0,812,8026.041505
1500.0,793,8030.660698
1500.0,855,8035.763128
800.0,465,8038.410008
1200.0,978,8044.241653
2200.0,1036,8050.670078
2200.0,1266,8058.358504
2200.0,1296,8066.172483
900.0,1211,8073.581445
2400.0,1151,8080.464235
1400.0,757,8084.940605
1100.0,889,8090.204156
2000.0,883,8095.568107
900.0,1073,8102.02473
2000.0,894,8107.357278
900.0,535,8110.485326
1100.0,764,8115.024245
2600.0,1198,8122.159635
1000.0,638,8125.927845
900.0,536,8129.065095
2800.0,1114,8135.714011
1700.0,675,8139.676301
900.0,784,8144.320051
800.0,572,8147.683166
1100.0,828,8152.563563
3600.0,1376,8160.793858
2200.0,1267,8168.727554
2100.0,960,8174.533495
1600.0,1210,8181.710278
2200.0,815,8186.542268
1300.0,768,8191.075088
1200.0,916,8196.49661
2200.0,1254,8203.969925
2600.0,1129,8210.693035
1500.0,856,8215.771231
2300.0,1043,8222.003555
2600.0,1187,8229.238894
900.0,653,8233.166638
1500.0,1070,8239.775308
2000.0,1390,8248.035372
1000.0,528,8251.098908
1300.0,1564,8260.476247
2200.0,911,8265.869247
3200.0,1617,8275.641258
1200.0,938,8281.203546
900.0,681,8285.248649
2400.0,1227,8292.551796
3200.0,1296,8300.244201
1200.0,775,8305.374125
1000.0,701,8309.55939
2600.0,1291,8317.364976
1300.0,934,8322.795854
1800.0,880,8328.722289
1700.0,1355,8338.020631
1300.0,820,8343.530668
1000.0,467,8346.623472
600.0,725,8351.460026
2000.0,1115,8358.782639
1300.0,1085,8365.913213
1400.0,1272,8374.289008
1400.0,748,8379.172683
1200.0,788,8384.304933
2200.0,1275,8392.750435
1100.0,781,8397.874277
2400.0,1226,8405.883206
2000.0,1113,8412.568365
1200.0,1067,8418.894405
1000.0,571,8422.234533
1100.0,708,8426.36599
4200.0,1575,8435.818113
900.0,518,8438.837205
200.0,785,8443.465347
1600.0,941,8449.028335
1200.0,923,8454.639128
1500.0,592,8458.577898
2800.0,1405,8467.740746
2600.0,1431,8477.213486
3600.0,1724,8489.046563
1200.0,1119,8495.808995
2200.0,1243,8503.312536
1100.0,806,8508.986843
900.0,718,8513.918264
2200.0,1239,8521.438915
1300.0,557,8524.917671
1800.0,1089,8531.714004
1600.0,830,8536.684344
1100.0,574,8540.194465
1300.0,565,8543.667275
2000.0,957,8549.645612
1400.0,1181,8556.720995
2800.0,1133,8563.380038
1400.0,773,8567.874887
1700.0,933,8573.306832
2800.0,1278,8580.798388
2000.0,976,8586.49823
2400.0,970,8592.165938
1100.0,644,8595.892246
1100.0,810,8600.601585
2200.0,1050,8606.748541
2800.0,1263,8614.147293
1400.0,1118,8621.801427
1100.0,603,8625.650164
1300.0,763,8630.616807
2000.0,1151,8638.11537
1500.0,842,8643.560107
2400.0,1248,8651.74918
1600.0,1065,8658.716004
1500.0,582,8662.501022
2000.0,955,8668.684844
2200.0,900,8674.646239
1600.0,924,8681.179551
700.0,618,8685.164504
1800.0,1226,8693.046521
1000.0,807,8698.255763
1900.0,1243,8706.397806
900.0,723,8711.072208
3500.0,1495,8720.881693
1000.0,767,8725.869927
2400.0,1229,8733.871643
2000.0,1067,8740.947993
1200.0,1224,8749.030674
2600.0,1331,8757.764407
2200.0,1008,8764.339041
2400.0,1308,8772.891789
1100.0,834,8778.335173
1300.0,662,8782.620549
3600.0,1396,8791.744965
900.0,725,8796.378834
2600.0,1168,8803.920105
1400.0,751,8808.702347
1700.0,775,8813.715674
1200.0,575,8817.415713
1800.0,1077,8824.493967
1900.0,1102,8831.664918
1200.0,1046,8838.365154
2600.0,936,8844.393634
1600.0,786,8849.45236
2400.0,1395,8858.581008
1600.0,973,8864.873592
1800.0,1072,8871.81233
1800.0,858,8877.33775
1600.0,953,8883.51658
2400.0,1188,8891.215881
1400.0,834,8896.580946
1800.0,913,8902.490538
1600.0,1121,8909.735297
2800.0,1139,8917.103636
2000.0,978,8923.384266
3200.0,1442,8932.83156
4000.0,2004,8946.269461
1200.0,785,8951.33616
3800.0,1559,8961.60359
1400.0,826,8966.997783
2500.0,1210,8974.251457
2200.0,1454,8982.850628
1400.0,848,8987.810882
2000.0,1436,8996.221546
2400.0,1281,9004.239313
2700.0,1453,9012.784809
1300.0,1018,9018.72569
1800.0,1444,9027.198204
2800.0,1026,9033.197113
1600.0,1358,9041.165101
900.0,782,9045.684744
1200.0,759,9050.09162
1100.0,478,9052.842804
1700.0,942,9058.915115
700.0,578,9062.25194
2600.0,1176,9069.184396
1400.0,826,9074.007239
3000.0,1002,9079.848004
1500.0,770,9084.331238
3600.0,1350,9092.377111
2800.0,1272,9100.765071
1500.0,941,9106.784984
2300.0,1040,9113.540207
1200.0,473,9116.487065
3800.0,1401,9125.580758
2600.0,1472,9135.174044
2500.0,1408,9144.300975
3800.0,1238,9152.310073
1200.0,703,9156.7683
2800.0,1425,9166.021083
1500.0,947,9172.124365
3000.0,1231,9180.080609
4200.0,1496,9190.025537
2200.0,827,9195.664378
1500.0,933,9201.337556
1900.0,1208,9208.551166
2800.0,1048,9215.046886
1400.0,993,9221.507252
1300.0,982,9227.802411
1900.0,997,9234.278818
1900.0,1048,9241.157818
1300.0,1006,9247.704055
800.0,839,9253.260422
2000.0,779,9258.052401
1400.0,1374,9266.372395
2800.0,1059,9272.650647
1400.0,1068,9278.909519
1400.0,1456,9287.530055
1600.0,1068,9293.984037
900.0,690,9298.222638
1700.0,1052,9304.730465
900.0,588,9308.569133
1200.0,768,9313.528045
2600.0,1453,9322.793475
2600.0,1188,9330.430017
2900.0,1355,9339.151201
2300.0,1294,9347.819307
1200.0,899,9353.484653
2600.0,1126,9360.646049
1500.0,982,9366.594983
900.0,805,9371.94777
2200.0,1546,9381.683576
1600.0,1004,9388.128192
1700.0,853,9393.653287
1100.0,841,9399.165483
900.0,608,9403.071674
1400.0,1078,9409.887419
2600.0,863,9414.973137
1500.0,859,9419.94522
1300.0,761,9424.308627
1000.0,723,9428.465163
1200.0,729,9432.65926
2200.0,996,9438.440234
2200.0,1007,9444.250596
5200.0,1618,9453.659729
2600.0,1456,9462.103893
3000.0,1210,9469.597461
2200.0,1409,9478.715749
2400.0,1337,9487.741539
1400.0,973,9494.073012
2700.0,1123,9501.573027
3800.0,1500,9511.274902
2600.0,1278,9519.693914
2400.0,1100,9526.246683
900.0,521,9529.211007
1000.0,750,9533.844369
2400.0,1448,9543.713323
3000.0,1023,9550.952578
1500.0,556,9554.742082
2000.0,1345,9563.50094
1500.0,1033,9570.54934
500.0,675,9574.917021
1100.0,1041,9582.090798
1400.0,541,9585.671695
1100.0,687,9590.018583
2600.0,1246,9598.656659
4000.0,1292,9607.444858
900.0,548,9611.134736
1300.0,830,9616.740373
3600.0,1240,9625.139164
1000.0,910,9630.65192
1400.0,1020,9637.25028
2900.0,994,9643.345802
900.0,593,9647.148213
2200.0,1157,9654.349341
2200.0,1158,9662.099963
700.0,495,9665.134301
2000.0,828,9670.459513
2800.0,1080,9677.287002
2400.0,1182,9685.232372
1100.0,1093,9692.139232
1100.0,661,9696.450331
2000.0,1032,9703.699825
3200.0,1670,9715.676732
1400.0,732,9720.808172
1500.0,1189,9729.222991
2800.0,1053,9736.577887
1400.0,805,9742.001051
3800.0,1513,9752.391535
900.0,417,9755.261174
2200.0,1203,9763.42657
1600.0,746,9768.395354
1200.0,800,9773.59214
2000.0,1045,9780.268576
2600.0,965,9786.790761
1600.0,863,9792.523313
2600.0,951,9798.782032
1500.0,894,9804.958707
2600.0,1341,9814.012331
1200.0,731,9818.952306
1300.0,1259,9826.659222
2500.0,1800,9837.586704
1200.0,1078,9844.060476
2400.0,1268,9851.863873
1600.0,999,9857.962997
1900.0,1213,9865.481858
1100.0,711,9870.094319
2200.0,1085,9876.883465
2800.0,790,9881.763634
2200.0,1433,9891.110246
2800.0,1546,9900.758237
1100.0,656,9904.828162
1100.0,666,9908.924736
2200.0,1494,9918.527663
1000.0,796,9923.464383
1800.0,1215,9931.097593
2200.0,1099,9937.766524
1800.0,1127,9944.563199
1200.0,569,9947.950538
800.0,674,9951.984913
1200.0,939,9957.626296
1300.0,594,9961.1669
2100.0,994,9967.193214
2200.0,815,9972.11913
2200.0,904,9977.559078
1300.0,1119,9984.269247
1000.0,777,9989.509828
1800.0,1057,9996.268731
1400.0,910,10002.054
1800.0,1258,10010.028535
2200.0,1116,10017.50836
1600.0,956,10023.826794
1000.0,1082,10031.089412
900.0,640,10035.048863
2600.0,1408,10044.162183
1300.0,852,10049.358443
2400.0,1608,10059.829066
600.0,958,10066.41053
1800.0,1125,10074.151402
1200.0,844,10079.87871
2000.0,1192,10088.076268
1700.0,953,10094.608068
600.0,724,10099.465245
2400.0,1104,10106.950441
4000.0,1200,10115.078288
3200.0,1553,10125.809526
1000.0,794,10131.260157
900.0,754,10136.331805
2400.0,902,10142.619861
4200.0,1443,10152.625928
800.0,620,10156.752719
1000.0,618,10160.953805
1200.0,817,10166.439508
1000.0,532,10170.021818
3200.0,1269,10178.609932
1100.0,707,10183.397119
1500.0,1020,10190.415958
900.0,667,10194.841922
1300.0,1663,10206.451063
1600.0,1023,10213.890799
1100.0,703,10218.65049
2200.0,1056,10225.633429
1600.0,991,10232.247675
3200.0,1072,10239.562141
1400.0,951,10245.925407
2000.0,1126,10253.498988
1600.0,1322,10262.264788
1500.0,980,10269.00037
800.0,658,10273.368685
2600.0,1025,10280.178174
1400.0,913,10286.306383
2800.0,1243,10295.128603
2800.0,825,10300.841998
3400.0,1505,10311.279115
1100.0,783,10316.673806
2600.0,1014,10323.681361
3800.0,1227,10332.178941
1600.0,830,10337.842474
1400.0,757,10343.006395
800.0,809,10348.510927
1900.0,1202,10356.815311
1200.0,877,10362.79882
700.0,712,10367.730654
1300.0,687,10372.398018
1100.0,1028,10379.470143
1400.0,1065,10386.781233
1300.0,807,10392.355385
800.0,766,10397.567571
1500.0,980,10403.723833
900.0,852,10409.03325
1300.0,933,10414.837837
1300.0,662,10418.894464
1200.0,635,10422.800704
900.0,790,10427.671257
1300.0,621,10431.531251
1300.0,750,10436.168713
1400.0,1107,10443.030174
2800.0,1067,10449.701128
1500.0,682,10453.907295
1400.0,691,10458.144979
1200.0,801,10463.082075
2400.0,1178,10470.37461
1700.0,677,10474.535868
900.0,795,10479.42434
1200.0,812,10484.44027
2400.0,1062,10490.990757
2400.0,908,10496.620203
2400.0,1127,10503.718071
1400.0,655,10507.765354
1500.0,937,10513.537778
2200.0,1107,10520.404197
2400.0,1183,10527.737091
2100.0,977,10533.787904
1900.0,765,10538.485358
900.0,643,10542.437591
1300.0,676,10546.581448
1000.0,665,10550.666193
1700.0,668,10554.744352
1500.0,813,10559.812522
1000.0,834,10564.977729
1800.0,1040,10571.468651
1300.0,826,10576.56868
2000.0,769,10581.297962
2400.0,723,10585.7495
1400.0,787,10590.58651
1500.0,994,10596.733212
1300.0,726,10601.187506
700.0,417,10603.724706
1800.0,564,10607.246934
2800.0,1222,10614.824975
1000.0,521,10617.997498
2000.0,805,10622.978891
3800.0,1605,10632.9485
1400.0,746,10637.572648
1100.0,638,10641.501359
3700.0,1482,10650.764248
400.0,647,10654.768237
2400.0,1316,10662.929518
2400.0,1024,10669.313321
1400.0,745,10673.889261
400.0,520,10677.07534
1100.0,368,10679.282692
1500.0,844,10684.532796
1200.0,863,10689.914486
1600.0,1202,10697.401601
3000.0,977,10703.46926
1400.0,830,10708.594911
4000.0,1442,10717.631997
1600.0,1063,10724.212102
1600.0,1078,10730.985734
3400.0,1299,10739.084899
2500.0,1419,10747.972919
2800.0,1281,10755.967762
4600.0,1558,10765.674215
2200.0,931,10771.457724
3700.0,1443,10780.413899
1000.0,644,10784.367522
800.0,592,10788.000699
1000.0,736,10792.535172
1000.0,493,10795.547668
1800.0,754,10800.200004
2000.0,1063,10806.83785
1200.0,993,10813.015354
1200.0,1100,10819.918977
2400.0,1069,10826.550041
1400.0,843,10831.771334
1000.0,727,10836.228351
3000.0,1052,10842.725005
1100.0,770,10847.465176
1900.0,965,10853.465638
3000.0,1052,10859.983777
2000.0,1048,10866.484121
2600.0,1229,10874.119285
3400.0,1670,10884.523863
1000.0,828,10889.612009
1300.0,642,10893.560251
1200.0,1014,10899.833582
1500.0,723,10904.323246
1400.0,827,10909.407989
3000.0,1401,10918.142944
3000.0,978,10924.336734
1000.0,789,10929.251508
3100.0,1066,10935.866286
1600.0,786,10940.72124
2200.0,1055,10947.284347
1400.0,536,10950.550847
1300.0,756,10955.238359
2200.0,734,10959.745076
3400.0,1323,10967.98695
3600.0,1358,10976.446413
2000.0,1266,10984.296697
1600.0,890,10989.821202
1400.0,817,10994.866956
3000.0,1008,11001.142184
1800.0,1031,11007.533855
2600.0,1088,11014.327247
2900.0,1081,11021.111529
1800.0,1242,11028.840217
2200.0,1299,11036.950773
1200.0,589,11040.56873
2000.0,882,11046.094405
2200.0,899,11051.760625
2600.0,1198,11059.226319
2800.0,1041,11065.72257
3400.0,1473,11074.942249
3000.0,1363,11083.451866
1200.0,750,11088.093329
1100.0,706,11092.499291
3300.0,1074,11100.098341
2400.0,1311,11109.163897
900.0,403,11111.873989
2300.0,1273,11120.639276
1100.0,754,11125.780071
2200.0,806,11131.322654
1100.0,894,11137.500094
800.0,500,11140.8476
2100.0,943,11147.378733
2000.0,1018,11154.323854
3600.0,1232,11162.757092
2600.0,1168,11170.841473
1500.0,658,11175.32376
2600.0,1015,11182.3646
2600.0,789,11187.754902
1500.0,931,11194.141339
1600.0,841,11199.91626
1000.0,522,11203.43053
1600.0,1228,11211.863043
1100.0,500,11215.271345
4100.0,1412,11224.981791
1200.0,615,11229.139895
2400.0,942,11235.626111
1200.0,1117,11243.288205
600.0,351,11245.602304
1800.0,775,11250.863085
1100.0,527,11254.373471
1600.0,1258,11263.119976
1200.0,783,11268.450915
1100.0,644,11272.814352
3200.0,1790,11285.182986
1600.0,553,11288.94932
2800.0,1162,11296.960565
2600.0,1471,11307.053466
1500.0,1115,11314.691967
1400.0,703,11319.45651
1600.0,1250,11328.087997
1200.0,578,11332.093544
1600.0,1047,11339.240602
1200.0,536,11342.847601
2600.0,1101,11350.4672
3400.0,1245,11359.11903
2600.0,1114,11366.784541
1400.0,1070,11374.118572
2600.0,1049,11381.426216
1300.0,615,11385.559666
2200.0,941,11392.058401
2300.0,908,11398.328916
2600.0,1590,11409.44993
1200.0,835,11415.151688
1800.0,849,11420.991692
2600.0,949,11427.457428
900.0,599,11431.61567
5000.0,1672,11443.289775
700.0,448,11446.593326
2300.0,1048,11453.221393
1100.0,959,11459.454013
1800.0,833,11465.524268
1200.0,719,11470.540966
2000.0,873,11476.264538
1600.0,956,11482.885279
1500.0,1061,11489.784184
2200.0,1021,11496.835197
2800.0,837,11502.377649
1300.0,708,11506.964235
900.0,538,11510.377344
2200.0,815,11515.598804
1200.0,878,11521.320768
3200.0,888,11527.057992
2800.0,1446,11536.970064
1200.0,700,11541.871505
1300.0,960,11548.275196
4000.0,1475,11558.068896
1400.0,629,11562.074981
3400.0,1066,11569.281316
1400.0,1045,11576.151906
2400.0,855,11581.641379
900.0,746,11586.546864
1000.0,563,11590.018143
1400.0,1231,11598.000092
4200.0,1368,11606.634521
3400.0,1141,11613.928315
1300.0,982,11620.154472
900.0,693,11624.511586
2600.0,1301,11633.435478
2600.0,1061,11640.214503
2600.0,1249,11648.417259
2800.0,1291,11657.139141
4400.0,1577,11667.192268
2400.0,881,11672.973725
2600.0,1216,11680.700239
2600.0,1040,11687.253127
4400.0,1295,11695.386595
3400.0,1345,11703.824875
1300.0,755,11708.504637
3200.0,1086,11715.371098
4200.0,1297,11723.705448
2200.0,1336,11732.334046
2600.0,897,11738.054016
2600.0,1144,11745.209999
2000.0,873,11750.669406
2200.0,1119,11758.392659
900.0,531,11761.670407
1200.0,729,11766.180019
1700.0,825,11771.369571
3000.0,1266,11779.308787
1200.0,1180,11786.726971
2400.0,923,11792.470778
2600.0,1216,11800.042153
1100.0,481,11803.00178
3200.0,1308,11811.252028
1900.0,1101,11818.180716
5000.0,1343,11826.728013
1600.0,767,11831.50639
2400.0,1117,11838.541317
1300.0,835,11843.753608
1400.0,664,11847.869606
2400.0,1285,11855.935889
1300.0,678,11860.167924
1400.0,1064,11866.846748
3200.0,874,11872.285006
1400.0,925,11878.06945
1300.0,697,11882.384804
4000.0,1213,11890.156816
1400.0,1162,11897.476034
2800.0,1229,11905.19925
1700.0,1233,11912.896626
2100.0,916,11918.638757
2400.0,956,11924.570254
1300.0,655,11928.64467
2200.0,982,11934.990348
2600.0,671,11939.130469
2200.0,1035,11945.608128
2200.0,972,11951.705241
3600.0,1073,11958.409583
1100.0,890,11964.118921
2000.0,1012,11970.805788
2600.0,942,11976.923909
1300.0,712,11981.610787
900.0,690,11986.161631
1600.0,797,11991.494646
2200.0,1175,11999.076756
1100.0,765,12003.640771
2600.0,926,12009.210557
1600.0,737,12014.834413
1400.0,799,12020.541089
1800.0,682,12025.247278
2100.0,1027,12031.828018
1400.0,1165,12039.124539
2400.0,1018,12045.552301
2200.0,1224,12053.53554
3400.0,1147,12060.472368
2600.0,1100,12067.079016
1600.0,688,12071.053741
1600.0,855,12076.13805
2600.0,1163,12083.129091
4600.0,1274,12091.47836
3700.0,1332,12101.303531
4500.0,1621,12113.502705
900.0,653,12118.224652
2700.0,898,12124.844432
3200.0,1134,12133.209514
1500.0,754,12138.723584
2200.0,856,12144.957814
2000.0,865,12151.309372
4000.0,1358,12161.194381
1500.0,950,12168.289315
1600.0,749,12173.739508
1100.0,790,12179.555256
1500.0,774,12185.303298
1800.0,962,12190.873296
1600.0,1040,12196.848658
1000.0,541,12199.907536
900.0,837,12204.669241
2200.0,830,12209.404648
4000.0,1640,12221.504548
1300.0,822,12227.619837
2800.0,1093,12236.548078
1600.0,1041,12244.186285
1800.0,1020,12251.737989
1200.0,576,12255.863256
1200.0,624,12260.474751
3800.0,1381,12270.640578
1500.0,756,12276.131282
1200.0,751,12281.676655
3400.0,1224,12290.64695
1100.0,677,12295.507653
4700.0,1553,12307.030289
2400.0,855,12313.274726
2200.0,774,12318.816383
4600.0,1354,12328.783861
2600.0,1012,12336.263742
600.0,589,12340.540906
2200.0,1043,12348.192447
1100.0,803,12354.078641
1300.0,768,12359.727954
2400.0,1099,12367.829398
1600.0,859,12374.084928
1600.0,1136,12382.463318
1300.0,993,12389.718221
2800.0,1078,12397.609715
1500.0,714,12402.788445
1200.0,741,12408.211883
1600.0,827,12414.346845
2400.0,950,12421.317304
2800.0,937,12428.196469
1800.0,637,12432.771577
1800.0,1047,12440.497581
4800.0,1437,12451.075932
1200.0,607,12455.493116
1400.0,1002,12462.900986
1200.0,650,12467.58396
2400.0,988,12474.888178
1500.0,815,12480.863573
2200.0,1013,12488.398903
1500.0,803,12494.348915
3800.0,1096,12502.382892
800.0,474,12505.813031
800.0,660,12510.605599
2000.0,698,12515.694899
3000.0,1244,12524.948889
1100.0,926,12531.758121
2000.0,905,12538.477362
1000.0,815,12544.462015
1800.0,525,12548.242571
1100.0,801,12554.094876
2800.0,1227,12563.151451
2300.0,1024,12570.591593
1600.0,1026,12578.075896
3000.0,1156,12586.585181
4600.0,1401,12596.979586
1400.0,1041,12604.572543
2000.0,777,12610.395227
1200.0,785,12616.127877
1500.0,720,12621.425453
3200.0,1279,12630.855889
1200.0,704,12636.059659
3800.0,1177,12644.630883
3400.0,1113,12652.747571
3800.0,1344,12662.531733
600.0,582,12666.713113
3300.0,1469,12677.516729
1200.0,618,12681.998191
1300.0,637,12686.640682
1800.0,813,12692.612156
2200.0,1174,12701.234357
1500.0,632,12705.861697
1000.0,672,12710.758086
1200.0,650,12715.434069
1800.0,984,12722.665316
3400.0,1247,12731.872386
1300.0,678,12736.809229
1800.0,907,12743.455953
4000.0,1621,12755.295575
4200.0,1589,12766.882165
1200.0,679,12771.815045
1300.0,675,12776.663178
1800.0,1203,12785.42901
1900.0,1065,12793.229699
2500.0,1408,12803.652477
1500.0,676,12808.598166
2000.0,944,12815.618264
2000.0,910,12821.363734
1300.0,698,12825.547291
2600.0,1050,12832.32215
1100.0,569,12836.269952
1500.0,1020,12843.031775
1900.0,1073,12849.709407
1300.0,624,12853.486081
600.0,917,12859.513302
1700.0,856,12864.722342
2600.0,1532,12874.299693
2200.0,1272,12882.094529
1300.0,931,12887.789765
2600.0,1087,12895.725893
1200.0,934,12901.949415
2000.0,1051,12908.677885
1200.0,753,12913.496915
2400.0,1154,12921.171662
3400.0,1377,12929.800872
3000.0,1138,12937.049053
3200.0,1125,12943.973313
1300.0,550,12947.263954
1300.0,1093,12953.962941
2000.0,1259,12961.756423
3200.0,1312,12970.008096
2800.0,1670,12979.715855
1200.0,1132,12986.195021
1800.0,970,12991.730997
1600.0,823,12996.414846
3800.0,1623,13006.299429
2000.0,948,13012.074329
3400.0,1597,13021.961697
2600.0,1047,13028.361171
2800.0,1198,13035.701368
2600.0,1331,13043.9235
2600.0,935,13049.657217
1200.0,813,13054.607362
1400.0,780,13059.3525
3500.0,1258,13067.069381
2600.0,984,13073.097297
2400.0,1205,13080.480895
2400.0,1066,13087.034621
2400.0,1126,13094.016205
3200.0,995,13100.084276
2800.0,1545,13109.692235
1300.0,639,13113.633447
2800.0,1182,13120.480731
1300.0,892,13125.623755
2400.0,1279,13133.049652
1400.0,662,13136.895248
4000.0,1233,13143.977298
2400.0,1021,13149.829203
2000.0,1224,13156.830675
2600.0,1484,13165.396364
1300.0,515,13168.289354
2200.0,995,13173.976646
2800.0,1041,13179.936784
2400.0,1429,13188.129417
1600.0,1152,13194.715122
3200.0,1565,13203.736302
2600.0,1205,13210.746331
3000.0,869,13215.692496
2800.0,1181,13223.270408
1500.0,809,13228.229558
2600.0,1274,13236.056453
2200.0,1096,13242.727236
1200.0,695,13246.699464
3200.0,1213,13253.666506
2000.0,1210,13260.583263
1100.0,646,13264.242881
2600.0,1033,13270.144415
1700.0,1028,13276.026165
3200.0,1124,13282.438451
1100.0,659,13286.178375
700.0,829,13290.896307
2900.0,1030,13296.78811
5000.0,1651,13306.290486
1400.0,1080,13312.482885
1300.0,456,13315.028034
1800.0,980,13320.628677
900.0,493,13323.40855
3400.0,1431,13331.729983
3200.0,1130,13338.223453
3000.0,1259,13345.462573
4000.0,1274,13352.774358
800.0,733,13356.939394
5200.0,1814,13367.406958
1200.0,644,13371.044878
1300.0,704,13375.05024
3000.0,1331,13382.692413
2200.0,1262,13389.930529
1300.0,1052,13395.943354
1300.0,722,13400.043219
1200.0,773,13405.103461
1700.0,792,13409.76058
2400.0,1038,13415.91241
2400.0,1341,13423.805333
1100.0,1474,13432.988997
2400.0,1397,13441.867697
3400.0,1398,13450.837387
1600.0,935,13456.456584
1300.0,533,13459.517259
1700.0,813,13464.324411
900.0,653,13468.222862
1200.0,791,13472.831257
1200.0,854,13477.890183
1100.0,941,13483.688029
1300.0,1289,13491.302111
2400.0,1319,13499.175928
1100.0,733,13503.46192
900.0,474,13506.379665
2200.0,1148,13513.461478
2200.0,1117,13520.22575
2000.0,1137,13526.813643
2200.0,1284,13534.262042
2800.0,1273,13541.573794
1100.0,845,13546.386758
1400.0,685,13550.319516
1100.0,998,13556.029141
2400.0,1332,13563.701694
3300.0,1661,13573.395759
2400.0,1252,13580.575363
700.0,759,13584.893621
2200.0,706,13588.897122
1600.0,1187,13595.789989
3200.0,1377,13603.683913
1300.0,771,13608.071336
800.0,692,13612.104527
1100.0,1002,13617.871493
1200.0,720,13621.983129
2200.0,998,13627.687776
2200.0,1161,13634.329532
3000.0,1372,13642.277185
1600.0,989,13648.000524
2000.0,1164,13654.666226
2000.0,1361,13662.731611
2600.0,1134,13669.588643
3600.0,1139,13676.376044
1900.0,1089,13682.607899
1300.0,1317,13690.270204
3400.0,1394,13698.285798
1200.0,731,13702.436439
1600.0,1180,13709.227899
4800.0,1506,13717.948713
2000.0,883,13723.297202
2600.0,1092,13729.548081
1600.0,901,13734.746697
2600.0,1192,13742.664584
1700.0,879,13747.90947
1400.0,903,13753.262613
2600.0,1109,13759.713876
1100.0,730,13763.865664
1200.0,844,13768.921351
2600.0,1505,13778.087923
1600.0,939,13783.844551
800.0,800,13788.796741
1500.0,866,13793.72471
600.0,412,13796.012883
2200.0,1234,13803.08389
900.0,805,13807.7457
2600.0,1158,13814.396685
2400.0,1170,13821.129255
1500.0,898,13826.24802
1300.0,737,13830.43592
800.0,517,13833.321057
2600.0,1097,13839.59337
2000.0,1148,13846.169975
1600.0,1348,13853.87768
900.0,786,13858.339036
2400.0,1244,13865.45312
1000.0,591,13868.78896
1300.0,819,13873.440887
1400.0,801,13877.990496
1400.0,1336,13885.646574
1200.0,576,13888.908598
1500.0,688,13892.785834
1400.0,882,13897.865651
1000.0,656,13901.578374
2800.0,1294,13909.054137
3200.0,1759,13919.157724
1300.0,814,13923.76838
3200.0,1308,13931.377881
2800.0,1467,13939.793244
2200.0,980,13945.419631
2400.0,1040,13951.367493
600.0,476,13954.031552
2100.0,1314,13961.593588
1200.0,829,13966.301127
2100.0,1259,13973.495305
1500.0,1027,13979.370028
1400.0,953,13984.781895
1600.0,1034,13990.817453
1300.0,855,13995.682534
2200.0,1027,14001.534216
2600.0,1125,14007.985016
3800.0,2024,14019.645382
1000.0,776,14024.066215
2000.0,1365,14031.924928
2600.0,1677,14041.551079
2200.0,1259,14048.85769
1000.0,543,14051.922567
4200.0,1650,14061.393724
2600.0,1412,14069.48365
1200.0,821,14074.143517
1300.0,862,14079.041097
3200.0,1118,14085.429018
3000.0,1411,14093.522947
1300.0,625,14097.056435
2000.0,1042,14102.99203
2200.0,957,14108.446267
2400.0,685,14112.317671
1000.0,862,14117.202186
1400.0,1184,14123.987737
1600.0,688,14127.872096
1200.0,827,14132.595164
2000.0,862,14137.501556
2300.0,1179,14144.255822
1800.0,1313,14151.783503
1500.0,830,14156.499282
900.0,457,14159.036985
1400.0,819,14163.895149
1600.0,1064,14170.335913
400.0,616,14174.035982
3000.0,1422,14182.382604
1200.0,887,14187.440666
2800.0,884,14192.483549
1600.0,976,14198.075904
3000.0,1436,14206.318287
3000.0,1275,14213.64774
3200.0,1236,14220.731729
1400.0,509,14223.6006
1300.0,724,14227.702918
2200.0,996,14233.400643
1500.0,902,14238.545162
1000.0,801,14243.110692
2000.0,684,14246.972852
2800.0,1162,14253.628772
1400.0,545,14256.707254
2600.0,1082,14262.908193
2400.0,1325,14270.522823
2200.0,902,14275.726967
2800.0,924,14280.999399
2400.0,1262,14288.347258
1200.0,749,14292.7159
1100.0,635,14296.36199
1300.0,810,14300.973976
2000.0,1141,14307.555946
2200.0,1131,14314.051331
1500.0,824,14318.787518
2600.0,1007,14324.536443
1600.0,1112,14330.944238
2600.0,1016,14336.789922
2000.0,1109,14343.111419
1900.0,659,14346.838764
1500.0,842,14351.633735
1700.0,720,14355.719513
1300.0,423,14358.091289
2200.0,882,14363.127831
2000.0,866,14368.071872
3000.0,1242,14375.19087
1600.0,591,14378.536018
1800.0,952,14383.959446
1300.0,590,14387.286875
1100.0,461,14389.870496
1800.0,866,14394.847279
2000.0,898,14399.948701
1400.0,697,14403.922147
1600.0,806,14408.600697
1700.0,625,14412.150436
3000.0,1222,14419.147529
3200.0,1488,14427.701549
2600.0,807,14432.295133
1300.0,690,14436.209782
1300.0,632,14439.790109
1300.0,661,14443.608808
1300.0,955,14449.098294
2000.0,733,14453.31039
2200.0,990,14459.26575
1600.0,657,14462.980383
2400.0,1051,14469.005536
1300.0,988,14474.637022
2100.0,866,14479.575298
1400.0,804,14484.349267
1300.0,823,14489.027569
1100.0,644,14492.705456
1200.0,509,14495.575737
1500.0,744,14499.81604
1500.0,1041,14505.752644
2400.0,1030,14511.647539
1400.0,879,14516.673282
1300.0,418,14519.004633
700.0,512,14521.861881
1500.0,1242,14529.081017
1500.0,658,14532.819339
2200.0,946,14538.226853
1600.0,934,14543.577052
1600.0,700,14547.562638
2200.0,1297,14555.010397
1300.0,574,14558.248017
1500.0,692,14562.198244
3000.0,925,14567.499285
1400.0,805,14572.079164
900.0,812,14576.708679
1500.0,859,14581.599882
2000.0,821,14586.47669
1000.0,472,14589.32269
1400.0,770,14593.867798
1500.0,672,14597.760398
1400.0,824,14602.644299
1300.0,571,14605.876663
1500.0,659,14609.686237
2400.0,1194,14616.557915
2200.0,1088,14622.79104
1400.0,667,14626.60306
1300.0,896,14631.796625
1600.0,756,14636.106895
1300.0,634,14639.705406
2400.0,1148,14646.528143
1500.0,656,14650.605408
1600.0,886,14655.698753
1800.0,792,14660.217332
1400.0,573,14663.455077
1800.0,790,14667.98595
2400.0,1213,14674.943922
2400.0,949,14680.362264
2200.0,840,14685.16374
1700.0,648,14688.824562
1000.0,424,14691.199988
1500.0,796,14695.724453
2400.0,1022,14701.581447
2200.0,708,14705.621286
1500.0,713,14709.680516
1300.0,787,14714.154416
3400.0,1256,14721.35403
2600.0,885,14726.413143
1400.0,631,14729.979637
2000.0,910,14735.192415
1800.0,715,14739.27176
1400.0,751,14743.542226
1100.0,452,14746.065444
1500.0,984,14751.694495
1500.0,872,14756.655286
2200.0,1019,14762.509685
2000.0,1090,14768.871854
1300.0,555,14772.068946
1400.0,515,14775.26859
1500.0,678,14779.496462
1600.0,630,14783.06839
2600.0,995,14788.748742
1200.0,809,14793.368253
2300.0,1241,14800.497674
1000.0,532,14803.483411
1300.0,592,14806.839388
1600.0,892,14812.001031
1500.0,794,14817.301512
1400.0,587,14820.721262
800.0,718,14824.90549
1200.0,571,14828.411243
1200.0,675,14832.499715
2100.0,821,14837.562535
2800.0,1677,14847.482288
1500.0,1138,14854.624205
1400.0,659,14858.550255
1000.0,540,14862.006324
700.0,507,14865.295726
1300.0,705,14870.117287
1400.0,738,14874.538507
1600.0,932,14880.162614
1300.0,736,14884.684446
2800.0,1619,14894.274845
1800.0,1174,14901.125536
3400.0,1313,14909.467158
4400.0,2265,14924.328539
1200.0,1305,14933.596153
1000.0,846,14939.109355
1600.0,1337,14948.328569
3200.0,1802,14960.027851
2600.0,1029,14966.567853
1900.0,801,14971.478152
2300.0,1265,14979.304073
3800.0,1226,14986.879751
600.0,481,14989.784465
2400.0,1209,14997.253885
2800.0,1611,15007.718353
1000.0,818,15012.87517
2200.0,1712,15023.821732
2000.0,666,15027.884084
1100.0,1056,15034.376533
1600.0,993,15040.478587
1100.0,1029,15046.801153
1000.0,524,15049.990783
1300.0,942,15055.767502
1400.0,1181,15063.04711
2100.0,1417,15071.774465
1400.0,910,15077.377172
2400.0,1505,15086.711337
2500.0,1085,15093.393694
1200.0,1162,15100.533891
1700.0,1334,15108.752088
2000.0,1266,15116.68876
800.0,851,15121.915328
2200.0,1322,15130.189226
3600.0,2109,15143.349547
1400.0,813,15148.308672
900.0,1385,15156.870351
1700.0,941,15162.333464
700.0,574,15165.878238
2400.0,1315,15173.798144
2000.0,1214,15181.297043
800.0,766,15185.722768
1500.0,891,15190.896698
1300.0,1623,15201.029927
1600.0,1276,15208.877033
2500.0,1243,15216.472053
2200.0,1512,15225.964619
2400.0,1695,15237.417939
1000.0,1034,15244.28721
2400.0,1479,15253.803356
2100.0,1207,15262.095085
2800.0,1493,15271.340098
3000.0,1411,15279.958852
1800.0,1229,15287.516335
2900.0,1627,15297.982166
1300.0,1300,15306.853092
3600.0,1412,15315.661333
3000.0,1622,15325.563402
3600.0,2260,15339.769382
1300.0,491,15342.791759
2800.0,1310,15351.206562
800.0,716,15355.648074
2300.0,1238,15363.274919
2400.0,1017,15369.631608
2600.0,1695,15380.111005
2800.0,1173,15387.363953
2200.0,1221,15394.849715
2000.0,1580,15404.624605
1300.0,1311,15412.698011
500.0,689,15417.163496
1400.0,1526,15427.372346
3200.0,1565,15437.683149
2000.0,1129,15445.739477
1000.0,805,15451.404464
1400.0,995,15458.451088
1600.0,997,15465.879729
1800.0,891,15472.229092
2200.0,994,15479.115222
1300.0,701,15483.960012
1300.0,658,15488.386297
900.0,681,15493.001907
1800.0,768,15497.926746
1300.0,884,15503.592576
1500.0,762,15508.337395
1400.0,687,15512.688872
1600.0,1184,15520.166263
1700.0,1432,15529.475289
1100.0,501,15532.755773
800.0,1295,15540.902968
1400.0,1134,15548.45781
1100.0,831,15553.719273
1300.0,979,15559.854647
1000.0,725,15564.565621
1100.0,654,15569.235459
1600.0,979,15575.7366
2400.0,1416,15585.06421
1300.0,1015,15596.648685
1200.0,673,15603.805238
1600.0,1041,15615.577783
700.0,476,15620.695315
2300.0,954,15631.1134
1000.0,688,15638.582314
1100.0,968,15649.091802
1100.0,757,15657.188026
1100.0,1008,15667.933253
900.0,476,15672.800696
700.0,733,15680.533556
2200.0,1414,15695.649371
1100.0,666,15702.58065
1400.0,1168,15715.22854
1700.0,1090,15726.873491
900.0,652,15733.848119
800.0,511,15737.538154
1000.0,540,15742.758775
1100.0,977,15751.691309
1200.0,711,15758.140776
1300.0,687,15765.103898
2000.0,1085,15776.480917
1400.0,1024,15786.763764
1000.0,593,15792.716831
1000.0,727,15800.285684
1100.0,918,15809.47701
1800.0,958,15819.173236
900.0,624,15825.499024
1600.0,882,15834.627762
1100.0,866,15844.439289
1200.0,1423,15862.260151
1300.0,804,15871.533469
1100.0,513,15876.811188
1300.0,583,15882.809119
1100.0,680,15889.823005
1100.0,742,15897.65937
700.0,1142,15909.634847
2000.0,1128,15921.518268
1300.0,903,15931.110238
800.0,449,15935.877407
1300.0,843,15944.811005
1600.0,1006,15955.56703
1100.0,835,15964.408866
800.0,485,15969.546561
1300.0,941,15979.613795
1300.0,1048,15990.671037
1200.0,1040,16001.625998
1000.0,1113,16013.461372
1000.0,745,16021.369808
1100.0,656,16028.196471
900.0,624,16034.677177
500.0,638,16041.17616
1600.0,1110,16052.615187
800.0,1543,16068.595884
1000.0,1237,16081.213159
1600.0,962,16088.283207
1200.0,857,16094.239952
1000.0,712,16098.381883
600.0,561,16101.584383
1200.0,879,16106.683986
1700.0,871,16111.922948
1600.0,1005,16118.743999
1800.0,1035,16126.26497
1600.0,1259,16134.945055
1300.0,334,16137.063576
900.0,759,16141.957576
600.0,723,16146.90841
1800.0,1404,16156.102632
600.0,561,16159.682132
1100.0,890,16165.450746
1100.0,741,16170.196543
1300.0,932,16176.229719
1100.0,1004,16182.643576
2000.0,1144,16190.07994
1300.0,1099,16197.206924
1100.0,984,16203.629538
1400.0,972,16210.149054
2200.0,1276,16218.471578
1100.0,861,16224.005158
1000.0,386,16226.417089
500.0,889,16232.131553
1400.0,572,16235.784503
1100.0,920,16241.739574
900.0,972,16248.050749
2000.0,1250,16256.251575
900.0,913,16262.273213
1700.0,941,16268.599097
2000.0,881,16274.421162
1000.0,736,16279.198107
700.0,833,16284.618536
1200.0,547,16288.237039
1500.0,1086,16295.594364
1100.0,796,16300.85433
1400.0,961,16307.170302
1200.0,930,16313.42378
3000.0,1776,16325.267121
2400.0,998,16331.966647
2000.0,1154,16339.552683
3000.0,1194,16347.340516
2200.0,1165,16354.964787
1000.0,858,16360.435857
2200.0,1161,16367.918017
3200.0,1121,16375.22721
1200.0,553,16378.731855
700.0,664,16383.250599
2800.0,996,16389.826425
1400.0,784,16394.932997
3200.0,1225,16403.05696
1300.0,933,16409.172953
1300.0,781,16414.288683
1800.0,675,16418.656011
1300.0,912,16424.561069
1600.0,1366,16433.599588
3000.0,945,16439.761433
1500.0,685,16444.203153
3000.0,977,16450.995208
2700.0,1014,16457.825203
1300.0,572,16461.729559
1300.0,489,16464.876772
1100.0,588,16468.783768
1400.0,725,16473.51521
1500.0,618,16477.509707
2800.0,1346,16486.320743
1600.0,688,16490.795373
1100.0,883,16496.572689
1600.0,1106,16503.784225
1600.0,1152,16511.263164
1300.0,813,16516.612136
1200.0,1018,16523.24891
1100.0,888,16529.049315
1500.0,928,16535.054462
1100.0,845,16540.66919
600.0,530,16544.101121
2000.0,1185,16551.821742
1800.0,1339,16560.62302
2800.0,1107,16568.049695
1100.0,790,16573.217525
1600.0,844,16578.68327
1800.0,1059,16585.611548
1800.0,1054,16592.47174
900.0,1234,16600.572836
1100.0,525,16603.971247
2800.0,1583,16614.395024
1300.0,620,16618.384332
900.0,667,16622.70065
1800.0,1434,16632.088684
1800.0,1277,16640.418428
1100.0,1212,16648.317134
2400.0,1277,16657.247807
3000.0,1570,16667.68903
2400.0,1229,16675.724362
3400.0,1539,16685.928221
1200.0,927,16692.218197
2200.0,1198,16700.788437
1200.0,1045,16707.043658
1200.0,1368,16714.981844
1200.0,974,16720.596467
1800.0,1152,16727.344905
2200.0,1357,16735.310681
1600.0,1338,16743.055354
500.0,872,16748.092942
1100.0,911,16753.339212
2600.0,1114,16759.787478
1100.0,1004,16765.585243
1300.0,931,16770.952691
1200.0,686,16774.882434
1200.0,801,16779.486177
1200.0,860,16784.410712
1300.0,750,16788.699581
900.0,540,16791.767322
1800.0,1250,16798.998718
900.0,453,16801.558975
1800.0,1281,16809.11917
2000.0,1073,16815.321838
2400.0,1113,16821.748538
400.0,454,16824.309178
1300.0,1275,16831.667665
1000.0,429,16834.098939
2600.0,1386,16842.120457
1100.0,754,16846.451531
2700.0,1266,16853.772676
1100.0,1006,16859.553958
2400.0,1201,16866.474389
1300.0,722,16870.610041
2400.0,1471,16879.1642
1200.0,961,16884.684753
1800.0,1045,16890.707681
800.0,629,16894.312892
1400.0,862,16899.261091
1400.0,571,16902.513413
1000.0,686,16906.435563
3400.0,1132,16912.97074
1000.0,1121,16919.437727
1300.0,1043,16925.55001
1100.0,731,16929.768969
1800.0,1037,16935.761163
700.0,387,16937.920226
2300.0,1237,16945.071959
2000.0,1512,16953.831497
1400.0,1265,16961.153674
1300.0,994,16966.889718
1000.0,1007,16972.686005
900.0,728,16976.850816
2000.0,1264,16984.132971
1300.0,984,16989.798834
1200.0,721,16993.90374
1500.0,1067,17000.06278
2200.0,1163,17006.78881
1800.0,943,17012.208744
1300.0,1520,17021.029159
1000.0,646,17024.727978
1900.0,880,17029.775223
2200.0,1819,17040.376933
1000.0,883,17045.51534
1100.0,902,17050.960743
1000.0,753,17055.531207
900.0,834,17060.613328
700.0,918,17066.032092
1300.0,755,17070.581538
1400.0,949,17076.454425
1100.0,557,17080.015636
1200.0,655,17084.596949
1200.0,596,17088.80068
1700.0,1465,17098.681182
1000.0,746,17103.602904
1200.0,1141,17111.149319
1300.0,534,17114.60094
2200.0,1481,17124.369155
1200.0,790,17129.564452
1000.0,759,17134.501529
800.0,904,17140.452811
1600.0,1605,17151.141175
1300.0,1004,17157.697671
1100.0,738,17162.570903
1700.0,1092,17169.900395
1400.0,895,17175.817783
1200.0,952,17182.294633
1400.0,714,17187.059138
1400.0,856,17192.72915
2200.0,1214,17200.756139
900.0,1106,17207.996699
1800.0,956,17214.227887
900.0,541,17217.770923
1600.0,914,17223.966689
1600.0,1354,17232.934317
1500.0,1117,17240.268308
1500.0,623,17244.301685
1000.0,1012,17250.905973
1700.0,859,17256.481083
2500.0,1400,17265.650227
1000.0,590,17269.449791
1300.0,877,17275.068755
3000.0,1689,17286.219439
1700.0,1223,17294.220076
1400.0,929,17300.265933
1500.0,801,17305.468684
1100.0,653,17309.673911
2600.0,1112,17316.900316
1300.0,812,17322.13814
800.0,603,17326.027056
1000.0,813,17331.405285
1000.0,662,17335.70085
1200.0,812,17341.065073
1400.0,812,17346.319935
1600.0,882,17352.110587
1200.0,764,17357.037374
2300.0,1651,17367.904629
1200.0,973,17374.261863
1200.0,1010,17380.827171
1500.0,891,17386.598825
2200.0,821,17392.037929
1600.0,1078,17399.098843
600.0,750,17403.988892
3000.0,1354,17412.997822
1000.0,700,17417.499785
1100.0,525,17420.896053
2000.0,1116,17430.713535
2000.0,1060,17438.664849
1200.0,866,17445.035146
2000.0,1156,17454.8509
1800.0,1389,17465.122485
1500.0,1372,17475.162545
1200.0,667,17479.901016
900.0,563,17483.876424
1100.0,805,17489.642121
2600.0,943,17496.542604
2300.0,1471,17507.161333
700.0,557,17511.019778
1500.0,768,17516.355354
1600.0,917,17522.835267
3000.0,1471,17533.33942
1100.0,823,17539.208776
1300.0,880,17545.418123
800.0,729,17550.653084
1700.0,1184,17559.124902
1100.0,680,17563.892372
1000.0,631,17568.251897
1300.0,1153,17576.391882
1400.0,698,17581.356513
1500.0,771,17586.177851
1600.0,982,17592.276495
1000.0,897,17597.806952
1600.0,965,17603.748139
1800.0,1040,17610.215575
1600.0,623,17614.025671
500.0,315,17615.926355
1000.0,701,17620.949659
1200.0,578,17624.971566
1400.0,615,17629.322117
1400.0,791,17634.974078
1600.0,797,17640.656109
1000.0,513,17644.242424
700.0,631,17648.740919
1000.0,483,17652.073219
1800.0,1207,17660.515211
2200.0,1047,17667.967356
1300.0,838,17673.794685
2200.0,1469,17684.094874
2400.0,1211,17692.405867
2200.0,1004,17698.791987
2400.0,1155,17705.959562
1800.0,1030,17712.356686
2000.0,961,17718.268647
1600.0,884,17723.771544
1500.0,1236,17731.366007
3000.0,1225,17739.006491
1600.0,530,17742.223205
1100.0,689,17746.492916
2600.0,778,17751.229867
1000.0,569,17754.694378
1800.0,908,17760.286388
1100.0,675,17764.427751
1500.0,450,17767.226409
2000.0,1263,17775.066643
1400.0,873,17780.454191
1400.0,782,17785.233118
3200.0,1058,17791.857301
1600.0,682,17796.012931
1200.0,994,17802.164061
3300.0,1325,17810.332932
2400.0,882,17815.766544
1400.0,901,17821.289553
2000.0,1096,17828.041823
1200.0,937,17833.882638
1400.0,660,17837.966955
2000.0,1000,17844.367455
2000.0,860,17850.371516
1200.0,1608,17861.886555
3000.0,1034,17868.604872
3400.0,1015,17874.941041
1800.0,902,17880.588211
1400.0,789,17885.47385
2800.0,1247,17893.258326
1200.0,691,17897.531508
900.0,508,17900.60431
1600.0,938,17906.374562
2400.0,998,17912.535073
1400.0,891,17917.987245
1400.0,815,17923.034612
2600.0,1262,17930.887428
2000.0,993,17937.050223
2200.0,982,17943.10263
1300.0,739,17947.647006
2400.0,1005,17953.907614
1600.0,1196,17961.305096
1800.0,1013,17967.557724
1000.0,673,17971.647214
2400.0,1000,17977.798371
1200.0,720,17982.209891
1600.0,659,17986.275343
1500.0,801,17991.162137
1500.0,665,17995.231282
3200.0,1235,18002.821898
2500.0,1019,18009.197982
1300.0,714,18013.568851
800.0,572,18017.023434
1300.0,680,18021.170477
1800.0,897,18026.673274
1300.0,661,18030.691363
1000.0,778,18035.450161
2000.0,1182,18042.731501
2200.0,913,18048.338839
3000.0,1751,18059.192693
2000.0,993,18065.275091
3200.0,1445,18074.228789
1400.0,727,18078.673851
1600.0,750,18083.301482
2800.0,1396,18091.925201
1400.0,881,18097.373786
1100.0,602,18101.072488
800.0,431,18103.739642
2400.0,1170,18110.94896
1700.0,985,18117.017652
1400.0,583,18120.573213
3200.0,1399,18129.373151
1500.0,652,18133.359088
2800.0,1196,18140.765688
1300.0,676,18144.884514
1300.0,742,18149.434039
1300.0,801,18154.355772
1700.0,656,18158.372215
700.0,717,18162.7735
1400.0,823,18167.829627
1500.0,991,18173.933895
2000.0,901,18179.466281
1400.0,822,18184.502419
900.0,655,18188.511419
2800.0,1177,18195.796726
1100.0,772,18200.572612
2000.0,1275,18208.462957
800.0,760,18213.137195
900.0,790,18218.020618
1100.0,635,18221.930741
2800.0,1019,18228.220433
2200.0,731,18232.772226
2000.0,1190,18240.260955
2600.0,1106,18247.12975
2600.0,719,18251.58201
2400.0,900,18257.112939
2200.0,952,18262.979402
1500.0,763,18267.709589
1800.0,971,18273.719136
1500.0,650,18277.73193
1600.0,700,18282.014065
1400.0,996,18288.125836
2800.0,1042,18294.55442
1500.0,780,18299.348139
2200.0,1272,18307.210428
1600.0,829,18312.29977
900.0,579,18315.812495
2800.0,1207,18323.253274
2200.0,1065,18329.821083
1900.0,826,18334.877086
1400.0,771,18339.615482
1500.0,1151,18346.753968
1200.0,1055,18353.299477
3200.0,1533,18362.805768
900.0,913,18368.483542
1500.0,1079,18375.181076
1400.0,640,18379.093799
1100.0,385,18381.398854
400.0,814,18386.378307
2000.0,803,18391.310542
1200.0,946,18397.188452
2800.0,1011,18403.422546
900.0,521,18406.579817
2200.0,930,18412.289805
1400.0,1250,18419.994363
3200.0,1083,18426.780958
3000.0,1353,18435.167226
2600.0,956,18441.064194
1200.0,853,18446.297337
1100.0,943,18452.075638
1700.0,691,18456.31096
2200.0,1054,18462.812633
900.0,1351,18471.129311
1400.0,540,18474.277895
1200.0,780,18478.844532
1100.0,784,18483.484157
2800.0,1129,18490.274783
2400.0,1138,18497.024859
2000.0,1144,18504.582372
1500.0,975,18510.467006
1500.0,883,18516.013045
3400.0,1529,18525.248205
1500.0,1711,18535.50626
1800.0,975,18541.283926
2600.0,1170,18548.232382
3000.0,1112,18554.809863
1100.0,1153,18561.674288
2600.0,1129,18568.586305
1100.0,1152,18575.437921
4600.0,1493,18584.346399
1300.0,1124,18591.138127
2400.0,1047,18597.448169
2000.0,1552,18606.734327
800.0,547,18609.94781
1000.0,935,18615.501176
1700.0,879,18620.686733
1400.0,735,18625.036994
1200.0,560,18628.307683
4600.0,1721,18638.600889
800.0,878,18643.774379
800.0,681,18647.787136
900.0,693,18651.873242
2800.0,1124,18658.549412
3100.0,1575,18667.989018
3200.0,1228,18675.30719
800.0,561,18678.586733
2600.0,1299,18686.319507
2400.0,1253,18694.14432
2800.0,1092,18700.709785
2600.0,1341,18708.710497
1600.0,1135,18715.431795
1300.0,1198,18722.533897
2400.0,1124,18729.31571
1500.0,871,18734.463246
2900.0,1656,18744.381535
2600.0,1058,18750.750359
2100.0,919,18756.218449
1100.0,719,18760.456213
2800.0,1168,18767.415597
1400.0,1365,18775.581438
1300.0,653,18779.434577
1300.0,1423,18787.895257
2600.0,1588,18797.417974
1400.0,959,18803.087587
2000.0,1246,18810.491239
2400.0,1041,18816.669397
2200.0,1073,18823.038617
1300.0,816,18827.862104
2400.0,1370,18836.149461
1000.0,966,18841.889114
3000.0,1244,18849.35895
2800.0,1322,18857.219264
1100.0,922,18862.655792
1700.0,696,18866.748327
3400.0,1500,18875.71123
1100.0,1231,18883.051565
2600.0,1332,18890.971932
2000.0,1193,18898.074097
3000.0,1533,18907.21914
1800.0,1329,18915.172655
1800.0,1020,18921.278035
1600.0,1333,18929.232649
700.0,1072,18935.607433
700.0,340,18937.574778
1200.0,539,18940.717094
3000.0,1759,18951.312562
2400.0,1236,18958.659445
1500.0,1015,18964.686569
1500.0,929,18970.205879
1300.0,1044,18976.373861
1600.0,1157,18983.247984
1500.0,1074,18989.602895
1800.0,1169,18996.558257
900.0,894,19001.842613
1700.0,1412,19010.244839
1300.0,840,19015.260372
1300.0,1021,19021.434685
1200.0,929,19026.932452
1200.0,553,19030.268782
2000.0,1029,19036.446403
1200.0,1090,19042.980878
1200.0,909,19048.33836
700.0,571,19051.653161
1800.0,1219,19058.895676
1800.0,1174,19065.94056
500.0,698,19070.048016
2200.0,1093,19076.524945
1400.0,1029,19082.622682
1400.0,1026,19088.777797
1500.0,1108,19095.346933
1200.0,818,19100.186564
1300.0,1096,19106.697159
1000.0,743,19111.065524
1600.0,1146,19117.857244
1200.0,831,19122.750971
1200.0,729,19127.030964
1300.0,747,19131.524707
2200.0,1494,19140.46461
1500.0,834,19145.376787
2300.0,988,19151.273244
900.0,990,19157.160743
1900.0,1603,19166.794151
800.0,613,19170.393708
1300.0,911,19175.757916
1200.0,580,19179.147416
700.0,694,19183.185758
1300.0,1255,19190.747797
2000.0,960,19196.581841
1400.0,939,19202.212811
1200.0,937,19207.823319
2200.0,1110,19214.59541
1300.0,883,19219.821224
3600.0,1578,19229.228951
1500.0,867,19234.364767
900.0,1154,19241.2251
1400.0,854,19246.2509
2200.0,1652,19256.085303
1300.0,641,19259.853713
2300.0,1014,19265.879998
1800.0,1110,19272.479042
1500.0,988,19278.317715
1200.0,851,19283.378927
1200.0,1188,19290.426152
1800.0,1005,19296.384609
3200.0,1469,19305.116352
1600.0,1457,19313.761729
1200.0,855,19318.810757
1500.0,783,19323.436274
1800.0,1107,19330.038835
2000.0,1347,19338.051882
1400.0,1062,19344.360561
