#{"t_start": 1539935378.0667176, "env_id": "PongNoFrameskip-v4"}
r,l,t
-21.0,842,4.134653
-20.0,953,6.345218
-21.0,781,8.155425
-20.0,1049,10.595969
-21.0,877,12.633092
-21.0,999,14.948507
-20.0,926,17.103804
-21.0,883,19.147139
-20.0,900,21.276856
-21.0,851,23.359324
-20.0,1067,26.416977
-20.0,874,31.827025
-21.0,843,36.968213
-21.0,791,41.828091
-19.0,1076,48.416442
-19.0,961,54.267829
-21.0,817,59.274531
-19.0,1021,65.538768
-21.0,787,70.363237
-21.0,879,75.777253
-21.0,822,80.841575
-21.0,818,85.900854
-20.0,913,91.516172
-21.0,781,96.307037
-21.0,823,101.345071
-20.0,912,106.939341
-19.0,933,112.648219
-21.0,823,117.686662
-20.0,946,123.482462
-19.0,1116,130.277911
-21.0,821,135.29248
-21.0,896,140.766688
-21.0,907,146.334689
-20.0,1043,152.711484
-19.0,936,158.452029
-21.0,973,164.46283
-20.0,929,170.191622
-21.0,877,175.598765
-20.0,925,181.263013
-18.0,1115,188.109864
-21.0,900,193.617666
-21.0,997,199.771127
-20.0,946,205.589583
-19.0,1060,212.09484
-21.0,758,216.755242
-21.0,791,221.62869
-21.0,777,226.387294
-19.0,974,232.366047
-19.0,1017,238.617797
-21.0,913,244.230364
-20.0,899,249.77697
-21.0,907,255.372648
-20.0,855,260.646807
-21.0,1030,267.059506
-21.0,820,272.080538
-19.0,1010,278.304291
-20.0,834,283.441569
-21.0,789,288.320593
-21.0,791,293.18913
-21.0,777,297.979281
-20.0,842,303.218143
-20.0,955,309.081153
-20.0,1064,315.611219
-21.0,820,320.62807
-21.0,837,325.788786
-19.0,1110,332.642621
-21.0,847,337.861391
-21.0,822,342.956575
-20.0,960,348.842291
-21.0,946,354.65787
-21.0,816,359.699337
-19.0,1061,366.248105
-21.0,1109,373.033953
-20.0,1036,379.384377
-21.0,825,384.410332
-20.0,957,390.258973
-20.0,1034,396.573992
-21.0,761,401.246508
-21.0,851,406.461326
-20.0,857,411.681833
-21.0,940,417.448678
-20.0,925,423.157894
-21.0,912,428.76685
-21.0,883,434.20173
-21.0,781,439.014792
-21.0,889,444.887249
-20.0,899,450.550256
-20.0,925,456.26405
-20.0,835,461.414843
-21.0,884,466.89889
-20.0,1078,473.544145
-21.0,956,479.452817
-21.0,819,484.510453
-20.0,990,490.630652
-21.0,864,496.071319
-20.0,914,501.794536
-20.0,1089,508.643383
-20.0,1142,515.653027
-19.0,1036,522.097394
-17.0,1282,530.006971
-21.0,1019,536.299941
-20.0,1143,543.344253
-20.0,919,549.024076
-20.0,1006,555.211434
-20.0,1015,561.484081
-20.0,896,567.048324
-18.0,1062,573.634963
-20.0,1029,580.002661
-20.0,1098,594.494218
-19.0,1083,601.195349
-18.0,1221,608.671302
-18.0,1154,615.750076
-20.0,987,621.83896
-21.0,1049,628.329904
-18.0,1224,635.931766
-20.0,1154,643.139656
-18.0,1314,654.311677
-19.0,1265,663.695794
-21.0,1113,670.514417
-19.0,1257,678.27656
-21.0,939,684.066739
-20.0,941,689.853005
-20.0,1258,697.581878
-20.0,1064,704.117734
-21.0,1146,711.201046
-18.0,1540,725.533765
-20.0,1258,733.36823
-17.0,1523,742.786939
-19.0,1441,751.722451
-18.0,1222,759.326003
-21.0,1187,766.698386
-19.0,1117,773.59524
-20.0,1324,781.813943
-19.0,1313,790.426187
-20.0,1334,798.713917
-16.0,1452,807.738356
-19.0,1300,815.773438
-19.0,1286,823.776947
-17.0,1494,833.082402
-18.0,1271,840.940503
-17.0,1476,853.75507
-16.0,1667,864.118122
-21.0,1282,872.059815
-17.0,1489,881.340089
-21.0,937,887.141394
-20.0,1149,894.258871
-17.0,1670,904.66373
-21.0,1169,912.224854
-20.0,1416,923.737343
-18.0,1381,932.397772
-17.0,1368,940.870909
-16.0,1469,949.979419
-20.0,1539,959.522988
-20.0,1253,967.328794
-17.0,1690,977.815562
-19.0,1456,988.782655
-19.0,1310,996.924697
-21.0,1218,1004.523807
-18.0,1592,1014.421839
-17.0,1758,1025.348986
-17.0,1639,1035.537653
-12.0,2069,1050.90872
-17.0,1552,1060.510089
-20.0,1297,1068.529985
-16.0,1742,1079.336307
-13.0,1976,1091.591203
-12.0,1903,1103.690707
-18.0,1652,1114.590945
-16.0,1850,1126.177959
-14.0,2037,1139.279247
-18.0,1493,1148.561874
-16.0,1776,1159.556387
-17.0,1470,1168.695815
-13.0,1668,1181.206951
-16.0,1502,1190.515944
-14.0,2053,1203.261108
-9.0,2326,1217.708695
-18.0,1520,1227.191631
-15.0,1935,1239.601997
-15.0,1593,1249.579931
-17.0,1756,1260.518006
-14.0,2231,1274.400584
-17.0,1891,1286.169642
-14.0,1891,1298.578434
-14.0,1852,1310.67853
-15.0,2108,1323.745315
-15.0,1857,1335.252061
-16.0,1748,1346.097436
-19.0,1423,1354.947721
-15.0,2242,1371.556964
-18.0,1790,1382.644764
-12.0,2582,1398.689277
-17.0,2016,1411.236374
-14.0,2038,1423.913607
-14.0,2032,1439.119382
-16.0,1808,1450.331141
-19.0,1642,1460.56874
-17.0,2047,1473.451278
-13.0,2478,1488.917596
-18.0,2007,1504.977692
-15.0,2064,1517.812012
-17.0,1533,1527.318558
-10.0,3149,1546.870923
-15.0,2353,1562.995265
-6.0,2984,1581.502004
-15.0,2258,1595.612471
-12.0,2328,1610.137456
-9.0,2851,1630.596179
-12.0,1932,1642.592852
-13.0,2294,1656.841128
-7.0,2932,1675.250848
-15.0,1826,1689.458281
-16.0,2200,1703.319994
-17.0,2546,1719.192048
-10.0,2813,1736.781593
-18.0,1814,1748.060429
-18.0,2364,1768.670334
-15.0,2428,1783.735156
-10.0,2632,1800.076834
-11.0,3040,1818.956884
-15.0,2437,1836.724668
-12.0,2736,1853.7948
-14.0,2785,1871.117514
-8.0,2715,1889.60605
-12.0,3255,1909.922421
-14.0,2912,1928.052442
-6.0,2959,1946.446203
-5.0,3344,1969.872607
-12.0,2938,1988.169175
-13.0,2553,2004.156662
-14.0,2972,2024.420423
-11.0,3050,2043.417974
-14.0,2913,2061.541817
-9.0,3310,2084.873266
-9.0,3305,2105.398186
-6.0,3099,2124.65162
-3.0,3492,2147.034689
-10.0,3697,2170.000447
-7.0,3605,2192.443216
-7.0,3449,2214.657559
-8.0,2811,2232.112608
-10.0,3149,2251.703546
-4.0,3945,2277.980956
-9.0,3681,2301.056528
-8.0,4103,2326.778621
-10.0,3573,2351.656589
-5.0,3506,2373.451558
-6.0,3799,2397.862843
-4.0,3177,2418.068005
-6.0,3517,2440.001109
-8.0,3324,2464.027003
7.0,3046,2483.70348
1.0,3645,2506.349793
-4.0,3081,2525.466321
8.0,3039,2546.965985
9.0,3299,2567.54952
2.0,3538,2589.630059
2.0,4221,2618.685049
9.0,2977,2637.458041
7.0,3127,2656.910215
1.0,4098,2684.70945
7.0,3444,2706.17308
16.0,2385,2721.098531
9.0,3137,2742.032144
18.0,1930,2753.978737
21.0,1693,2764.49052
18.0,2055,2777.276457
17.0,2129,2791.384676
14.0,2409,2806.438672
17.0,2292,2820.647236
20.0,1771,2831.651191
21.0,1690,2842.18329
19.0,1820,2855.293478
19.0,1881,2867.009562
16.0,2264,2881.086635
19.0,1958,2893.263058
20.0,1750,2904.279049
17.0,2023,2919.925569
18.0,2013,2932.497362
20.0,1707,2943.10898
21.0,1655,2953.413364
18.0,1850,2964.923987
19.0,1906,2976.832161
19.0,1861,2990.778453
18.0,1950,3002.919583
15.0,2246,3016.848574
19.0,2087,3029.914625
13.0,2287,3045.610214
16.0,2280,3059.798943
18.0,1843,3071.260185
20.0,1699,3081.811082
20.0,1695,3092.391446
21.0,1693,3102.892559
19.0,1749,3115.241816
20.0,1817,3126.529894
17.0,2144,3139.910731
20.0,1802,3151.145538
21.0,1693,3161.762187
20.0,1662,3173.91607
19.0,1970,3186.137542
15.0,2343,3200.746875
15.0,2224,3214.606385
17.0,2045,3227.432493
18.0,1844,3240.680249
19.0,1982,3253.017743
13.0,2719,3269.927286
19.0,1918,3281.942568
21.0,1813,3293.210966
20.0,1713,3304.59109
17.0,2069,3317.449376
14.0,2342,3332.015369
20.0,1753,3342.891471
17.0,2159,3356.336944
21.0,1709,3367.882001
16.0,1930,3379.866462
18.0,1994,3392.235445
18.0,1941,3404.312189
16.0,1967,3416.525583
21.0,1729,3427.920502
20.0,1718,3438.594375
18.0,1825,3449.922271
21.0,1636,3460.104135
20.0,1850,3471.59234
20.0,1840,3483.007457
17.0,2099,3496.788843
20.0,1818,3508.329424
18.0,1955,3520.527428
19.0,1732,3531.335656
20.0,1746,3542.214489
19.0,1888,3555.529381
16.0,2059,3568.370764
20.0,1726,3579.095495
16.0,2062,3591.926802
20.0,1786,3603.006285
20.0,1667,3613.391316
18.0,1863,3626.703545
16.0,2166,3640.21574
14.0,2211,3653.980254
15.0,2307,3668.371246
18.0,1998,3682.652094
21.0,1635,3692.801244
20.0,1728,3703.558074
20.0,1776,3714.626576
18.0,1880,3726.315122
21.0,1635,3736.494105
19.0,1882,3750.379963
20.0,1764,3761.419471
20.0,1806,3772.703539
21.0,1779,3783.797063
19.0,2035,3796.435101
18.0,1941,3811.364176
21.0,1687,3821.845456
19.0,1906,3833.660074
20.0,1723,3844.3796
20.0,1724,3855.117052
15.0,2155,3868.562706
21.0,1687,3881.634618
20.0,1691,3892.184418
19.0,1793,3903.320426
11.0,2428,3918.433829
19.0,1835,3929.861562
18.0,2104,3943.877966
20.0,1664,3954.235896
18.0,2069,3967.109554
20.0,1714,3977.766117
20.0,1698,3988.321037
21.0,1754,3999.268254
18.0,1878,4013.119604
20.0,1692,4023.612166
19.0,1759,4034.566188
19.0,1761,4045.515175
20.0,1714,4056.201803
19.0,1825,4068.564649
20.0,1773,4079.58516
21.0,1634,4089.721825
19.0,1888,4101.613156
19.0,1784,4112.691613
21.0,1630,4122.926517
19.0,1813,4134.211898
21.0,1628,4144.33633
21.0,1631,4154.471895
19.0,1823,4165.837
16.0,2038,4178.501445
20.0,1708,4189.115688
20.0,1728,4202.487171
21.0,1630,4212.647376
21.0,1634,4222.814806
20.0,1743,4233.634815
16.0,2057,4246.484367
20.0,1668,4257.748148
20.0,1670,4268.147442
21.0,1710,4278.839565
16.0,2005,4291.33403
20.0,1744,4302.170844
21.0,1681,4312.63285
20.0,1670,4323.023899
20.0,1666,4333.42009
19.0,1810,4344.717859
21.0,1633,4354.914354
19.0,1840,4366.431859
20.0,1667,4376.789246
21.0,1663,4389.934338
21.0,1686,4400.433694
21.0,1631,4410.535382
21.0,1632,4420.691809
19.0,1724,4431.400266
19.0,1793,4442.527434
19.0,1804,4458.322471
21.0,1627,4468.472575
19.0,1791,4479.614252
20.0,1664,4489.966463
19.0,1838,4501.397359
20.0,1696,4514.058835
20.0,1753,4527.152268
21.0,1694,4537.661574
17.0,2053,4550.418965
20.0,1665,4560.763905
21.0,1709,4571.419505
17.0,1899,4584.182065
19.0,1742,4594.998288
21.0,1636,4605.225418
19.0,1812,4616.512374
20.0,1717,4627.204262
17.0,2035,4639.8798
19.0,1859,4651.444082
19.0,1821,4662.775912
16.0,2180,4676.397215
18.0,1856,4687.932106
21.0,1631,4698.120745
20.0,1665,4708.742512
19.0,1868,4720.418967
21.0,1627,4730.570975
20.0,1706,4741.181741
19.0,1793,4752.334496
19.0,1821,4763.648355
19.0,1759,4774.643833
21.0,1629,4784.782506
21.0,1630,4794.939686
20.0,1731,4805.729076
19.0,1818,4817.061708
21.0,1628,4827.223336
13.0,2469,4843.692452
12.0,2260,4857.730452
18.0,1809,4869.028436
19.0,1849,4880.534343
19.0,1779,4891.610502
19.0,1714,4902.29974
20.0,1692,4912.796902
20.0,1750,4923.699767
19.0,1784,4934.823899
20.0,1683,4945.309715
21.0,1708,4955.984717
20.0,1789,4967.188541
20.0,1691,4977.725276
20.0,1698,4988.281394
21.0,1630,4998.458968
21.0,1636,5008.626884
21.0,1696,5019.190518
21.0,1632,5029.349065
20.0,1670,5039.751007
20.0,1683,5050.217663
21.0,1627,5060.34815
19.0,1779,5071.440902
21.0,1633,5081.64287
21.0,1635,5091.803067
21.0,1633,5101.948055
20.0,1746,5112.792117
21.0,1634,5122.945278
19.0,2048,5135.656158
21.0,1750,5147.471323
20.0,1747,5158.313515
21.0,1630,5168.455318
21.0,1636,5178.598267
21.0,1629,5188.769894
21.0,1626,5198.898942
19.0,1860,5212.775835
21.0,1634,5222.921193
21.0,1751,5233.837293
19.0,1813,5245.13641
20.0,1696,5255.705278
21.0,1634,5265.895871
20.0,1692,5276.411033
21.0,1648,5286.667448
20.0,1698,5297.240066
20.0,1662,5307.836764
20.0,1683,5318.438003
20.0,1695,5329.054845
20.0,1746,5339.926047
21.0,1705,5350.54794
21.0,1633,5360.730029
20.0,1750,5371.624816
21.0,1635,5381.814995
21.0,1691,5392.336129
21.0,1651,5403.544693
20.0,1826,5414.90951
20.0,1746,5425.816593
21.0,1632,5435.983668
19.0,1808,5447.446555
21.0,1682,5457.889092
21.0,1686,5468.489733
21.0,1633,5478.645074
20.0,1687,5489.147917
20.0,1694,5499.690109
20.0,1743,5510.540748
21.0,1632,5520.671877
21.0,1636,5530.837648
19.0,1728,5541.58125
20.0,1727,5552.354075
20.0,1960,5564.556894
21.0,1632,5574.739591
20.0,1685,5586.078542
21.0,1650,5596.627798
21.0,1707,5607.258097
21.0,1635,5617.469329
21.0,1632,5627.668999
21.0,1628,5637.897145
21.0,1631,5648.01959
21.0,1633,5659.058713
20.0,1700,5669.621028
19.0,1906,5681.517941
19.0,2221,5695.355859
21.0,1627,5705.501459
21.0,1682,5715.971242
19.0,1842,5727.517354
21.0,1629,5737.633742
21.0,1628,5747.747253
21.0,1630,5757.866447
17.0,1859,5769.385036
21.0,1691,5780.956399
18.0,1890,5792.748186
21.0,1634,5802.954157
21.0,1633,5813.164114
20.0,1658,5823.483295
20.0,1868,5835.104443
21.0,1686,5845.585052
20.0,1721,5856.276603
20.0,1776,5867.330417
20.0,1707,5877.959194
21.0,1627,5888.074723
19.0,1843,5899.694872
16.0,1943,5911.854277
21.0,1634,5922.042222
21.0,1630,5932.214417
21.0,1627,5942.353192
21.0,1649,5952.63555
19.0,1830,5964.856608
21.0,1635,5974.998646
20.0,1815,5986.274808
20.0,1728,5997.030124
21.0,1625,6007.094336
20.0,1722,6017.82817
21.0,1631,6027.98111
21.0,1627,6038.114653
21.0,1625,6048.297874
21.0,1628,6058.426807
20.0,1694,6068.959126
21.0,1632,6079.10851
21.0,1628,6091.014478
21.0,1632,6102.020612
20.0,1719,6112.727425
18.0,1792,6123.875084
21.0,1626,6133.997391
21.0,1633,6144.194757
21.0,1630,6154.335318
20.0,1785,6165.461551
19.0,1862,6177.018824
21.0,1626,6187.106863
20.0,1695,6197.620477
21.0,1654,6207.91757
21.0,1625,6218.077854
15.0,2097,6231.274807
20.0,1754,6242.219537
21.0,1627,6252.348924
21.0,1631,6262.509292
21.0,1626,6272.617013
21.0,1635,6282.824111
16.0,1942,6294.906755
19.0,1838,6306.389073
19.0,1948,6318.535839
21.0,1630,6328.725396
21.0,1630,6338.879913
21.0,1628,6349.0075
20.0,1769,6360.015723
21.0,1630,6370.170472
20.0,1695,6380.720075
21.0,1687,6391.17106
21.0,1631,6401.326021
21.0,1631,6411.491064
20.0,1775,6422.49767
18.0,1959,6434.690556
20.0,1777,6445.725737
21.0,1714,6456.356934
18.0,2160,6469.818217
15.0,2600,6485.972929
21.0,1633,6496.146902
21.0,1630,6506.401234
20.0,1741,6517.211058
21.0,1630,6527.408991
21.0,1634,6537.591272
20.0,1712,6548.234358
20.0,1687,6558.757707
21.0,1627,6568.878665
20.0,1747,6579.805739
18.0,1893,6591.604436
20.0,1833,6603.016388
20.0,1693,6613.532133
21.0,1630,6623.69223
21.0,1633,6633.873727
19.0,1838,6645.384216
21.0,1664,6655.74814
18.0,1939,6667.893931
21.0,1633,6678.129081
21.0,1630,6688.302623
21.0,1635,6698.506311
21.0,1632,6708.643771
21.0,1630,6718.792776
21.0,1626,6728.924602
20.0,1743,6739.804959
21.0,1628,6749.908311
21.0,1632,6760.098068
20.0,1698,6770.691513
21.0,1634,6780.876129
19.0,1763,6791.810526
21.0,1627,6801.917541
21.0,1629,6812.041746
20.0,1711,6822.706087
19.0,1798,6833.941143
20.0,1779,6844.97358
20.0,1721,6855.638781
19.0,1810,6866.866847
20.0,1758,6877.84798
21.0,1636,6888.10296
21.0,1690,6898.644317
21.0,1625,6908.771572
21.0,1636,6918.976544
21.0,1634,6929.171571
21.0,1630,6939.342347
20.0,1759,6950.318682
20.0,1793,6961.499448
21.0,1650,6971.81569
20.0,1786,6982.964393
20.0,1788,6994.093892
18.0,1746,7005.028684
21.0,1636,7015.215564
21.0,1636,7025.423496
20.0,1745,7036.288338
20.0,1685,7046.780812
19.0,1813,7058.04827
19.0,1869,7069.677665
21.0,1634,7079.855635
19.0,1820,7091.195495
20.0,1667,7101.753939
21.0,1625,7111.839128
20.0,1744,7122.774399
21.0,1630,7132.982408
20.0,1832,7144.351071
21.0,1628,7154.453692
20.0,1742,7165.285076
19.0,1788,7176.467366
20.0,1774,7187.518983
21.0,1632,7197.666593
20.0,1745,7208.51283
21.0,1697,7219.058127
21.0,1632,7229.277179
21.0,1631,7239.452808
21.0,1637,7249.665857
21.0,1633,7259.8044
21.0,1635,7269.929121
21.0,1628,7280.08717
21.0,1630,7290.198259
20.0,1685,7300.680498
21.0,1630,7310.779221
21.0,1630,7320.912074
20.0,1747,7331.749314
19.0,1742,7342.591274
21.0,1631,7352.727021
21.0,1630,7362.901984
21.0,1691,7373.426292
21.0,1629,7383.618192
21.0,1651,7393.851893
19.0,1833,7405.266091
19.0,1870,7416.908
21.0,1632,7427.089434
21.0,1660,7437.415724
20.0,1727,7448.143576
20.0,1712,7458.750318
21.0,1630,7468.885238
21.0,1635,7479.040745
21.0,1633,7489.205096
18.0,1794,7500.378616
20.0,1701,7510.950646
21.0,1630,7521.105616
20.0,1708,7531.722001
21.0,1636,7541.8608
21.0,1632,7551.995689
21.0,1632,7562.157377
19.0,1732,7572.930711
20.0,1758,7583.861561
21.0,1628,7594.039505
21.0,1630,7604.249022
21.0,1627,7614.387711
21.0,1630,7624.50993
21.0,1689,7635.009152
17.0,1967,7647.243294
21.0,1627,7657.413173
20.0,1773,7668.437245
21.0,1630,7678.567957
21.0,1629,7688.713443
20.0,1805,7700.021653
20.0,1778,7711.059218
21.0,1635,7721.244617
21.0,1625,7731.363738
20.0,1728,7742.097746
19.0,1776,7753.147293
19.0,1871,7764.778405
9.0,2256,7778.816298
19.0,1887,7790.541191
19.0,1873,7802.197212
21.0,1696,7812.771393
20.0,1686,7823.275964
20.0,1718,7833.963877
21.0,1625,7844.109303
18.0,1889,7855.917974
21.0,1627,7866.02163
20.0,1806,7877.20988
21.0,1697,7887.794222
20.0,1659,7898.095783
18.0,1955,7910.223213
20.0,1685,7920.692907
20.0,1690,7931.204508
21.0,1630,7941.321732
20.0,1683,7951.771558
21.0,1632,7961.953519
21.0,1626,7972.081782
19.0,1778,7983.127815
17.0,1898,7994.946681
21.0,1626,8005.157248
21.0,1632,8015.373907
21.0,1625,8025.483085
21.0,1630,8035.671924
21.0,1632,8045.852919
20.0,1786,8056.945901
21.0,1630,8067.115022
20.0,1688,8077.580649
19.0,1881,8089.34584
21.0,1692,8099.856639
17.0,1975,8112.842032
19.0,1874,8124.608809
19.0,1863,8136.219866
20.0,1744,8147.062678
21.0,1655,8157.405402
18.0,1860,8168.963508
15.0,2128,8182.286773
21.0,1631,8192.405959
21.0,1632,8202.624526
21.0,1635,8212.884041
20.0,1667,8223.246895
20.0,1706,8233.85918
18.0,1942,8245.951483
21.0,1632,8256.104901
20.0,1697,8266.666182
21.0,1632,8276.835189
20.0,1699,8287.428996
20.0,1694,8297.963707
21.0,1692,8308.692475
21.0,1635,8318.863743
20.0,1716,8329.556972
21.0,1630,8339.69082
21.0,1634,8349.844707
21.0,1628,8359.963376
18.0,2031,8372.649267
19.0,1835,8384.065667
20.0,1700,8394.654466
21.0,1634,8404.809836
21.0,1630,8414.951706
21.0,1634,8425.127433
17.0,1887,8436.853842
21.0,1629,8447.019976
20.0,1730,8457.765939
21.0,1632,8467.937328
21.0,1636,8478.107106
21.0,1625,8488.243173
21.0,1683,8498.679554
21.0,1630,8508.873717
18.0,1834,8520.262779
21.0,1630,8530.382583
21.0,1626,8540.565541
21.0,1633,8550.70757
20.0,1723,8561.407989
21.0,1697,8571.979887
20.0,1725,8582.707713
20.0,1778,8593.764098
20.0,1809,8605.163425
21.0,1630,8615.286281
21.0,1634,8625.427582
21.0,1629,8635.560808
21.0,1778,8646.556572
20.0,1685,8657.046519
21.0,1628,8667.167217
19.0,1835,8678.595012
21.0,1629,8688.766504
20.0,1769,8699.765053
19.0,1794,8710.915794
20.0,1687,8721.382358
21.0,1628,8731.491487
21.0,1632,8741.604512
20.0,1803,8752.748786
21.0,1659,8763.057777
20.0,1821,8774.372612
21.0,1627,8784.447376
21.0,1635,8794.586585
21.0,1629,8804.766697
20.0,1788,8815.893551
21.0,1636,8826.08233
20.0,1686,8836.56731
21.0,1627,8846.685234
19.0,1809,8857.924302
20.0,1807,8869.156198
20.0,1721,8879.915638
19.0,1842,8891.420073
21.0,1635,8901.609677
21.0,1634,8911.778399
21.0,1631,8921.978539
21.0,1631,8932.126287
18.0,1805,8943.37109
21.0,1636,8953.526572
20.0,1718,8964.198756
21.0,1625,8974.261314
21.0,1635,8984.434262
21.0,1633,8994.582849
21.0,1635,9004.734189
21.0,1634,9014.884986
21.0,1625,9024.981549
19.0,1780,9036.048551
17.0,1932,9048.070391
20.0,1679,9058.515676
19.0,1759,9069.455803
21.0,1629,9079.575547
20.0,1713,9090.243878
21.0,1631,9100.360443
20.0,1744,9111.162345
20.0,1698,9121.715522
21.0,1636,9131.856887
21.0,1636,9142.02272
21.0,1697,9152.553802
21.0,1625,9162.655437
21.0,1629,9172.745782
18.0,1903,9184.481034
18.0,1822,9195.749949
17.0,2080,9208.730344
20.0,1710,9219.324232
21.0,1627,9229.506389
21.0,1632,9239.620717
20.0,1712,9250.206449
20.0,1714,9260.758714
20.0,1721,9271.378744
21.0,1626,9281.431745
20.0,1721,9292.066359
21.0,1633,9302.118843
20.0,1747,9312.896631
21.0,1627,9322.992549
18.0,1908,9334.835208
20.0,1738,9345.632471
21.0,1632,9355.692046
21.0,1630,9365.764583
21.0,1627,9375.823901
21.0,1627,9385.911724
21.0,1691,9396.418935
18.0,1908,9408.399364
18.0,1836,9419.763183
21.0,1753,9430.584941
21.0,1628,9440.635257
20.0,1741,9451.459146
21.0,1632,9461.563372
21.0,1634,9471.646633
21.0,1630,9481.709125
20.0,1689,9492.195066
21.0,1632,9502.569091
21.0,1633,9512.668815
21.0,1629,9522.79371
18.0,1833,9534.172842
20.0,1707,9544.733193
21.0,1636,9554.873931
20.0,1686,9565.30602
20.0,1743,9576.084071
21.0,1627,9586.178493
21.0,1627,9596.263793
21.0,1628,9606.344938
20.0,1809,9617.591413
19.0,1894,9629.317075
18.0,1830,9640.672359
19.0,1831,9652.074885
21.0,1625,9662.120549
18.0,1944,9674.156136
21.0,1636,9684.275336
20.0,1768,9695.212834
21.0,1634,9705.335372
19.0,1805,9716.520832
21.0,1633,9726.65757
21.0,1630,9736.757064
21.0,1628,9746.843477
21.0,1636,9756.945271
21.0,1630,9767.083621
21.0,1630,9777.195417
21.0,1636,9787.32794
20.0,1700,9797.844466
20.0,1717,9808.529477
20.0,1690,9818.995729
19.0,1745,9829.822091
21.0,1632,9839.933826
21.0,1635,9850.020062
21.0,1636,9860.145097
20.0,1685,9870.607649
21.0,1630,9880.727535
21.0,1697,9891.296571
20.0,1743,9902.073128
21.0,1625,9912.155203
21.0,1636,9922.299598
21.0,1687,9932.779481
19.0,1733,9943.554176
21.0,1625,9953.657283
21.0,1696,9964.185509
21.0,1717,9974.811699
21.0,1636,9984.934563
19.0,1739,9995.736917
17.0,1910,10007.621818
21.0,1628,10017.703909
20.0,1688,10028.171678
21.0,1630,10038.279004
20.0,1686,10048.718924
21.0,1635,10058.844465
20.0,1691,10069.324409
20.0,1804,10080.482244
21.0,1630,10090.546012
21.0,1630,10100.713466
21.0,1628,10110.786927
20.0,1700,10121.367521
21.0,1625,10131.556207
21.0,1630,10141.655524
21.0,1631,10151.772296
20.0,1694,10162.247898
21.0,1629,10172.31076
21.0,1631,10182.431283
21.0,1635,10192.533568
21.0,1631,10202.630758
21.0,1632,10212.744127
20.0,1815,10223.978485
18.0,1849,10235.433589
20.0,1712,10246.102836
18.0,2000,10258.530506
20.0,1746,10269.332634
18.0,1855,10280.821734
21.0,1627,10290.928931
20.0,1681,10301.346079
21.0,1753,10312.217162
21.0,1632,10322.311217
21.0,1631,10332.417016
21.0,1697,10342.916347
21.0,1625,10352.981485
21.0,1628,10363.120322
20.0,1746,10373.91362
19.0,1898,10385.662715
20.0,1694,10396.150047
21.0,1693,10406.698324
21.0,1627,10416.827759
21.0,1655,10427.05932
21.0,1626,10437.106055
20.0,1776,10448.116232
21.0,1696,10458.607484
21.0,1636,10468.74066
21.0,1632,10478.82838
21.0,1627,10488.941815
21.0,1630,10499.047617
19.0,1833,10510.375895
19.0,1837,10521.811265
21.0,1630,10531.906445
20.0,1685,10542.34586
21.0,1631,10552.44561
20.0,1748,10563.221868
20.0,1717,10573.859361
21.0,1695,10584.375934
21.0,1636,10594.529638
20.0,1679,10605.001352
20.0,1718,10615.634821
21.0,1693,10626.108522
20.0,1739,10636.842897
21.0,1633,10646.967657
19.0,1753,10657.840127
19.0,1866,10669.392451
21.0,1631,10679.474173
20.0,1683,10689.893823
21.0,1716,10700.648646
20.0,1724,10711.347606
21.0,1629,10721.479862
21.0,1632,10731.591133
21.0,1636,10741.722137
20.0,1724,10752.382691
20.0,1695,10762.847019
20.0,1740,10773.603775
20.0,1748,10784.484845
21.0,1633,10794.620014
20.0,1694,10805.101484
20.0,1716,10815.747558
20.0,1658,10825.989791
21.0,1632,10836.088496
21.0,1755,10846.994317
21.0,1628,10857.040437
19.0,1834,10868.389844
21.0,1691,10878.86056
20.0,1753,10889.716162
21.0,1632,10899.830281
20.0,1765,10910.73683
21.0,1632,10920.801883
21.0,1627,10930.917664
20.0,1690,10941.337382
20.0,1720,10951.984057
21.0,1632,10962.100682
20.0,1720,10972.776477
21.0,1635,10982.886991
21.0,1625,10992.927746
20.0,1746,11003.754817
21.0,1635,11013.861424
20.0,1827,11025.153034
21.0,1627,11035.216634
21.0,1712,11045.777448
21.0,1633,11055.88572
21.0,1627,11065.965708
20.0,1786,11077.005346
20.0,1773,11087.979465
20.0,1683,11098.346873
20.0,1778,11109.319439
19.0,1933,11121.279092
19.0,1810,11132.473577
20.0,1684,11142.890908
20.0,1777,11153.884248
20.0,1743,11164.671484
21.0,1631,11174.776358
19.0,1783,11185.834416
21.0,1631,11195.912202
21.0,1635,11206.118316
21.0,1630,11216.201769
20.0,1711,11226.776008
20.0,1691,11237.221584
20.0,1790,11248.27734
21.0,1632,11258.376626
21.0,1629,11268.47912
21.0,1630,11278.55301
20.0,1724,11289.177588
21.0,1630,11299.392586
21.0,1631,11309.513871
18.0,1919,11321.424797
21.0,1628,11331.54858
21.0,1630,11341.620624
21.0,1629,11351.688235
18.0,2024,11364.187738
21.0,1625,11374.215355
19.0,1726,11384.902075
21.0,1634,11394.994107
21.0,1632,11405.088158
21.0,1635,11415.213802
21.0,1630,11425.306037
21.0,1630,11435.402063
17.0,2086,11448.425358
18.0,1963,11460.586617
19.0,1872,11472.218598
21.0,1626,11482.298705
21.0,1625,11492.369543
21.0,1631,11502.498978
20.0,1807,11513.762722
21.0,1635,11523.877193
21.0,1627,11533.969786
21.0,1631,11544.070426
20.0,1727,11554.753744
15.0,1865,11566.360576
19.0,1715,11577.016919
20.0,1751,11587.869948
20.0,1696,11598.407853
21.0,1693,11608.884871
21.0,1627,11618.967986
18.0,1841,11630.381668
20.0,1771,11641.354428
21.0,1632,11651.526724
20.0,1811,11662.751151
21.0,1632,11672.852779
21.0,1630,11683.012691
20.0,1749,11693.838005
21.0,1705,11704.451414
21.0,1630,11715.014473
20.0,1682,11725.565483
20.0,1790,11736.648662
21.0,1634,11746.760767
19.0,1741,11757.54363
21.0,1631,11767.644683
21.0,1633,11777.729054
21.0,1632,11787.854276
19.0,1815,11799.118021
19.0,1747,11809.967965
21.0,1632,11820.052177
20.0,1830,11831.338511
20.0,1773,11842.294912
21.0,1629,11852.360278
21.0,1691,11862.856205
21.0,1632,11872.890544
21.0,1696,11883.382104
20.0,1809,11894.577801
20.0,1686,11905.302899
17.0,1925,11917.243345
21.0,1631,11927.443837
20.0,1692,11937.933063
20.0,1821,11949.202906
19.0,1752,11960.071217
21.0,1630,11970.16173
20.0,1669,11980.492352
19.0,1762,11991.39308
20.0,1693,12001.879168
21.0,1657,12012.111681
21.0,1633,12022.22609
21.0,1625,12032.290842
21.0,1630,12042.428321
20.0,1711,12053.006477
21.0,1629,12063.117375
19.0,1808,12074.32062
21.0,1644,12084.604766
20.0,1689,12095.101314
21.0,1635,12105.209224
20.0,1750,12116.081794
21.0,1634,12126.181218
20.0,1728,12136.857246
21.0,1697,12147.335397
19.0,1837,12158.674114
21.0,1628,12168.743312
21.0,1632,12178.905492
21.0,1630,12189.030766
21.0,1695,12199.6331
20.0,1741,12210.592145
20.0,1725,12221.307388
20.0,1726,12232.124171
20.0,1749,12242.948038
21.0,1626,12253.010136
21.0,1632,12263.06235
18.0,1924,12274.93335
21.0,1646,12285.174755
21.0,1643,12295.346748
20.0,1745,12306.157361
21.0,1631,12316.229777
21.0,1634,12326.338389
20.0,1729,12337.085435
21.0,1630,12347.163622
21.0,1628,12357.245279
20.0,1685,12367.676018
20.0,1715,12378.264313
21.0,1632,12388.356419
21.0,1629,12398.425614
19.0,1699,12408.924572
21.0,1632,12419.055
20.0,1775,12430.036685
21.0,1631,12440.117508
21.0,1630,12450.216472
21.0,1748,12461.000242
21.0,1634,12471.121615
20.0,1684,12481.515036
21.0,1630,12491.617068
20.0,1788,12502.713598
19.0,1803,12513.94332
21.0,1632,12524.099416
20.0,1756,12534.920953
21.0,1630,12544.970272
21.0,1635,12555.074489
18.0,2011,12567.551796
18.0,2070,12580.373166
20.0,1683,12590.813453
20.0,1821,12602.088638
21.0,1693,12612.596254
21.0,1634,12622.720752
21.0,1630,12632.803565
20.0,1750,12643.657363
18.0,2007,12656.092684
21.0,1629,12666.173912
21.0,1658,12676.447405
21.0,1626,12686.503803
21.0,1630,12696.593226
20.0,1818,12707.890104
19.0,1877,12719.520612
19.0,1862,12731.0482
21.0,1770,12742.01079
21.0,1628,12752.107298
21.0,1636,12762.256475
21.0,1649,12772.493822
21.0,1633,12782.596595
21.0,1634,12792.729054
21.0,1632,12802.987336
20.0,1658,12813.259437
20.0,1708,12823.911887
21.0,1635,12834.028024
20.0,1756,12844.870736
20.0,1688,12855.356358
20.0,1666,12865.693429
19.0,1804,12876.845654
21.0,1629,12887.004949
20.0,1818,12898.32439
20.0,1707,12908.889085
21.0,1634,12918.983421
21.0,1755,12929.85282
21.0,1631,12939.947398
19.0,1785,12950.992174
20.0,1806,12962.151734
21.0,1713,12972.720791
21.0,1631,12982.795452
21.0,1634,12992.899508
19.0,1831,13004.262283
21.0,1632,13014.424183
21.0,1626,13024.499362
21.0,1628,13034.549316
21.0,1630,13044.606168
21.0,1636,13054.712152
20.0,1724,13065.397131
21.0,1634,13075.516282
20.0,1741,13086.28749
21.0,1632,13096.366846
20.0,1715,13107.159338
20.0,1724,13117.795599
20.0,1692,13128.253533
20.0,1807,13139.441956
21.0,1696,13149.983206
21.0,1627,13160.031511
21.0,1627,13170.136959
21.0,1630,13180.251179
21.0,1625,13190.308315
20.0,1711,13200.926382
20.0,1685,13211.3606
21.0,1631,13221.484151
21.0,1635,13231.608874
21.0,1685,13242.083425
19.0,1878,13253.720074
20.0,1656,13263.957068
21.0,1630,13274.041535
21.0,1628,13284.11048
21.0,1703,13294.644035
21.0,1629,13304.724343
21.0,1700,13315.256593
21.0,1633,13325.377405
18.0,1887,13337.04313
20.0,1831,13348.368751
20.0,1738,13359.120843
21.0,1629,13369.236649
21.0,1630,13379.332675
21.0,1635,13389.476115
19.0,1760,13400.379401
21.0,1636,13410.470624
21.0,1689,13420.914539
21.0,1628,13430.982584
21.0,1631,13441.085925
21.0,1653,13451.304024
20.0,1740,13462.091773
18.0,1971,13474.292894
20.0,1680,13484.763274
21.0,1633,13494.859385
18.0,1783,13505.859982
20.0,1773,13516.810218
21.0,1691,13527.304715
19.0,1860,13538.779361
18.0,1929,13550.684743
18.0,1849,13562.139054
-1.0,2614,13578.293641
19.0,1797,13589.4004
21.0,1630,13599.514265
21.0,1631,13609.674411
21.0,1630,13619.763294
20.0,1722,13630.441078
21.0,1720,13641.068009
19.0,1799,13652.237799
21.0,1632,13662.298871
20.0,1822,13673.582792
20.0,1723,13684.295742
20.0,1680,13694.726015
21.0,1690,13705.302628
21.0,1646,13715.454978
21.0,1630,13725.568261
21.0,1632,13735.663566
19.0,1821,13746.916858
17.0,1877,13758.517063
20.0,1698,13769.015788
20.0,1782,13780.084167
20.0,1760,13790.956982
21.0,1630,13801.077113
21.0,1629,13811.195457
20.0,1697,13821.729814
20.0,1712,13832.345357
19.0,1822,13843.677916
19.0,1825,13854.975843
18.0,1815,13866.256614
20.0,1846,13877.679433
19.0,1793,13888.746961
21.0,1628,13898.870217
20.0,1666,13909.23992
20.0,1907,13921.04666
21.0,1625,13931.097742
21.0,1696,13941.597014
21.0,1626,13951.677991
20.0,1684,13962.092779
21.0,1750,13972.977374
20.0,1749,13983.801194
21.0,1645,13993.976396
21.0,1630,14004.559171
19.0,1879,14016.42336
21.0,1635,14026.567878
21.0,1629,14036.879184
21.0,1632,14047.002103
21.0,1630,14057.127474
20.0,1665,14067.453461
20.0,1826,14078.726635
20.0,1737,14089.534616
20.0,1727,14100.261092
20.0,1744,14111.061429
20.0,1866,14122.659952
21.0,1636,14132.798898
21.0,1633,14142.902219
21.0,1629,14152.982238
21.0,1691,14163.452307
20.0,1784,14174.489772
21.0,1636,14184.599492
20.0,1901,14196.366004
21.0,1631,14206.534954
21.0,1636,14216.64833
19.0,1944,14228.683639
20.0,1788,14239.75755
20.0,1693,14250.265174
21.0,1632,14260.343031
21.0,1630,14270.463829
21.0,1630,14280.546905
21.0,1630,14290.617001
21.0,1632,14300.767883
19.0,1859,14312.234432
21.0,1634,14322.387195
21.0,1625,14332.465527
20.0,1726,14343.172906
21.0,1634,14353.246815
21.0,1628,14363.270458
19.0,1981,14375.541394
21.0,1630,14385.626976
21.0,1626,14395.678803
21.0,1631,14405.734115
20.0,1760,14416.621687
21.0,1626,14426.746551
20.0,1852,14438.232309
21.0,1691,14448.802651
21.0,1628,14458.895731
20.0,1729,14469.633961
19.0,1841,14481.033651
21.0,1628,14491.127116
20.0,1730,14501.821819
20.0,1731,14512.59386
20.0,1690,14523.140075
21.0,1627,14533.195018
21.0,1634,14543.301414
20.0,1728,14553.977841
21.0,1625,14564.096531
20.0,1800,14575.250735
21.0,1644,14585.46356
20.0,1698,14595.972511
21.0,1636,14606.19504
14.0,2026,14618.75651
21.0,1630,14628.85191
21.0,1627,14638.934928
21.0,1644,14649.168907
19.0,1720,14659.768091
21.0,1634,14669.895787
21.0,1629,14680.001564
21.0,1632,14690.164745
21.0,1636,14700.257655
20.0,1725,14710.979451
21.0,1627,14721.053334
20.0,1660,14731.353947
21.0,1629,14741.414563
21.0,1632,14751.528775
21.0,1630,14761.567442
21.0,1629,14771.649046
19.0,1764,14782.514452
21.0,1630,14792.602827
21.0,1626,14802.716856
20.0,1848,14814.17038
21.0,1628,14824.216303
21.0,1633,14834.315099
19.0,1816,14845.520594
21.0,1632,14855.607561
21.0,1630,14865.68289
20.0,1666,14875.992559
17.0,2102,14888.982072
21.0,1632,14899.032505
21.0,1695,14909.507548
20.0,1745,14920.270667
20.0,1737,14931.056698
19.0,1824,14942.395511
21.0,1630,14952.510286
20.0,1733,14963.233423
21.0,1635,14973.371958
20.0,1770,14984.331742
19.0,1869,14995.873623
21.0,1629,15005.898488
21.0,1696,15016.390642
21.0,1644,15026.570884
21.0,1633,15036.62814
20.0,1785,15047.688189
20.0,1801,15058.801625
20.0,1768,15069.714121
21.0,1631,15079.770701
21.0,1630,15089.856719
20.0,1763,15100.763516
21.0,1629,15110.820052
20.0,1782,15121.84261
21.0,1631,15131.913639
21.0,1634,15142.000054
20.0,1792,15153.082263
21.0,1636,15163.219774
21.0,1625,15173.270452
21.0,1629,15183.347647
20.0,1786,15194.380867
21.0,1689,15205.070682
21.0,1633,15215.134378
18.0,1925,15227.04308
21.0,1633,15237.184576
20.0,1757,15248.067061
19.0,1770,15259.017861
21.0,1647,15269.227228
20.0,1909,15281.037109
21.0,1661,15291.340821
19.0,1737,15302.10905
18.0,2107,15317.054315
21.0,1628,15327.293721
21.0,1645,15337.490279
21.0,1630,15347.641618
21.0,1628,15357.698604
18.0,2090,15370.634052
20.0,1754,15381.507039
19.0,1915,15393.320401
18.0,2201,15406.963053
21.0,1626,15417.00804
20.0,1944,15429.087131
21.0,1632,15439.179127
21.0,1695,15449.651873
20.0,1689,15460.124633
21.0,1632,15470.253939
21.0,1626,15480.314449
21.0,1626,15490.389774
18.0,2140,15503.665884
19.0,1747,15514.477414
19.0,1784,15525.569066
21.0,1645,15535.752353
20.0,1766,15546.673274
18.0,1870,15558.218454
20.0,1719,15569.08677
21.0,1635,15579.306225
20.0,1692,15589.79517
19.0,1923,15601.735805
21.0,1630,15611.832767
21.0,1630,15621.915095
21.0,1626,15631.994662
20.0,1696,15642.517737
20.0,1722,15653.203606
19.0,1763,15664.141324
20.0,1657,15674.409807
21.0,1629,15684.509396
21.0,1626,15694.596202
21.0,1632,15704.705012
20.0,1933,15716.67974
20.0,1743,15727.533339
20.0,1743,15738.35915
19.0,1842,15749.752856
21.0,1625,15759.820291
21.0,1632,15769.930816
21.0,1630,15780.092351
20.0,1808,15791.291671
21.0,1632,15801.491339
21.0,1630,15811.574097
20.0,1858,15823.144103
20.0,1764,15834.078873
20.0,1748,15844.894737
21.0,1633,15854.994188
21.0,1630,15865.063171
21.0,1633,15875.258826
19.0,1881,15887.022375
21.0,1631,15897.10343
20.0,1692,15907.59296
21.0,1635,15917.698004
20.0,1801,15928.867767
19.0,1955,15940.974629
19.0,1870,15952.550728
19.0,1902,15964.305353
21.0,1632,15974.423589
21.0,1701,15984.959209
21.0,1829,15996.293191
21.0,1754,16007.207548
17.0,1930,16019.119394
20.0,1745,16029.95929
21.0,1632,16040.062144
17.0,2079,16052.916487
21.0,1630,16063.00917
21.0,1629,16073.118037
21.0,1636,16083.244624
21.0,1633,16093.352318
21.0,1628,16103.570872
20.0,1865,16115.134823
21.0,1692,16126.983363
20.0,1735,16138.576371
21.0,1629,16148.714355
21.0,1635,16158.961997
21.0,1627,16169.01699
20.0,1889,16180.744364
21.0,1625,16190.834577
20.0,1756,16201.878606
21.0,1631,16212.159003
20.0,1658,16222.411076
21.0,1632,16232.5317
20.0,1665,16242.872771
20.0,1699,16253.76597
21.0,1627,16265.213197
21.0,1628,16275.949274
20.0,1739,16288.187806
21.0,1635,16298.750814
21.0,1635,16310.029512
21.0,1632,16320.950465
20.0,1727,16331.551964
21.0,1691,16341.893089
21.0,1630,16352.603173
19.0,1769,16364.955801
21.0,1685,16376.394324
20.0,1686,16387.713971
21.0,1628,16398.720846
21.0,1629,16410.729712
18.0,2028,16425.794276
20.0,1751,16438.39602
21.0,1696,16450.323373
21.0,1627,16461.680121
19.0,1819,16474.168234
21.0,1646,16485.518117
16.0,1916,16498.812815
21.0,1687,16510.672939
21.0,1692,16522.684992
21.0,1629,16534.023635
20.0,1720,16545.777485
21.0,1690,16557.581674
21.0,1656,16569.112452
20.0,1720,16580.974877
21.0,1628,16592.382746
20.0,1724,16604.749615
21.0,1628,16616.218508
20.0,1783,16628.47909
21.0,1697,16640.159889
20.0,1834,16652.794343
18.0,1948,16666.62423
20.0,1702,16679.03154
21.0,1691,16690.756215
20.0,1787,16703.170189
20.0,1844,16715.997729
21.0,1627,16727.580279
21.0,1704,16739.596778
21.0,1648,16750.930599
19.0,1835,16763.5976
20.0,1682,16774.689248
21.0,1629,16784.687275
21.0,1633,16794.66751
21.0,1626,16805.826916
19.0,1807,16818.815203
21.0,1758,16830.593377
21.0,1688,16841.113545
21.0,1696,16851.91407
18.0,2053,16865.479659
21.0,1628,16878.010864
19.0,1954,16893.091408
21.0,1628,16905.587093
21.0,1636,16918.49572
20.0,1771,16932.399271
21.0,1627,16945.128758
20.0,1806,16959.086364
20.0,1777,16972.971859
21.0,1749,16986.778267
21.0,1692,16999.980635
20.0,1685,17013.162991
21.0,1651,17025.996743
21.0,1634,17038.544695
21.0,1691,17051.522316
21.0,1693,17064.702709
18.0,2006,17080.462812
21.0,1632,17093.150009
21.0,1690,17106.220484
20.0,1814,17120.187024
20.0,1677,17133.24579
20.0,1784,17147.097452
21.0,1631,17159.80383
20.0,1705,17173.17306
21.0,1630,17185.79401
18.0,1818,17199.756045
20.0,1716,17213.026529
20.0,1768,17226.794639
18.0,2100,17242.964836
20.0,1789,17256.788138
20.0,1761,17270.43805
18.0,2195,17287.576955
21.0,1634,17300.306883
21.0,1630,17312.748362
21.0,1703,17325.897641
21.0,1885,17340.870731
20.0,1764,17354.66111
21.0,1632,17367.299625
21.0,1742,17381.131335
18.0,2327,17398.22059
20.0,1720,17408.765536
21.0,1693,17420.651505
21.0,1749,17434.079771
20.0,1744,17447.502383
20.0,1700,17460.317571
21.0,1632,17472.734536
21.0,1633,17485.165418
21.0,1633,17497.588034
19.0,1862,17511.762788
20.0,1742,17525.215622
21.0,1696,17538.410549
20.0,1757,17551.316799
21.0,1685,17562.689471
21.0,1630,17573.408598
21.0,1632,17583.409551
20.0,1684,17593.750255
21.0,1632,17604.536004
18.0,1979,17616.745157
21.0,1626,17627.64003
19.0,1743,17638.832542
21.0,1631,17649.00648
21.0,1692,17659.671761
18.0,2101,17673.47099
18.0,2171,17687.890314
21.0,1631,17698.767125
18.0,1883,17712.434552
21.0,1691,17726.728485
21.0,1630,17738.69959
19.0,1898,17752.362444
20.0,1838,17766.278649
21.0,1685,17778.848066
21.0,1632,17790.919922
21.0,1625,17802.481406
18.0,1891,17815.785506
20.0,1805,17828.587739
19.0,1944,17844.581279
20.0,1727,17857.012738
19.0,1844,17871.584486
21.0,1649,17883.473262
21.0,1692,17895.585684
21.0,1695,17908.026005
21.0,1629,17919.152743
21.0,1636,17930.31655
21.0,1695,17942.036473
19.0,2023,17955.869169
20.0,2026,17969.845361
21.0,1632,17981.072327
18.0,2076,17995.160595
21.0,1690,18005.538941
21.0,1812,18016.922089
20.0,1683,18028.795535
21.0,1691,18040.982676
19.0,1798,18053.946169
20.0,1826,18067.15695
20.0,1811,18080.253325
17.0,1982,18093.938781
21.0,1633,18106.828439
21.0,1710,18119.369069
21.0,1628,18130.913501
20.0,1701,18142.588345
21.0,1631,18153.713851
20.0,1756,18165.397564
21.0,1750,18176.194829
21.0,1690,18186.607166
20.0,1811,18197.801773
20.0,1791,18208.847126
20.0,1878,18220.457259
20.0,1984,18232.596108
20.0,1827,18243.755097
21.0,1808,18254.839864
20.0,1767,18265.638094
21.0,1689,18276.088936
20.0,1685,18286.468377
21.0,1811,18297.686236
16.0,2155,18310.856683
20.0,1684,18321.108502
20.0,1694,18331.506699
21.0,1628,18341.569338
21.0,1629,18351.793408
21.0,1627,18362.749353
21.0,1627,18372.91256
21.0,1686,18383.278755
21.0,1628,18393.954491
20.0,1660,18405.12055
21.0,1689,18417.51219
21.0,1636,18428.886345
20.0,1777,18441.664611
21.0,1630,18452.556669
20.0,1787,18464.643383
20.0,1682,18476.919224
21.0,1632,18488.526636
21.0,1661,18499.846985
20.0,1700,18512.348877
21.0,1692,18524.741166
21.0,1632,18535.659507
21.0,1630,18546.159039
20.0,1714,18557.255659
21.0,1633,18567.814563
21.0,1696,18578.724861
21.0,1686,18589.619295
19.0,1714,18600.577966
21.0,1660,18611.215858
20.0,1847,18623.05909
19.0,1759,18634.338336
20.0,1694,18645.299151
19.0,1886,18657.468377
19.0,1812,18669.098493
21.0,1633,18679.59469
21.0,1625,18690.050132
21.0,1630,18700.463864
20.0,1669,18711.200091
20.0,1755,18722.419236
21.0,1695,18733.302337
21.0,1626,18743.783226
20.0,1792,18755.282909
21.0,1631,18765.800717
21.0,1625,18776.217676
21.0,1631,18786.616822
20.0,1692,18797.462714
20.0,1713,18808.487098
20.0,1770,18819.83283
19.0,1713,18830.980683
21.0,1630,18841.523036
19.0,1757,18852.89893
21.0,1632,18863.404691
20.0,1786,18874.872004
21.0,1665,18885.612714
20.0,1685,18896.451682
20.0,1682,18907.629682
19.0,1940,18921.14038
21.0,1691,18932.054472
20.0,1743,18943.256375
20.0,1683,18954.104204
21.0,1626,18964.680892
20.0,1730,18975.889857
21.0,1644,18986.573406
19.0,1745,18997.9301
21.0,1630,19008.586923
20.0,1754,19020.040022
21.0,1626,19030.591074
21.0,1629,19041.161054
21.0,1644,19051.836745
21.0,1629,19062.392617
